# This file uses centimeters as units for non-parametric coordinates.

mtllib jacob_v11_obj.mtl
g default
v 7.060901 16.727345 7.411793
v 7.044951 15.478982 7.047688
v 7.302225 15.471365 6.853869
v 7.473438 16.719160 7.124719
v 8.157486 16.483562 7.557752
v 7.740697 15.323759 7.138028
v 7.475883 15.289053 7.318162
v 7.736204 16.442781 7.828906
v 7.621789 15.448592 6.820115
v 7.969271 16.681534 7.053359
v 7.163925 15.354081 7.365775
v 7.249137 16.529354 7.916243
v 8.670025 22.678896 9.383060
v 8.721926 22.624409 9.521828
v 7.692897 15.242535 7.001986
v 7.644529 15.293315 6.872664
v 7.351165 15.005687 7.038754
v 7.301666 15.057654 6.906414
v 7.050376 15.324100 7.106983
v 7.098743 15.273321 7.236303
v 6.982086 16.657038 7.636256
v 7.042280 16.596460 7.797600
v 7.069805 15.387263 7.291088
v 7.021887 15.437568 7.162974
v 8.221886 16.532867 7.297838
v 8.180817 16.576061 7.187781
v 7.711730 15.392762 6.887289
v 7.759689 15.342415 7.015512
v 8.489578 22.674002 9.497760
v 8.513081 22.649326 9.560597
v 8.574106 22.633841 9.574470
v 8.525875 22.684481 9.445521
v 8.104858 21.178326 9.011455
v 8.153170 21.127607 9.140618
v 8.866106 22.618822 9.459356
v 8.902416 22.629299 9.407111
v 8.878910 22.653976 9.344275
v 8.817875 22.669458 9.330406
v 8.742529 21.094446 8.907155
v 8.694221 21.145163 8.777999
v 8.112032 21.208681 8.921939
v 8.631178 21.182150 8.717359
v 8.217424 21.098036 9.203717
v 8.736563 21.071512 8.999119
v 8.358490 21.216812 8.783625
v 8.491528 21.070330 9.140191
v 7.048171 16.108061 7.217325
v 7.005908 16.043839 7.410203
v 7.051980 15.995471 7.533387
v 7.211179 15.936930 7.653145
v 7.612627 15.859135 7.590719
v 7.953845 15.898765 7.360298
v 7.991650 15.936757 7.158913
v 7.945552 15.985152 7.035665
v 7.790884 16.069845 6.924608
v 7.381247 16.102043 6.972108
v 8.513210 21.965769 9.078343
v 8.316641 21.949011 9.177540
v 8.296249 21.927179 9.252017
v 8.334095 21.887447 9.353204
v 8.398092 21.863493 9.395317
v 8.612883 21.857714 9.345275
v 8.803663 21.842722 9.235459
v 8.823441 21.860855 9.159728
v 8.785595 21.900585 9.058549
v 8.722214 21.928238 9.017694
v 7.512540 14.025490 7.306225
v 8.062987 14.561768 6.614540
v 6.874452 14.561768 7.911628
v 7.467590 15.275132 7.268452
v 6.165226 14.561768 7.017368
v 6.970243 15.271752 6.763943
v 6.882425 14.025490 6.676110
v 7.223683 14.561768 5.958910
v 6.453746 14.557620 7.734701
v 7.197482 13.974304 6.991168
v 7.941016 14.557620 6.247431
v 7.205043 15.244330 6.983576
v 7.900847 14.560391 7.694532
v 6.493291 14.557820 6.286975
v 10.900556 3.316132 -0.715152
v 10.439175 1.757500 -0.693528
v 9.702546 0.272712 -0.644359
v 8.584151 -0.065986 -0.568305
v 10.143126 3.316146 -4.048876
v 9.712037 1.758427 -3.881384
v 9.029424 0.278731 -3.611500
v 7.987571 -0.066137 -3.192971
v 8.392612 3.316139 -6.985374
v 8.036187 1.759586 -6.692780
v 7.472420 0.285753 -6.225810
v 6.609335 -0.066172 -5.504879
v 5.820343 3.316138 -9.237214
v 5.565759 1.760471 -8.847526
v 5.183319 0.291115 -8.231023
v 4.584178 -0.066173 -7.277760
v 2.431134 3.316138 -10.544749
v 2.272421 1.760828 -10.089272
v 2.165799 0.293114 -9.395346
v 1.915391 -0.066174 -8.307188
v 4.095399 2.603522 9.950182
v 4.006162 1.694380 9.670811
v 3.715922 0.285712 9.020584
v 3.287337 -0.066320 7.981818
v 6.782165 2.630983 8.332831
v 6.575825 1.700196 8.123775
v 6.151641 0.279046 7.553405
v 5.442374 -0.067166 6.684029
v 9.432072 3.512141 5.596148
v 9.405136 1.792316 4.673544
v 8.792623 0.270777 4.223778
v 7.781460 -0.065458 3.740251
v 10.603596 3.351689 2.669102
v 10.215023 1.765172 2.428459
v 9.490604 0.269749 2.260310
v 8.397457 -0.065851 2.001812
v 10.900557 12.679840 -0.715152
v 10.497074 14.136299 -0.693639
v 9.702547 15.748507 -0.644358
v 8.584148 16.113333 -0.568305
v 10.143126 12.679827 -4.048876
v 9.767560 14.136150 -3.903560
v 9.029424 15.742490 -3.611499
v 7.987570 16.113485 -3.192970
v 8.392612 12.679832 -6.985374
v 8.082083 14.136150 -6.730953
v 7.472420 15.735466 -6.225810
v 6.609334 16.113518 -5.504879
v 5.820343 12.679832 -9.237213
v 5.605385 14.136150 -8.899125
v 5.183319 15.730103 -8.231022
v 4.584177 16.113518 -7.277756
v 2.431134 12.679832 -10.544750
v 2.341777 14.136150 -10.158085
v 2.165799 15.728106 -9.395345
v 1.915390 16.113522 -8.307183
v 4.110203 13.384791 9.938190
v 4.090439 14.163399 9.654095
v 3.725276 15.743932 9.005174
v 3.287335 16.113670 7.981807
v 6.861469 13.338094 8.276785
v 7.280404 14.054664 7.670080
v 6.193709 15.800518 7.472512
v 5.442373 16.114511 6.684025
v 9.426078 12.488091 5.606413
v 9.394728 14.086854 4.761495
v 8.778617 15.758276 4.235382
v 7.781456 16.112803 3.740249
v 10.603621 12.644296 2.669123
v 10.259178 14.131665 2.466016
v 9.490613 15.751472 2.260317
v 8.397452 16.113195 2.001810
v 3.939768 2.744970 9.575264
v 3.939768 13.268430 9.575265
v 6.529252 2.773376 8.013654
v 6.529252 13.240023 8.013657
v 8.916009 3.779016 5.610528
v 8.916010 12.238764 5.610530
v 6.819154 16.113098 5.229172
v 7.629789 15.802308 5.960381
v 7.936788 14.035181 7.016564
v 8.407703 13.117251 6.725680
v 8.150396 13.001483 6.365175
v 8.150395 3.011915 6.365174
v 8.449966 2.851763 6.642161
v 8.259154 1.740342 6.387352
v 7.704786 0.274144 5.906430
v 6.819157 -0.065754 5.229172
v 10.565158 9.966062 -4.207649
v 10.565158 6.078507 -4.207649
v 11.354284 6.078514 -0.734333
v 11.354284 9.966058 -0.734333
v 11.041269 6.105527 2.776427
v 11.041269 9.938998 2.776428
v 9.937206 6.267574 5.443069
v 9.937204 9.776660 5.443069
v 9.373309 6.294351 5.474214
v 9.373310 9.749714 5.474214
v 2.530895 6.078473 -10.975546
v 2.530895 9.966087 -10.975544
v 6.061351 6.078473 -9.613256
v 6.061352 9.966086 -9.613255
v 8.741337 6.078478 -7.267118
v 8.741338 9.966084 -7.267118
v 9.987040 14.564358 2.379693
v 10.210472 14.561120 -0.676458
v 9.501952 14.555004 -3.799040
v 7.863352 14.547976 -6.550243
v 5.454340 14.542614 -8.660429
v 2.278903 14.540615 -9.885707
v 3.913011 14.550060 9.464935
v 6.335501 14.587654 8.049682
v 8.216058 14.594332 6.027536
v 9.239833 14.568374 4.445066
v 9.501952 1.283350 -3.799041
v 10.210470 1.277235 -0.676459
v 9.986928 1.274076 2.379602
v 9.244001 1.276848 4.439338
v 8.091896 1.282382 6.203806
v 6.460874 1.288186 7.934670
v 3.902833 1.294779 9.476058
v 2.278903 1.297739 -9.885706
v 5.454340 1.295741 -8.660429
v 7.863353 1.290379 -6.550243
v 9.921082 14.984863 2.363503
v 10.145432 14.967852 -0.673102
v 9.446489 14.931756 -3.777919
v 7.822338 14.889587 -6.517114
v 5.428563 14.857414 -8.620300
v 2.268613 14.845424 -9.841451
v 3.938638 14.939902 9.343070
v 6.849887 15.298656 7.286048
v 7.497669 15.307070 6.629755
v 9.106095 15.026508 4.478821
v 1.529775 2.603522 10.676013
v 1.529775 13.387995 10.676012
v 1.228196 -0.065998 8.564630
v 1.388251 0.289823 9.679676
v 1.469849 1.694892 10.387954
v 1.228195 16.113346 8.564618
v 1.388251 15.731398 9.679674
v 1.495741 14.182409 10.432938
v 1.471551 2.744970 10.273529
v 1.471552 13.268430 10.273527
v 1.458043 14.539517 10.168314
v 1.458044 1.298839 10.168313
v 1.451569 14.864797 10.125138
v -10.900555 3.316133 -0.715152
v -10.439175 1.757500 -0.693528
v -9.702545 0.272712 -0.644358
v -8.584151 -0.065986 -0.568305
v -10.143126 3.316146 -4.048876
v -9.712037 1.758427 -3.881384
v -9.029425 0.278731 -3.611500
v -7.987572 -0.066137 -3.192971
v -8.392611 3.316139 -6.985375
v -8.036188 1.759586 -6.692781
v -7.472420 0.285753 -6.225811
v -6.609335 -0.066172 -5.504879
v -5.820343 3.316138 -9.237213
v -5.565759 1.760471 -8.847526
v -5.183319 0.291115 -8.231025
v -4.584177 -0.066173 -7.277759
v -2.431134 3.316138 -10.544749
v -2.272422 1.760828 -10.089272
v -2.165800 0.293114 -9.395346
v -1.915390 -0.066174 -8.307188
v -4.095400 2.603522 9.950181
v -4.006162 1.694380 9.670811
v -3.715922 0.285712 9.020585
v -3.287337 -0.066320 7.981820
v -6.782166 2.630983 8.332832
v -6.575825 1.700196 8.123775
v -6.151639 0.279046 7.553405
v -5.442372 -0.067166 6.684030
v -9.432070 3.512141 5.596149
v -9.405137 1.792316 4.673546
v -8.792620 0.270777 4.223778
v -7.781459 -0.065458 3.740251
v -10.603596 3.351689 2.669103
v -10.215022 1.765172 2.428459
v -9.490603 0.269749 2.260309
v -8.397456 -0.065851 2.001811
v -10.900557 12.679839 -0.715153
v -10.497073 14.136299 -0.693639
v -9.702546 15.748507 -0.644358
v -8.584148 16.113331 -0.568305
v -10.143126 12.679826 -4.048876
v -9.767560 14.136149 -3.903560
v -9.029424 15.742489 -3.611500
v -7.987570 16.113483 -3.192971
v -8.392611 12.679832 -6.985375
v -8.082083 14.136150 -6.730954
v -7.472420 15.735465 -6.225811
v -6.609335 16.113514 -5.504879
v -5.820343 12.679832 -9.237213
v -5.605386 14.136150 -8.899127
v -5.183319 15.730103 -8.231025
v -4.584177 16.113518 -7.277757
v -2.431134 12.679832 -10.544750
v -2.341778 14.136150 -10.158085
v -2.165800 15.728106 -9.395345
v -1.915390 16.113522 -8.307184
v -4.110202 13.384791 9.938188
v -4.090439 14.163399 9.654095
v -3.725276 15.743932 9.005175
v -3.287335 16.113668 7.981807
v -6.861470 13.338094 8.276785
v -7.280404 14.054664 7.670082
v -6.193708 15.800517 7.472514
v -5.442372 16.114511 6.684026
v -9.426079 12.488091 5.606414
v -9.394728 14.086855 4.761497
v -8.778616 15.758276 4.235383
v -7.781456 16.112803 3.740249
v -10.603621 12.644295 2.669123
v -10.259177 14.131666 2.466016
v -9.490610 15.751474 2.260317
v -8.397449 16.113195 2.001810
v -3.939768 2.744970 9.575264
v -3.939768 13.268430 9.575265
v -6.529252 2.773376 8.013655
v -6.529253 13.240023 8.013657
v -8.916008 3.779016 5.610530
v -8.916009 12.238764 5.610531
v -6.819153 16.113098 5.229173
v -7.629788 15.802307 5.960382
v -7.936787 14.035181 7.016567
v -8.407702 13.117250 6.725681
v -8.150396 13.001483 6.365175
v -8.150396 3.011915 6.365175
v -8.449965 2.851763 6.642162
v -8.259153 1.740342 6.387353
v -7.704787 0.274144 5.906430
v -6.819155 -0.065754 5.229173
v -10.565158 9.966063 -4.207651
v -10.565159 6.078507 -4.207651
v -11.354284 6.078513 -0.734333
v -11.354284 9.966058 -0.734333
v -11.041268 6.105527 2.776427
v -11.041269 9.938997 2.776427
v -9.937205 6.267574 5.443069
v -9.937205 9.776658 5.443068
v -9.373308 6.294351 5.474215
v -9.373308 9.749714 5.474215
v -2.530896 6.078473 -10.975547
v -2.530896 9.966087 -10.975546
v -6.061351 6.078473 -9.613256
v -6.061351 9.966087 -9.613256
v -8.741335 6.078478 -7.267120
v -8.741335 9.966084 -7.267120
v -9.987040 14.564359 2.379693
v -10.210471 14.561120 -0.676459
v -9.501953 14.555004 -3.799041
v -7.863354 14.547976 -6.550243
v -5.454340 14.542614 -8.660427
v -2.278904 14.540615 -9.885707
v -3.913011 14.550060 9.464934
v -6.335518 14.587654 8.049664
v -8.216055 14.594331 6.027539
v -9.239830 14.568375 4.445067
v -9.501953 1.283350 -3.799041
v -10.210471 1.277235 -0.676459
v -9.986928 1.274076 2.379603
v -9.244003 1.276848 4.439340
v -8.091895 1.282382 6.203808
v -6.460874 1.288186 7.934670
v -3.902833 1.294779 9.476059
v -2.278904 1.297739 -9.885706
v -5.454340 1.295741 -8.660428
v -7.863353 1.290379 -6.550243
v -9.921082 14.984863 2.363503
v -10.145431 14.967852 -0.673103
v -9.446489 14.931756 -3.777920
v -7.822338 14.889587 -6.517114
v -5.428562 14.857414 -8.620298
v -2.268614 14.845424 -9.841451
v -3.938639 14.939903 9.343071
v -6.849949 15.298658 7.285979
v -7.497671 15.307069 6.629754
v -9.106093 15.026508 4.478822
v -1.529776 2.603522 10.676012
v -1.529776 13.387996 10.676011
v -1.228197 -0.065998 8.564631
v -1.388252 0.289823 9.679677
v -1.469850 1.694892 10.387954
v -1.228195 16.113346 8.564619
v -1.388251 15.731398 9.679674
v -1.495742 14.182411 10.432937
v -1.471552 2.744970 10.273529
v -1.471552 13.268430 10.273527
v -1.458044 14.539516 10.168314
v -1.458044 1.298839 10.168314
v -1.451569 14.864797 10.125137
v 6.687146 14.470253 7.068528
v 7.144389 14.479903 6.548247
v 6.904022 14.183402 7.011420
v 7.109725 14.186644 6.777200
v 6.799660 14.766365 6.891738
v 7.001523 14.769811 6.661769
v -7.144359 14.479908 6.548281
v -7.109712 14.186645 6.777215
v -6.904009 14.183401 7.011437
v -6.687110 14.470250 7.068571
v -7.001443 14.769805 6.661861
v -6.799557 14.766352 6.891858
v 6.629037 14.539948 7.640716
v 7.054037 15.069616 7.105319
v 7.285098 15.072686 6.840475
v 7.816113 14.550992 6.280852
v 7.505994 14.114783 7.027681
v 7.264731 14.112766 7.303904
v -6.629133 14.539949 7.640610
v -7.054595 15.069632 7.104681
v -7.285107 15.072683 6.840464
v -7.816097 14.550995 6.280870
v -7.505992 14.114784 7.027685
v -7.264730 14.112765 7.303910
v 6.505901 14.464737 7.338334
v 6.851808 14.967159 6.913802
v 7.050086 14.976020 6.688385
v 7.408153 14.504712 6.314258
v 7.231830 14.018846 6.873119
v 7.022851 14.010594 7.110404
v -6.505883 14.464733 7.338360
v -6.851752 14.967142 6.913868
v -7.049990 14.976019 6.688494
v -7.408125 14.504725 6.314287
v -7.231818 14.018848 6.873135
v -7.022839 14.010594 7.110421
v -9.722571 0.572578 2.315843
v -8.567258 -0.065940 0.781552
v -9.683039 0.270756 0.881364
v -10.426409 1.757896 0.933642
v -10.878885 3.316065 0.999294
v -9.683039 15.750462 0.881364
v -8.567254 16.113285 0.781552
v -10.878885 12.679907 0.999294
v -10.418198 13.537206 2.565959
v -10.476845 14.136753 0.957289
v -10.685531 13.557698 -0.704281
v -10.123594 14.979142 0.922312
v -8.388463 16.113411 -1.903973
v -9.481944 15.745764 -2.154214
v -9.917065 14.951479 -2.252593
v -10.257717 14.136149 -2.327153
v -9.942992 13.557612 -3.971982
v -10.652189 12.679821 -2.411638
v -7.388846 16.113512 -4.402819
v -8.353181 15.738936 -4.979511
v -8.741695 14.910419 -5.210845
v -9.035390 14.136150 -5.383168
v -8.227160 13.557613 -6.850295
v -9.382704 12.679830 -5.585580
v -5.666085 16.113518 -6.470512
v -6.406348 15.732431 -7.317960
v -6.708079 14.871380 -7.662470
v -6.928522 14.136150 -7.911893
v -5.705860 13.557613 -9.057515
v -7.194536 12.679832 -8.211884
v -3.388698 16.113520 -7.904648
v -3.831688 15.728754 -8.940069
v -4.013438 14.849307 -9.363987
v -4.143355 14.136150 -9.665794
v -2.383595 13.557613 -10.339146
v -4.301895 12.679832 -10.033464
v -4.404314 16.114233 7.390259
v -5.016078 15.772507 8.290365
v -5.418925 15.111441 8.372580
v -5.710837 14.106365 8.726157
v -7.054973 13.662039 8.053824
v -5.546827 13.375182 9.165429
v -4.128559 13.754878 9.836493
v -7.341897 16.112785 4.494615
v -8.239116 15.780196 5.122226
v -8.340629 15.159163 5.565064
v -8.701481 14.046121 5.915199
v -9.431106 13.429485 5.141296
v -8.908589 12.931445 6.171136
v -8.242669 13.535069 6.882771
v -8.134414 16.112986 2.948678
v -9.192459 15.751390 3.329868
v -9.607413 14.984529 3.480321
v -9.906215 14.115202 3.672928
v -10.091208 12.537279 4.231759
v -4.038358 13.264230 9.813357
v -2.727676 13.268430 10.028952
v -1.508419 13.264230 10.529086
v -2.835514 13.387997 10.421767
v -4.038358 2.749169 9.813357
v -5.279222 2.744970 8.866409
v -6.689882 2.779323 8.216125
v -6.689882 13.234076 8.216125
v -5.279223 13.268430 8.866410
v -8.600958 3.244615 5.879265
v -9.131375 3.780999 5.801293
v -8.337787 3.026019 6.550061
v -9.131375 12.236793 5.801293
v -8.600958 12.768784 5.879266
v -8.337787 12.987381 6.550061
v -6.216649 16.113903 5.961321
v -7.006465 15.809766 6.719832
v -7.207061 15.406399 6.941812
v -7.704158 13.954277 7.374640
v -7.770211 13.252459 7.445549
v -7.473069 13.154802 7.128276
v -7.473069 2.858597 7.128274
v -7.749060 2.713365 7.429862
v -7.522449 1.715504 7.251713
v -7.025287 0.276350 6.735231
v -6.216650 -0.066559 5.961321
v -9.772890 9.966074 -5.808706
v -8.793143 8.024507 -7.308893
v -9.772889 6.078493 -5.808706
v -10.627863 8.024511 -4.231147
v -11.095549 6.078513 -2.501851
v -11.421704 8.024512 -0.737079
v -11.095549 9.966060 -2.501852
v -11.331594 6.078514 1.051878
v -11.107594 8.024486 2.789294
v -11.331594 9.966059 1.051878
v -10.497106 6.186568 4.358959
v -10.001616 8.024319 5.439730
v -10.497106 9.857821 4.358959
v -9.599667 6.294486 5.672348
v -9.435476 8.024222 5.465966
v -9.599667 9.749648 5.672348
v -4.479316 6.078473 -10.442849
v -6.097147 8.024506 -9.669044
v -4.479316 9.966087 -10.442850
v -2.545705 8.024506 -11.039474
v -7.493090 6.078473 -8.544991
v -7.493090 9.966087 -8.544991
v -11.152019 4.530982 -0.726097
v -10.377048 4.530972 -4.137163
v -8.585914 4.530949 -7.141798
v -5.953961 4.530945 -9.445885
v -2.486470 4.530945 -10.783759
v -9.743968 4.799022 5.453083
v -10.842296 4.569272 2.737824
v -9.186806 4.837439 5.498958
v -11.152019 11.500230 -0.726097
v -10.377048 11.500238 -4.137163
v -10.842296 11.461914 2.737824
v -9.743968 11.231999 5.453083
v -9.186806 11.193483 5.498959
v -5.953961 11.500259 -9.445886
v -8.585914 11.500257 -7.141798
v -10.190309 14.563303 0.929282
v -9.978188 14.558292 -2.265432
v -8.790268 14.551449 -5.238689
v -6.741430 14.544943 -7.699566
v -4.031925 14.541264 -9.406592
v -2.772314 14.182409 10.184362
v -2.702395 14.541101 9.925760
v -5.269844 14.572729 8.729264
v -7.007442 14.175555 6.895698
v -6.915696 14.474955 6.808916
v -8.697147 14.584759 5.353714
v -9.670005 14.563812 3.502674
v -9.978188 1.280063 -2.265432
v -10.190309 1.275053 0.929282
v -9.669558 1.274861 3.502312
v -8.716063 1.279476 5.332615
v -7.377646 1.285205 7.074589
v -5.229130 1.291567 8.773761
v -4.031925 1.297092 -9.406592
v -6.741430 1.293413 -7.699565
v -8.790268 1.286907 -5.238689
v -2.690318 14.874287 9.882366
v -6.897605 14.777265 6.774567
v -9.488556 1.139317 -3.794281
v -10.192816 1.115212 -0.675820
v -9.968271 1.103767 2.374916
v -9.228899 1.108321 4.432615
v -8.081857 1.122605 6.196193
v -6.454405 1.143390 7.926775
v -3.900026 1.169542 9.469552
v -1.457144 1.185780 10.163270
v -2.702395 1.297257 9.925760
v -5.450279 1.188878 -8.654435
v -7.855193 1.167430 -6.544036
v -2.276304 -0.066068 8.360476
v -2.835514 2.603522 10.421768
v -2.760558 1.694644 10.133745
v -2.276301 16.113417 8.360464
v -2.573005 15.732991 9.448729
v -2.727676 2.744970 10.028952
v -0.000001 6.078473 -11.153109
v 0.000000 13.268430 10.355053
v -0.000000 14.538992 10.249165
v 7.413872 14.133651 7.390279
v 6.672593 14.573388 7.757122
v 7.655626 14.134419 7.112623
v 7.411754 14.054790 7.201283
v 7.970665 14.578458 6.265455
v 7.107687 15.164247 7.128578
v 7.165132 15.148933 6.980831
v 7.348799 15.165823 6.851458
v -7.163772 14.089309 6.800383
v -7.281119 14.489630 6.392371
v -7.156351 13.948059 7.019423
v -6.934240 14.083631 7.061397
v -6.550579 14.461273 7.221543
v -7.017559 14.871973 6.646560
v -6.795323 14.865899 6.899500
v -6.954686 15.041612 6.801599
v 6.552757 14.497345 7.489597
v 6.953371 15.019489 7.008094
v 6.954771 15.041623 6.801501
v 7.162381 15.026171 6.769589
v 7.607541 14.525790 6.287107
v 7.355314 14.051799 6.948369
v 7.156363 13.948059 7.019407
v 7.133701 14.046027 7.200929
v -7.108074 15.164259 7.128135
v -6.672659 14.573390 7.757047
v -7.348815 15.165822 6.851439
v -7.165456 15.148941 6.980460
v -7.970656 14.578458 6.265465
v -7.655626 14.134420 7.112625
v -7.413872 14.133651 7.390282
v -7.411753 14.054790 7.201288
v 6.550617 14.461277 7.221495
v 6.795463 14.865915 6.899337
v 7.017656 14.871977 6.646450
v 7.281149 14.489619 6.392339
v 7.163784 14.089307 6.800369
v 6.934252 14.083632 7.061380
v -6.953665 15.019490 7.007760
v -6.552804 14.497345 7.489548
v -7.162335 15.026168 6.769639
v -7.607518 14.525800 6.287132
v -7.355306 14.051801 6.948379
v -7.133694 14.046027 7.200941
v 5.491256 -0.107625 -2.188971
v 4.543749 -0.107653 -3.778348
v 5.901415 -0.107500 -0.384579
v 5.773111 -0.107369 1.382340
v 5.349757 -0.107062 2.577585
v 4.688190 -0.107315 3.601177
v 3.741421 -0.108448 4.601114
v 2.259943 -0.107771 5.493390
v 0.844361 -0.107513 5.894098
v -0.844361 -0.107513 5.894099
v -2.259944 -0.107771 5.493392
v -3.741420 -0.108448 4.601115
v -4.688189 -0.107315 3.601178
v -5.349757 -0.107062 2.577585
v -5.773111 -0.107369 1.382339
v -5.901415 -0.107500 -0.384580
v -5.491256 -0.107625 -2.188971
v -4.543749 -0.107653 -3.778348
v -3.151505 -0.107654 -4.997158
v -1.316782 -0.107654 -5.704864
v 1.316782 -0.107654 -5.704864
v 3.151506 -0.107654 -4.997157
v 5.773107 16.154713 1.382337
v 5.349754 16.154406 2.577582
v 5.901412 16.154844 -0.384580
v 5.491256 16.154972 -2.188971
v 4.543749 16.154997 -3.778348
v 3.151505 16.154997 -4.997157
v 1.316781 16.155001 -5.704862
v -1.316782 16.155003 -5.704862
v -3.151504 16.154999 -4.997156
v -4.543749 16.154997 -3.778348
v -5.491255 16.154972 -2.188972
v -5.901412 16.154844 -0.384580
v -5.773107 16.154713 1.382338
v -5.349754 16.154406 2.577583
v -4.688188 16.154659 3.601177
v -3.741420 16.155794 4.601111
v -2.259942 16.155119 5.493382
v -0.844360 16.154861 5.894089
v 0.844360 16.154861 5.894090
v 2.259942 16.155119 5.493382
v 3.741420 16.155794 4.601110
v 4.688188 16.154659 3.601177
v 9.550662 0.058408 -0.634355
v 8.388465 -0.066065 -1.903973
v 8.887006 0.058328 -3.554574
v 9.481945 0.275455 -2.154214
v 10.685533 2.368180 -0.704281
v 10.199636 1.757886 -2.314224
v 9.942992 2.368266 -3.971982
v 10.652191 3.316151 -2.411638
v 9.941404 0.583956 -0.659945
v 9.254682 0.608028 -3.701470
v 7.388846 -0.066167 -4.402819
v 7.353594 0.058306 -6.126822
v 8.353180 0.282282 -4.979511
v 8.984228 1.759014 -5.352675
v 8.227160 2.368265 -6.850295
v 9.382706 3.316141 -5.585580
v 7.661708 0.636140 -6.383473
v 5.666085 -0.066174 -6.470513
v 5.100391 0.058305 -8.099342
v 6.406349 0.288788 -7.317958
v 6.888743 1.760087 -7.867121
v 5.705860 2.368265 -9.057515
v 7.194537 3.316138 -8.211884
v 5.316144 0.657589 -8.441918
v 3.388699 -0.066174 -7.904651
v 2.131078 0.058305 -9.244692
v 3.831688 0.292466 -8.940068
v 4.081316 1.760708 -9.604984
v 2.383595 2.368265 -10.339146
v 4.301895 3.316138 -10.033465
v 2.221513 0.665583 -9.637115
v -0.000000 -0.066174 -8.441366
v -2.131078 0.058305 -9.244693
v -0.000001 0.293329 -9.547104
v -0.000000 1.760865 -10.251566
v -2.383595 2.368265 -10.339146
v -0.000000 3.316138 -10.715178
v -2.221514 0.665583 -9.637115
v 1.422611 0.652307 9.921508
v 2.573005 0.288229 9.448731
v 3.807572 0.636069 9.244226
v 3.657587 0.058212 8.878667
v 4.404315 -0.066886 7.390265
v 6.055527 0.057670 7.435067
v 4.978660 0.282409 8.351999
v 4.069346 2.158185 9.884470
v 5.340278 1.694684 8.966229
v 6.737758 2.174070 8.278007
v 5.487614 2.603522 9.213405
v 6.301477 0.609948 7.738220
v 7.586228 0.058563 5.815377
v 7.341899 -0.065441 4.494615
v 8.656862 0.058682 4.158780
v 8.295321 0.272247 5.075960
v 8.411726 2.300788 6.548694
v 8.877577 1.772263 5.555489
v 9.468558 2.483971 5.077137
v 8.946550 3.047272 6.107391
v 7.890215 0.589495 6.048973
v 9.005402 0.576245 4.325851
v 8.134418 -0.065643 2.948680
v 9.342759 0.058397 2.225050
v 9.192425 0.269850 3.329838
v 9.861969 1.783501 3.655373
v 10.418097 2.388749 2.565876
v 10.091106 3.458744 4.231676
v 9.722573 0.572578 2.315843
v 9.683040 0.270756 0.881363
v 8.567259 -0.065940 0.781553
v 10.878885 3.316065 0.999293
v 10.426408 1.757896 0.933642
v 8.567254 16.113285 0.781552
v 9.683039 15.750462 0.881363
v 10.685533 13.557698 -0.704281
v 10.476846 14.136753 0.957289
v 10.418198 13.537206 2.565958
v 10.878885 12.679907 0.999293
v 10.123594 14.979142 0.922312
v 9.481944 15.745764 -2.154214
v 8.388463 16.113411 -1.903972
v 9.917066 14.951479 -2.252592
v 10.652191 12.679821 -2.411638
v 9.942992 13.557612 -3.971982
v 10.257717 14.136149 -2.327153
v 8.353180 15.738936 -4.979510
v 7.388846 16.113514 -4.402818
v 8.741694 14.910419 -5.210845
v 9.382706 12.679830 -5.585580
v 8.227161 13.557613 -6.850295
v 9.035389 14.136150 -5.383167
v 6.406349 15.732431 -7.317958
v 5.666085 16.113518 -6.470512
v 6.708080 14.871380 -7.662470
v 7.194537 12.679832 -8.211884
v 5.705860 13.557613 -9.057515
v 6.928522 14.136150 -7.911891
v 3.831688 15.728753 -8.940067
v 3.388697 16.113520 -7.904648
v 4.013437 14.849307 -9.363987
v 4.301895 12.679832 -10.033465
v 2.383595 13.557613 -10.339146
v 4.143355 14.136150 -9.665794
v -0.000001 15.727892 -9.547104
v -0.000000 16.113523 -8.441362
v -0.000000 14.844130 -10.000605
v 5.016079 15.772507 8.290364
v 4.404314 16.114233 7.390259
v 5.418925 15.111441 8.372578
v 4.128559 13.754878 9.836495
v 5.546827 13.375182 9.165430
v 7.054973 13.662039 8.053823
v 5.710837 14.106365 8.726156
v 8.239117 15.780196 5.122226
v 7.341897 16.112783 4.494615
v 8.340630 15.159163 5.565063
v 8.242669 13.535069 6.882770
v 8.908590 12.931445 6.171135
v 9.431106 13.429485 5.141294
v 8.701482 14.046121 5.915198
v 9.192461 15.751390 3.329868
v 8.134414 16.112986 2.948678
v 9.607413 14.984529 3.480320
v 10.091208 12.537279 4.231758
v 9.906215 14.115202 3.672927
v 2.835514 13.387997 10.421771
v 1.508418 13.264230 10.529087
v 2.727676 13.268430 10.028951
v 4.038358 13.264230 9.813358
v 6.689882 2.779323 8.216126
v 5.279222 2.744970 8.866408
v 4.038357 2.749169 9.813358
v 5.279222 13.268430 8.866410
v 6.689882 13.234076 8.216125
v 8.337786 3.026019 6.550060
v 9.131375 3.780999 5.801291
v 8.600958 3.244615 5.879264
v 8.337787 12.987381 6.550061
v 8.600958 12.768784 5.879265
v 9.131375 12.236793 5.801292
v 7.006467 15.809766 6.719831
v 6.216650 16.113903 5.961319
v 7.207004 15.406397 6.941876
v 7.770212 13.252459 7.445549
v 7.704158 13.954277 7.374637
v 7.473068 13.154802 7.128276
v 7.749061 2.713365 7.429863
v 7.473068 2.858597 7.128274
v 7.522451 1.715504 7.251711
v 7.025288 0.276350 6.735230
v 6.216651 -0.066559 5.961320
v 10.627863 8.024511 -4.231145
v 9.772891 6.078493 -5.808705
v 8.793144 8.024507 -7.308892
v 9.772890 9.966074 -5.808705
v 11.095550 9.966060 -2.501850
v 11.421705 8.024512 -0.737078
v 11.095549 6.078513 -2.501850
v 11.331594 9.966059 1.051878
v 11.107594 8.024486 2.789295
v 11.331594 6.078514 1.051878
v 10.497107 9.857821 4.358960
v 10.001616 8.024319 5.439730
v 10.497107 6.186568 4.358959
v 9.599668 9.749648 5.672348
v 9.435477 8.024222 5.465966
v 9.599668 6.294486 5.672348
v 2.545703 8.024506 -11.039473
v 4.479316 9.966087 -10.442849
v 6.097148 8.024506 -9.669044
v 4.479316 6.078473 -10.442849
v 7.493091 9.966087 -8.544990
v 7.493091 6.078473 -8.544990
v 10.377048 4.530972 -4.137162
v 11.152021 4.530982 -0.726097
v 8.585915 4.530949 -7.141798
v 5.953962 4.530945 -9.445885
v 2.486470 4.530945 -10.783759
v 10.842296 4.569272 2.737824
v 9.743969 4.799021 5.453082
v 9.186807 4.837439 5.498957
v 10.377048 11.500238 -4.137162
v 11.152021 11.500230 -0.726097
v 10.842296 11.461914 2.737824
v 9.743969 11.231999 5.453082
v 9.186808 11.193483 5.498958
v 2.486469 11.500259 -10.783759
v -0.000001 9.966088 -11.153109
v -2.486470 11.500259 -10.783759
v -0.000000 12.679832 -10.715178
v 5.953962 11.500259 -9.445886
v 8.585915 11.500257 -7.141798
v 10.190309 14.563303 0.929283
v 9.978188 14.558292 -2.265432
v 8.790268 14.551449 -5.238689
v 6.741429 14.544943 -7.699567
v 4.031924 14.541264 -9.406594
v 2.702395 14.541101 9.925761
v 2.772314 14.182409 10.184363
v 5.269843 14.572729 8.729264
v 6.915729 14.474956 6.808878
v 7.007453 14.175556 6.895684
v 8.697148 14.584759 5.353714
v 9.670005 14.563812 3.502673
v 9.978188 1.280063 -2.265432
v 10.190309 1.275053 0.929283
v 9.669558 1.274861 3.502311
v 8.716064 1.279476 5.332613
v 7.377647 1.285205 7.074588
v 5.229130 1.291567 8.773761
v 4.031924 1.297092 -9.406594
v 6.741429 1.293413 -7.699567
v 8.790267 1.286907 -5.238689
v 2.690318 14.874287 9.882364
v 6.897697 14.777273 6.774460
v 10.192817 1.115212 -0.675820
v 9.488556 1.139317 -3.794280
v 9.968272 1.103767 2.374916
v 9.228898 1.108321 4.432613
v 8.081857 1.122605 6.196192
v 6.454405 1.143390 7.926775
v 3.900026 1.169542 9.469552
v 2.702395 1.297257 9.925761
v 1.457143 1.185780 10.163271
v 2.277491 1.196872 -9.879801
v -2.277491 1.196872 -9.879802
v -0.000000 1.297955 -10.045410
v 5.450279 1.188878 -8.654437
v 7.855193 1.167430 -6.544036
v 1.366469 0.058418 9.526936
v 2.276303 -0.066068 8.360474
v 1.520111 2.158185 10.605673
v 2.760558 1.694644 10.133746
v 2.835514 2.603522 10.421770
v 2.573005 15.732991 9.448730
v 2.276301 16.113417 8.360463
v 1.520111 13.767693 10.605674
v 1.508418 2.749169 10.529088
v 2.727676 2.744970 10.028952
v -0.000000 14.136150 -10.322182
v -0.000000 14.540401 -10.045410
v -0.000000 0.290354 9.756657
v -1.366470 0.058418 9.526937
v -0.000000 -0.065974 8.632682
v -0.000000 2.603522 10.760760
v -1.520112 2.158185 10.605673
v -0.000000 1.694979 10.472005
v -0.000000 16.113321 8.632671
v -0.000000 15.730867 9.756656
v -0.000000 14.861631 10.206062
v -0.000000 14.182409 10.515797
v -1.520112 13.767693 10.605673
v -0.000000 13.387997 10.760761
v -0.000000 2.744970 10.355054
v -1.508419 2.749169 10.529087
v -0.000000 1.299366 10.249164
v -9.481944 0.275455 -2.154214
v -8.887007 0.058328 -3.554574
v -8.388465 -0.066065 -1.903973
v -9.550662 0.058408 -0.634355
v -10.652189 3.316151 -2.411638
v -9.942991 2.368266 -3.971982
v -10.199636 1.757886 -2.314224
v -10.685531 2.368180 -0.704281
v -9.254682 0.608028 -3.701471
v -9.941404 0.583956 -0.659945
v -8.353181 0.282282 -4.979512
v -7.353595 0.058306 -6.126824
v -7.388846 -0.066167 -4.402819
v -9.382703 3.316141 -5.585580
v -8.227161 2.368265 -6.850296
v -8.984227 1.759014 -5.352676
v -7.661707 0.636140 -6.383475
v -6.406349 0.288788 -7.317960
v -5.100390 0.058305 -8.099342
v -5.666085 -0.066174 -6.470513
v -7.194536 3.316138 -8.211884
v -5.705860 2.368265 -9.057515
v -6.888743 1.760087 -7.867121
v -5.316143 0.657589 -8.441919
v -3.831688 0.292466 -8.940069
v -3.388698 -0.066174 -7.904651
v -4.301895 3.316138 -10.033465
v -4.081316 1.760708 -9.604984
v -3.807572 0.636069 9.244225
v -2.573006 0.288229 9.448730
v -1.422612 0.652307 9.921507
v -4.978659 0.282409 8.352000
v -6.055525 0.057670 7.435068
v -4.404315 -0.066886 7.390266
v -3.657587 0.058212 8.878667
v -5.487614 2.603522 9.213403
v -6.737757 2.174070 8.278007
v -5.340278 1.694684 8.966228
v -4.069346 2.158185 9.884467
v -6.301476 0.609948 7.738220
v -8.295321 0.272247 5.075961
v -8.656860 0.058682 4.158779
v -7.341898 -0.065441 4.494616
v -7.586227 0.058563 5.815378
v -8.946550 3.047272 6.107392
v -9.468558 2.483971 5.077139
v -8.877577 1.772263 5.555490
v -8.411724 2.300788 6.548695
v -9.005401 0.576245 4.325851
v -7.890215 0.589495 6.048973
v -9.192423 0.269850 3.329838
v -9.342757 0.058397 2.225050
v -8.134418 -0.065643 2.948679
v -10.091107 3.458744 4.231676
v -10.418097 2.388749 2.565876
v -9.861969 1.783501 3.655374
v 9.332998 0.058375 -2.120423
v 10.441972 2.368269 -2.367184
v 9.716774 0.594880 -2.207396
v 8.220880 0.058310 -4.900661
v 9.197636 2.368266 -5.478236
v 8.563185 0.622252 -5.104643
v 6.304128 0.058305 -7.201194
v 7.052825 2.368266 -8.052502
v 6.569677 0.648279 -7.504523
v 3.770291 0.058305 -8.796827
v 4.217499 2.368266 -9.837992
v 3.930159 0.662994 -9.169786
v -0.000000 0.058305 -9.393981
v -0.000000 2.368266 -10.506198
v -0.000001 0.666446 -9.792891
v 2.636667 0.645978 9.684077
v 4.900563 0.057849 8.220765
v 5.452596 2.158185 9.152435
v 5.100732 0.623219 8.557820
v 8.167677 0.058732 4.997968
v 8.973515 2.410882 5.860877
v 8.495216 0.581892 5.198277
v 9.049833 0.058533 3.278312
v 9.984745 2.452016 3.955814
v 9.416027 0.572833 3.410857
v 9.531809 0.058385 0.867482
v 9.920519 0.576404 0.903355
v 10.664633 2.367906 0.976291
v 10.664633 13.557972 0.976291
v 10.441972 13.557608 -2.367184
v 9.197636 13.557611 -5.478236
v 7.052825 13.557611 -8.052502
v 4.217499 13.557611 -9.837992
v 5.689446 13.716434 8.960539
v 8.821674 13.463779 6.115852
v 9.985151 13.474169 3.956145
v 2.795974 13.264230 10.278388
v 5.411261 2.749169 9.086801
v 5.411261 13.264230 9.086801
v 8.802921 3.253487 6.065443
v 8.802921 12.759914 6.065444
v 7.779908 13.601369 7.444997
v 7.649415 13.143614 7.318750
v 7.649415 2.869785 7.318750
v 7.695304 2.221728 7.382248
v 7.195135 0.598777 6.898779
v 6.916463 0.058059 6.630507
v 9.830860 8.024509 -5.841766
v 11.161422 8.024512 -2.515155
v 11.398880 8.024512 1.059805
v 10.562497 8.024407 4.365194
v 9.662986 8.024262 5.665132
v 4.505661 8.024506 -10.503596
v 7.537441 8.024506 -8.594398
v 10.897926 4.530979 -2.461936
v 9.598981 4.530960 -5.709523
v 7.360041 4.530945 -8.396767
v 4.400281 4.530945 -10.260612
v 10.300937 4.684137 4.340255
v 11.129734 4.530983 1.028098
v 9.409711 4.837365 5.693997
v 10.897927 11.500233 -2.461936
v 11.129734 11.500229 1.028098
v 10.300936 11.346972 4.340255
v 9.409711 11.193599 5.693998
v -0.000001 11.500260 -10.958143
v 4.400281 11.500260 -10.260612
v 7.360041 11.500260 -8.396767
v 9.598980 11.500249 -5.709523
v 9.962393 1.126169 -2.262430
v 10.171618 1.107562 0.927090
v 9.652252 1.104376 3.496275
v 8.703547 1.114534 5.325378
v 7.369483 1.132126 7.066678
v 5.224593 1.156692 8.766423
v 2.700681 1.179451 9.920090
v -0.000000 1.197735 -10.039510
v 4.029261 1.194283 -9.400677
v 6.735519 1.179568 -7.693385
v 8.779514 1.153542 -5.232908
v 2.532610 0.058373 9.299834
v 2.817539 2.158185 10.353043
v 2.817539 13.767693 10.353042
v 2.795974 2.749169 10.278388
v -0.000000 0.058433 9.602636
v -0.000000 2.158185 10.689884
v -0.000000 13.767692 10.689884
v -0.000000 2.749169 10.612654
v -9.332998 0.058375 -2.120422
v -10.441971 2.368269 -2.367185
v -9.716774 0.594880 -2.207396
v -8.220881 0.058310 -4.900661
v -9.197636 2.368266 -5.478237
v -8.563185 0.622252 -5.104644
v -6.304128 0.058305 -7.201196
v -7.052824 2.368266 -8.052504
v -6.569677 0.648279 -7.504524
v -3.770290 0.058305 -8.796827
v -4.217499 2.368266 -9.837992
v -3.930159 0.662994 -9.169786
v -2.636668 0.645978 9.684077
v -4.900563 0.057849 8.220766
v -5.452595 2.158185 9.152435
v -5.100731 0.623219 8.557821
v -8.167676 0.058732 4.997968
v -8.973514 2.410882 5.860878
v -8.495216 0.581892 5.198277
v -9.049832 0.058533 3.278311
v -9.984745 2.452016 3.955815
v -9.416026 0.572833 3.410858
v -9.531809 0.058385 0.867482
v -9.920518 0.576404 0.903355
v -10.664633 2.367905 0.976291
v -10.664633 13.557972 0.976291
v -10.441971 13.557608 -2.367185
v -9.197636 13.557612 -5.478238
v -7.052824 13.557612 -8.052503
v -4.217499 13.557612 -9.837992
v -5.689446 13.716434 8.960539
v -8.821674 13.463779 6.115854
v -9.985151 13.474169 3.956146
v -2.795974 13.264230 10.278387
v -5.411261 2.749169 9.086800
v -5.411262 13.264230 9.086800
v -8.802921 3.253487 6.065444
v -8.802921 12.759914 6.065444
v -7.779908 13.601369 7.444998
v -7.649415 13.143614 7.318751
v -7.649415 2.869786 7.318751
v -7.695304 2.221728 7.382249
v -7.195136 0.598777 6.898779
v -6.916461 0.058059 6.630507
v -9.830860 8.024508 -5.841767
v -11.161421 8.024512 -2.515156
v -11.398879 8.024512 1.059804
v -10.562496 8.024406 4.365194
v -9.662985 8.024262 5.665132
v -4.505661 8.024506 -10.503597
v -7.537440 8.024506 -8.594398
v -10.897926 4.530979 -2.461936
v -9.598980 4.530960 -5.709524
v -7.360040 4.530945 -8.396767
v -4.400281 4.530945 -10.260612
v -10.300936 4.684137 4.340255
v -11.129733 4.530983 1.028098
v -9.409710 4.837365 5.693998
v -10.897926 11.500233 -2.461936
v -11.129733 11.500229 1.028098
v -10.300936 11.346972 4.340256
v -9.409710 11.193598 5.693999
v -4.400281 11.500260 -10.260612
v -7.360040 11.500260 -8.396767
v -9.598980 11.500249 -5.709524
v -9.962393 1.126169 -2.262431
v -10.171617 1.107562 0.927090
v -9.652252 1.104376 3.496276
v -8.703547 1.114534 5.325379
v -7.369484 1.132126 7.066679
v -5.224593 1.156692 8.766424
v -2.700681 1.179451 9.920090
v -4.029261 1.194283 -9.400675
v -6.735519 1.179568 -7.693384
v -8.779514 1.153542 -5.232909
v -2.532611 0.058373 9.299834
v -2.817539 2.158185 10.353040
v -2.817539 13.767692 10.353041
v -2.795974 2.749169 10.278387
v -0.000000 13.557611 -10.506198
v -0.000001 4.530945 -10.958143
v -0.000001 8.024506 -11.218100
v -0.000000 0.654416 10.000652
v -0.000000 13.264230 10.612653
v -0.000000 1.187890 10.244331
v 7.568616 14.075115 7.292014
v 7.218323 15.253402 6.993233
v -7.071564 14.031029 6.951166
v -6.908633 14.925278 6.770754
v 7.058753 15.097256 6.894249
v 7.272047 13.984208 7.106600
v -7.218554 15.253407 6.992970
v -7.568615 14.075115 7.292017
v 6.908765 14.925291 6.770602
v 7.071576 14.031029 6.951153
v -7.058897 15.097255 6.894084
v -7.272040 13.984209 7.106610
v 5.079644 -0.107648 -3.020710
v 5.766871 -0.107567 -1.302819
v 5.889815 -0.107451 0.543420
v 5.592343 -0.107203 2.033343
v 5.047600 -0.107058 3.096220
v 4.273843 -0.107962 4.104383
v 3.027785 -0.108224 5.086650
v 1.564905 -0.107570 5.753736
v -0.000000 -0.107494 5.940886
v -1.564906 -0.107570 5.753738
v -3.027784 -0.108224 5.086651
v -4.273842 -0.107962 4.104383
v -5.047599 -0.107058 3.096221
v -5.592342 -0.107203 2.033342
v -5.889815 -0.107451 0.543419
v -5.766871 -0.107567 -1.302819
v -5.079644 -0.107648 -3.020710
v -3.895288 -0.107654 -4.442196
v -2.329643 -0.107654 -5.428129
v 0.000000 -0.107654 -5.797108
v 2.329644 -0.107654 -5.428130
v 3.895289 -0.107654 -4.442197
v 5.592340 16.154547 2.033340
v 5.889812 16.154797 0.543418
v 5.766870 16.154913 -1.302819
v 5.079644 16.154995 -3.020710
v 3.895288 16.154999 -4.442197
v 2.329643 16.154999 -5.428128
v -0.000000 16.155001 -5.797106
v -2.329643 16.154999 -5.428128
v -3.895288 16.154999 -4.442197
v -5.079644 16.154995 -3.020710
v -5.766870 16.154915 -1.302819
v -5.889812 16.154797 0.543418
v -5.592339 16.154549 2.033341
v -5.047598 16.154402 3.096219
v -4.273841 16.155306 4.104382
v -3.027783 16.155571 5.086644
v -1.564904 16.154919 5.753727
v 0.000000 16.154842 5.940877
v 1.564904 16.154919 5.753727
v 3.027784 16.155571 5.086643
v 4.273842 16.155308 4.104381
v 5.047597 16.154402 3.096219
v -11.750204 12.310335 -0.268726
v 10.982340 13.169593 2.279033
v 11.980751 16.120207 1.357990
v 12.740246 16.867491 0.668735
v 13.129724 17.433783 0.400955
v -13.326291 15.520247 -0.231605
v -13.532017 16.607548 -0.292740
v -13.849909 17.812681 -0.454655
v -8.230244 12.087221 -8.160603
v -6.196081 12.053182 -9.651821
v 5.844826 12.044997 -9.808999
v 7.912591 12.074818 -8.354974
v -8.532904 16.575109 -8.358517
v -5.893521 16.813789 -9.748112
v 5.489983 16.866066 -9.809295
v 7.924615 16.646217 -8.383679
v -7.874604 19.029467 -7.665045
v -4.945032 21.498213 -7.409674
v 4.049900 21.123344 -7.303445
v 7.233408 19.275570 -7.627680
v -7.600312 20.002859 -7.291811
v -3.053068 22.693041 -5.409786
v 2.502213 22.986927 -5.349080
v 7.000292 20.318068 -7.231545
v -7.675694 21.218979 -6.315354
v 7.070030 21.346132 -6.154827
v -4.737941 24.186089 -2.382439
v 4.356543 24.421646 -2.251017
v -11.370053 12.266676 -3.155663
v 11.262636 12.664366 -1.290970
v -10.412666 12.161783 -5.528022
v 10.248856 12.516565 -5.205539
v 11.684289 15.650381 -1.612532
v 10.549854 16.183256 -5.328160
v 12.397573 16.878859 -2.110503
v 9.566992 18.401665 -5.834918
v 12.756067 17.780912 -2.316404
v 10.313570 19.635160 -5.728743
v -12.458762 15.588418 -3.185146
v -11.266503 15.931045 -5.839962
v -12.676900 16.789194 -3.031358
v -10.506443 18.211246 -6.057797
v -13.148613 18.375780 -3.096025
v -11.196806 19.455027 -5.879178
v 11.607733 15.748096 1.639062
v 11.267519 15.448064 1.882612
v 11.683352 14.959554 2.182269
v -12.879646 14.383917 -0.254361
v -12.396259 14.812388 -0.245087
v -12.997153 14.955486 -0.232117
v -8.633307 15.270494 -8.418917
v -8.506587 14.931178 -7.983256
v -8.744714 14.387911 -8.709447
v -6.549819 14.356499 -10.278869
v -6.429357 14.925923 -9.415794
v -6.354524 15.248385 -9.943713
v 6.196175 14.356456 -10.416355
v 6.056937 14.927413 -9.536538
v 5.986844 15.253161 -10.046525
v 8.343390 14.393146 -8.807709
v 8.052832 14.965239 -8.038036
v 8.139207 15.298418 -8.463907
v 12.041151 14.425848 -1.336976
v 11.585747 14.903843 -1.184241
v 11.399635 15.260610 -1.551134
v 10.819851 14.632286 -5.372260
v 10.309147 15.153293 -4.807825
v 10.469926 15.509436 -5.242816
v -11.922438 15.019830 -3.276957
v -11.879795 14.863732 -3.098930
v -12.308961 14.414533 -3.383264
v -11.210140 14.404872 -5.980843
v -10.802835 14.903126 -5.485437
v -11.074359 15.242097 -5.806659
v -12.429404 12.416384 -0.275087
v -12.001037 12.410003 -3.282394
v -10.968462 12.363317 -5.833183
v -8.685075 12.331964 -8.571988
v -6.558604 12.311528 -10.145570
v 6.208108 12.307791 -10.303154
v 8.378630 12.334580 -8.750938
v 10.799358 12.719668 -5.423063
v 11.837499 12.734138 -1.288179
v 11.499572 13.249639 2.421920
v 2.380673 23.801256 -2.475814
v 2.276765 23.851841 0.165708
v -2.447703 23.849539 -2.536263
v -2.190558 23.956417 0.193551
v 4.331571 24.431572 0.318186
v -4.622295 24.439861 0.337653
v -5.681676 23.091608 -4.893803
v 4.939487 23.626600 -4.847408
v 13.977958 18.661003 -0.070727
v -14.031217 19.289783 -0.811414
v -8.917013 22.291250 -5.486527
v -8.481520 23.475632 -4.151028
v 13.152336 18.892824 -2.224868
v 11.411287 20.301584 -4.819476
v -13.320008 19.710180 -3.180832
v -11.635872 20.660688 -5.276459
v 6.967523 24.060316 -2.321687
v 6.867715 24.725479 0.162807
v -7.642651 24.115528 -2.508837
v -7.494285 24.904408 -0.036549
v 7.711128 23.724035 -4.216619
v 8.889957 21.929033 -5.346612
v 14.388133 19.291937 -0.255088
v -14.216418 20.602280 -1.184577
v -10.985074 22.605263 -4.669028
v -9.932089 23.559175 -3.643929
v 13.746907 19.505297 -1.924249
v 12.595409 20.561642 -3.771140
v -13.823576 20.933788 -3.014376
v -12.562107 21.656944 -4.352939
v 10.589430 23.418280 -2.467253
v 10.173792 23.743719 -0.590929
v -9.369487 24.088524 -2.336129
v -9.157447 24.636686 -0.521467
v 10.990582 22.670555 -3.849279
v 11.622303 21.561054 -4.181250
v -13.364013 15.943800 -0.248401
v -12.443614 16.079052 -3.038971
v -11.195906 16.787304 -5.717657
v -8.368833 17.718037 -8.024797
v -5.488460 18.590118 -9.172449
v 5.058201 18.621811 -9.191717
v 7.680826 17.813210 -8.003736
v 10.380019 17.033937 -5.272711
v 11.688910 16.145323 -1.718764
v 11.987183 16.594902 1.128060
v 9.911094 17.708878 -5.614863
v 12.072249 16.283163 -1.846081
v 12.377910 16.643202 0.918104
v -10.815813 17.471964 -5.893291
v -12.495291 16.503536 -3.027024
v -13.261977 16.152182 -0.254330
v 12.728114 22.545986 -2.351424
v 13.135221 21.367517 -3.073301
v 12.807572 22.086983 -2.991789
v 12.589551 22.874895 -1.107434
v 14.817041 19.932446 -0.448396
v 14.492381 19.972351 -1.448379
v 13.780393 20.539536 -2.456782
v -13.492117 22.257509 -3.558258
v -12.410223 22.950171 -3.884367
v -10.534477 24.331335 -0.972009
v -10.791170 24.067024 -2.338803
v -11.391500 23.469997 -3.298280
v -14.288823 21.776186 -2.590996
v -14.447245 21.565310 -1.366975
v 13.923341 22.001362 -1.848433
v 14.835938 21.237246 -1.439336
v 14.230515 21.158493 -2.062977
v 13.750108 21.813562 -2.282274
v 14.923609 21.416296 -1.000485
v 13.902570 22.227224 -1.131794
v 15.283652 20.744125 -0.806262
v 15.108356 20.233641 -0.603596
v 15.160659 20.601063 -1.191954
v 14.967198 20.217957 -1.195959
v 14.674929 20.492870 -1.621344
v -14.332803 23.106783 -1.942688
v -14.383928 23.240362 -1.433786
v -13.511371 23.711658 -1.432483
v -13.518353 23.578455 -1.994564
v -14.070327 22.744022 -2.590921
v -13.287888 23.163731 -2.845114
v -12.141268 23.935741 -1.338098
v -12.292140 23.782141 -2.219637
v -12.392399 23.458448 -2.791327
v -14.448252 22.498978 -2.157771
v -14.565886 22.407671 -1.430559
v -7.644712 12.193323 7.611322
v -5.529645 12.543718 8.889653
v 5.426103 15.760179 7.597479
v 6.865322 16.050146 6.133598
v -8.069803 16.910984 8.089619
v -5.488911 17.587847 9.365529
v 5.707496 19.681969 9.010708
v 8.068853 19.051546 7.993007
v -7.649686 19.588644 7.704950
v -4.392705 21.196810 7.019478
v 4.068990 22.104393 6.588953
v 7.738818 20.768108 7.763958
v -7.457569 20.655443 7.363621
v -3.908264 22.383410 4.735081
v 2.755866 23.167923 4.254175
v 7.400743 21.530754 7.347898
v -8.655685 21.460466 5.579354
v 7.637111 22.511084 6.130692
v -4.899787 24.028477 2.388675
v 4.612714 24.112452 2.157997
v -11.485630 12.257386 2.547197
v 10.399343 14.224430 3.882994
v -10.238687 12.176327 4.917520
v 9.288221 15.313985 5.031511
v 10.894603 17.381712 3.600017
v 10.088732 18.295853 5.856414
v 12.028784 17.925665 2.907927
v 9.949272 20.203564 6.279854
v 12.590309 18.557451 2.559540
v 10.845264 20.861614 5.741069
v -12.424747 15.540177 2.711132
v -11.141530 16.009275 5.404882
v -12.748369 16.843002 2.519173
v -10.254272 18.432838 5.835167
v -13.025016 18.489002 2.191705
v -10.912914 19.687738 5.551732
v -8.068986 15.480599 8.013001
v -7.927104 15.098872 7.538626
v -8.122691 14.528553 8.249802
v -5.807153 14.853115 9.654475
v -5.763458 15.500367 8.834142
v -5.745234 15.917780 9.386360
v 5.973890 17.917309 8.625748
v 5.910928 18.400461 8.192263
v 5.966829 18.594992 8.856097
v 7.665110 17.960472 7.548226
v 7.562923 18.256449 7.239765
v 7.877077 18.333408 7.784522
v 10.952323 16.388149 4.117410
v 10.626149 16.796301 3.788010
v 10.471248 17.240332 3.812729
v 10.001246 17.354898 6.252396
v 9.627507 17.643389 5.757203
v 9.853360 17.838070 5.864297
v -12.106342 15.034410 2.778536
v -12.100440 14.875552 2.586708
v -12.527147 14.426651 2.832288
v -11.072911 14.456019 5.418010
v -10.691269 14.970192 4.956014
v -11.068835 15.137459 5.317129
v -12.159392 12.399776 2.666904
v -10.818982 12.380193 5.221125
v -8.063838 12.437621 8.062646
v -5.784238 12.792661 9.453215
v 5.906516 16.043156 8.079254
v 7.332088 16.266611 6.726678
v 9.767168 15.552644 5.794394
v 10.841251 14.447845 4.275911
v 2.589947 23.494610 2.157059
v -2.634364 23.347027 2.314047
v -5.968544 23.151064 4.273102
v 5.192061 23.843035 3.859849
v -9.824292 22.001284 4.267840
v -8.492902 23.405293 3.426543
v 13.199862 19.449701 1.857936
v 11.815217 21.013472 4.124106
v -13.055245 19.696152 1.478737
v -11.532351 20.770374 4.132524
v 7.027078 24.271547 1.964169
v -7.746862 24.350073 1.835391
v 7.811294 23.943930 3.418663
v 9.430300 22.838213 4.614399
v -11.013420 22.490881 2.645042
v -10.040121 23.364349 2.132153
v 13.849628 19.963097 1.218509
v 12.913960 21.165005 2.643409
v -13.616343 20.714642 0.574233
v -12.389354 21.495771 2.237505
v 10.562072 23.710104 0.954061
v -9.383409 24.143732 1.051339
v 11.083984 23.328579 2.178776
v 11.965171 22.388353 2.690763
v -12.577631 16.120342 2.567680
v -11.052993 16.890081 5.356813
v -8.023014 18.130589 7.878772
v -5.296204 19.198257 9.018749
v 5.344220 20.861328 8.722074
v 8.149358 19.842350 7.960006
v 10.216552 18.977144 5.863739
v 10.978487 17.687870 3.381396
v 10.052924 19.616156 6.111900
v 11.500279 17.624622 3.174512
v -10.490106 17.746693 5.496868
v -12.502391 16.616779 2.551720
v 12.715318 23.053520 0.116744
v 13.330471 22.057531 1.451846
v 12.925752 22.780331 1.036872
v 14.510111 20.329096 0.499817
v 13.918348 21.138081 1.223433
v -13.379228 22.003698 0.899977
v -12.234504 22.818254 1.321668
v -10.808152 24.187672 0.256551
v -11.334659 23.463266 1.018279
v -14.160310 21.590183 -0.149226
v 13.880293 22.329384 -0.345380
v 14.776620 21.439217 -0.488260
v 14.178781 21.677109 0.338071
v 13.769300 22.343403 0.282688
v 15.141186 20.774502 -0.345741
v 14.942944 20.478273 -0.023390
v 14.634431 20.900263 0.244073
v -14.292363 23.068422 -0.934366
v -13.464214 23.547457 -0.874648
v -13.977348 22.613417 -0.269086
v -13.139696 23.063683 0.061056
v -12.201811 23.856989 -0.505736
v -12.333755 23.394760 0.140660
v -14.388642 22.410553 -0.704845
v -4.094148 16.836121 -10.375297
v -1.558495 16.836174 -10.763565
v -1.400133 18.720839 -9.779363
v -3.748877 18.688372 -9.554320
v 3.860928 16.877726 -10.420352
v 1.528759 16.840742 -10.784362
v 3.503464 18.728849 -9.545406
v 1.360172 18.766510 -9.789248
v -3.075251 21.349966 -7.743620
v -1.095604 21.432747 -7.679157
v -1.069364 23.028294 -5.525470
v -2.353462 23.003248 -5.495776
v 0.912203 21.419790 -7.639820
v 2.450012 21.213257 -7.374162
v 1.606654 22.816465 -5.292040
v 0.345403 23.133989 -5.547668
v -4.503224 12.039434 -10.427120
v -1.809721 12.027836 -10.928566
v -4.732974 12.303072 -10.982080
v -1.891132 12.296395 -11.511569
v 1.764221 12.028464 -10.984793
v 4.202193 12.036370 -10.556286
v 4.441012 12.301426 -11.106011
v 1.836324 12.296964 -11.567900
v -4.490009 15.232718 -10.757605
v -1.756541 15.221678 -11.267076
v 4.226334 15.233088 -10.839218
v 1.684428 15.221825 -11.307867
v -4.681687 14.331981 -11.132157
v -1.853542 14.313891 -11.658229
v -4.579373 14.921671 -10.203963
v -1.813709 14.917975 -10.681508
v 4.401710 14.331954 -11.236917
v 1.784126 14.313888 -11.709029
v 4.298316 14.920154 -10.301496
v 1.726231 14.917704 -10.729524
v -0.822005 24.300980 -2.581197
v -2.080647 24.043171 -2.638618
v 0.526551 24.261086 -2.565503
v 1.793273 24.088497 -2.597456
v -0.777561 24.317471 0.063862
v -1.867972 24.053942 0.123080
v 1.658346 24.105976 0.075226
v 0.504125 24.309185 0.041014
v -3.849417 18.018400 9.831392
v -1.473533 18.679045 10.015564
v -3.717558 19.582478 9.157374
v -1.492963 20.132706 9.024114
v 3.892246 19.773735 9.372221
v 1.504575 19.387957 9.649431
v 1.297136 20.661455 8.598934
v 3.573820 21.009409 8.646598
v -1.405140 21.797165 6.840309
v -3.276848 21.506489 6.991042
v -2.508246 22.898617 4.742517
v -1.118296 23.124689 4.724881
v 2.548921 22.241024 6.521178
v 0.864905 22.105450 6.541191
v 0.527106 23.307636 4.603537
v 2.105625 23.271397 4.422190
v -1.520965 13.474091 10.021819
v -3.911645 12.877513 9.513812
v -4.048263 13.114382 10.130824
v -1.529780 13.726350 10.667727
v 4.248428 15.331053 8.833276
v 1.949037 14.477184 9.905213
v 4.627059 15.647070 9.355915
v 2.130868 14.784332 10.528251
v -4.022201 16.343790 10.065256
v -1.494148 17.074945 10.468553
v 4.273860 18.530195 9.545754
v 1.805154 17.941048 10.125661
v -4.048154 15.166567 10.388004
v -1.482728 15.829443 10.901838
v -4.016280 15.921331 9.494030
v -1.495124 16.681753 9.932185
v 4.528954 17.575232 9.600378
v 2.067938 16.849977 10.631895
v 4.326778 18.264259 8.981412
v 1.886530 17.640364 9.632505
v 0.554900 23.962349 2.216114
v 1.908225 23.763224 2.200961
v -0.897188 23.942848 2.267959
v -2.158140 23.626566 2.334936
v 2.162288 16.196787 10.812319
v 4.679644 17.031527 9.692999
v 6.115862 17.414188 8.585608
v 7.688038 17.541830 7.440944
v 10.129578 16.924311 6.350444
v 11.087588 15.705372 4.329337
v 11.828609 14.224665 2.344372
v 12.219325 13.670346 -1.328855
v 11.066102 13.838315 -5.501685
v 8.570073 13.537648 -8.969655
v 6.363097 13.506134 -10.591369
v 4.526447 13.487435 -11.421795
v 1.846303 13.474304 -11.897480
v -1.910609 13.474415 -11.842186
v -4.807642 13.488022 -11.308391
v -6.713922 13.506164 -10.442055
v -8.903992 13.529257 -8.830427
v -11.340776 13.542093 -6.045102
v -12.464125 13.550685 -3.405509
v -12.997543 13.535023 -0.266462
v -12.674991 13.563742 2.820886
v -11.222110 13.584407 5.460658
v -8.275005 13.661656 8.358788
v -5.909176 14.024510 9.795753
v -4.111910 14.363272 10.523075
v -1.514055 15.059391 11.048154
v 2.201555 15.385688 10.822529
v 4.759034 16.250589 9.635524
v 6.426114 16.635010 8.506691
v 7.596825 16.809032 7.145152
v 10.060344 16.147692 6.216921
v 11.077000 14.962202 4.414952
v 11.796782 13.595017 2.439980
v 12.173572 13.058283 -1.307519
v 11.083821 13.152292 -5.527832
v 8.604088 12.809066 -8.966932
v 6.384330 12.780680 -10.574882
v 4.551838 12.769927 -11.404164
v 1.867279 12.762869 -11.880052
v -1.924868 12.762539 -11.823912
v -4.836228 12.770807 -11.284866
v -6.734432 12.781620 -10.419429
v -8.915302 12.798054 -8.805059
v -11.290405 12.809250 -6.010953
v -12.381775 12.825854 -3.373137
v -12.863248 12.813787 -0.273627
v -12.571449 12.824255 2.766470
v -11.157941 12.837177 5.407629
v -8.278500 12.914865 8.318513
v -5.914912 13.279738 9.758817
v -4.119089 13.609403 10.469593
v -1.530315 14.266277 11.008065
v -5.732742 12.073471 -9.038555
v -7.645767 12.131938 -7.650619
v 5.379921 12.060815 -9.192455
v 3.891833 12.041640 -9.871059
v 7.312217 12.103444 -7.856550
v 10.348465 13.412659 2.055454
v 10.545920 12.929023 -1.305281
v 9.546368 12.610493 -4.919686
v -9.725653 12.262236 -5.155774
v -10.612916 12.443960 -3.010008
v -10.952073 12.536716 -0.258584
v -7.120804 12.231889 7.064842
v -5.211371 12.565959 8.204523
v -3.739903 12.909252 8.773345
v 4.841619 15.667722 7.083088
v 6.327991 16.004131 5.506067
v 9.873350 14.263844 3.386741
v 8.749307 15.292900 4.157854
v -10.681650 12.441768 2.417390
v -9.539351 12.270116 4.557019
v -4.204166 12.045311 -9.738142
v 1.664321 12.021255 -10.259094
v -1.705216 12.020558 -10.202450
v -1.504907 13.484888 9.252817
v 1.717920 14.407875 9.157612
v 3.768054 15.218965 8.236372
v 8.370924 12.343721 -6.464845
v 9.020113 12.286517 -6.861976
v 9.526907 12.519760 -7.173575
v 9.780163 12.973507 -7.337193
v 9.752878 13.680126 -7.326273
v 9.516921 14.506468 -7.179737
v 9.122042 15.054352 -6.507322
v 9.243675 15.398414 -6.937514
v 9.166521 16.428535 -6.935548
v 8.945422 17.448217 -6.707165
v 8.397296 18.448648 -6.681007
v 8.056461 19.256933 -6.567219
v 8.461679 20.431353 -6.011069
v 10.022535 21.171221 -5.296730
v 12.091088 21.084274 -4.002060
v 13.449684 20.968660 -2.800725
v 14.447330 20.831757 -1.852267
v 14.994534 20.929646 -1.323146
v 15.099292 21.091881 -0.911272
v 14.953197 21.118128 -0.425259
v 14.392009 21.295359 0.283813
v 13.625783 21.623978 1.334204
v 12.444460 21.841984 2.667689
v 10.563602 21.954159 4.344121
v 9.135779 21.714159 5.928766
v 8.592745 20.906872 6.835483
v 8.822552 20.245329 6.977386
v 9.123401 19.491856 6.968461
v 9.025781 18.763451 7.006638
v 8.792933 18.172876 6.962123
v 8.477570 18.030005 6.600101
v 8.680154 17.723890 6.983151
v 8.768442 17.268980 7.002433
v 8.697027 16.493752 6.891423
v 8.427150 15.917975 6.360287
v 7.971391 15.691986 5.642040
v 7.453541 15.667097 4.845415
vt 0.693350 0.270907
vt 0.683397 0.270943
vt 0.660558 0.270289
vt 0.650364 0.271158
vt 0.680895 0.238977
vt 0.679218 0.242585
vt 0.674115 0.238921
vt 0.666027 0.230927
vt 0.689229 0.231155
vt 0.699126 0.236788
vt 0.656053 0.236297
vt 0.653527 0.239446
vt 0.676067 0.238259
vt 0.698600 0.241145
vt 0.656476 0.240641
vt 0.675687 0.242553
vt 0.682503 0.243060
vt 0.673613 0.401289
vt 0.674808 0.401296
vt 0.674173 0.402289
vt 0.674617 0.401827
vt 0.670507 0.270702
vt 0.673463 0.368485
vt 0.675761 0.270269
vt 0.678171 0.270314
vt 0.673743 0.401797
vt 0.665791 0.402064
vt 0.668992 0.401708
vt 0.673668 0.401831
vt 0.673507 0.401291
vt 0.674778 0.401320
vt 0.674652 0.262169
vt 0.645230 0.271327
vt 0.704168 0.272264
vt 0.702311 0.257037
vt 0.707383 0.256108
vt 0.652441 0.256292
vt 0.678166 0.248927
vt 0.662011 0.256591
vt 0.672402 0.242944
vt 0.671076 0.258027
vt 0.664450 0.241548
vt 0.675666 0.257907
vt 0.683358 0.258220
vt 0.678762 0.257955
vt 0.690540 0.241861
vt 0.692549 0.257058
vt 0.689798 0.369999
vt 0.687907 0.386690
vt 0.686286 0.386351
vt 0.672898 0.368557
vt 0.658142 0.369465
vt 0.662767 0.385766
vt 0.675440 0.385831
vt 0.660069 0.369289
vt 0.671745 0.384933
vt 0.667292 0.385618
vt 0.665814 0.368922
vt 0.671542 0.368604
vt 0.673381 0.384850
vt 0.677355 0.385072
vt 0.675726 0.384908
vt 0.676439 0.368556
vt 0.678353 0.368766
vt 0.684053 0.369482
vt 0.681761 0.386039
vt 0.676103 0.368618
vt 0.661133 0.386024
vt 0.678095 0.238307
vt 0.647484 0.255252
vt 0.678614 0.262303
vt 0.677350 0.237190
vt 0.676986 0.237342
vt 0.676602 0.240460
vt 0.691718 0.370267
vt 0.673114 0.385810
vt 0.701604 0.240006
vt 0.675603 0.248878
vt 0.709318 0.272599
vt 0.676900 0.237137
vt 0.677580 0.237285
vt 0.678290 0.240424
vt 0.674663 0.401821
vt 0.674169 0.402317
vt 0.672192 0.401367
vt 0.679260 0.401962
vt 0.676085 0.401462
vt 0.664486 0.402274
vt 0.682437 0.402479
vt 0.683729 0.402755
vt 0.553448 0.233021
vt 0.559327 0.247984
vt 0.554122 0.253631
vt 0.539228 0.238741
vt 0.533508 0.252961
vt 0.549467 0.257985
vt 0.540012 0.267441
vt 0.597791 0.253485
vt 0.611933 0.239338
vt 0.617421 0.252983
vt 0.603783 0.259477
vt 0.583644 0.267627
vt 0.597288 0.273115
vt 0.554491 0.273944
vt 0.591798 0.247492
vt 0.578157 0.253983
vt 0.598289 0.233851
vt 0.611169 0.266863
vt 0.584397 0.240091
vt 0.574432 0.254004
vt 0.568712 0.268225
vt 0.567916 0.239537
vt 0.978680 0.106575
vt 0.976955 0.106603
vt 0.974481 0.089727
vt 0.976174 0.089429
vt 0.965972 0.107303
vt 0.963748 0.092135
vt 0.959193 0.077497
vt 0.969413 0.073440
vt 0.971032 0.072881
vt 0.260004 0.049669
vt 0.259985 0.036467
vt 0.284737 0.036468
vt 0.284757 0.049670
vt 0.259988 0.027961
vt 0.284688 0.027966
vt 0.309521 0.027974
vt 0.309573 0.036468
vt 0.309594 0.049670
vt 0.284562 0.011768
vt 0.309404 0.011951
vt 0.309477 0.019351
vt 0.284638 0.019168
vt 0.259809 0.011616
vt 0.259885 0.019015
vt 0.259724 0.007281
vt 0.284477 0.007319
vt 0.309321 0.007365
vt 0.961844 0.058154
vt 0.963347 0.057347
vt 0.952389 0.063758
vt 0.943531 0.051242
vt 0.951989 0.044229
vt 0.953339 0.043195
vt 0.334489 0.036468
vt 0.334511 0.049670
vt 0.334439 0.027982
vt 0.359436 0.027990
vt 0.359481 0.036468
vt 0.359503 0.049670
vt 0.334330 0.012150
vt 0.359335 0.012343
vt 0.359398 0.019743
vt 0.334399 0.019549
vt 0.334251 0.007414
vt 0.359264 0.007463
vt 0.940063 0.032028
vt 0.941225 0.030794
vt 0.932813 0.040276
vt 0.920519 0.031109
vt 0.926385 0.021828
vt 0.927327 0.020426
vt 0.384542 0.036468
vt 0.384563 0.049670
vt 0.384507 0.027997
vt 0.409718 0.028002
vt 0.409661 0.036468
vt 0.409682 0.049670
vt 0.384413 0.012512
vt 0.409552 0.012642
vt 0.409597 0.020041
vt 0.384467 0.019912
vt 0.384350 0.007505
vt 0.409501 0.007537
vt 0.911271 0.013908
vt 0.911968 0.012374
vt 0.906935 0.023990
vt 0.890193 0.019418
vt 0.892644 0.008821
vt 0.893039 0.007204
vt 0.434829 0.036468
vt 0.434848 0.049670
vt 0.435306 0.028006
vt 0.463448 0.049670
vt 0.434741 0.012717
vt 0.463401 0.020153
vt 0.434776 0.020117
vt 0.434703 0.007556
vt 0.868428 0.007126
vt 0.868428 0.005481
vt 0.868428 0.017895
vt 0.846663 0.019418
vt 0.844212 0.008821
vt 0.843817 0.007204
vt 0.499815 0.036468
vt 0.499815 0.049670
vt 0.499815 0.028008
vt 0.464225 0.028007
vt 0.463435 0.036468
vt 0.463449 0.049670
vt 0.499815 0.012765
vt 0.499815 0.020165
vt 0.499815 0.007568
vt 0.463359 0.007565
vt 0.463381 0.012753
vt 0.463402 0.020153
vt 0.047026 0.012480
vt 0.066229 0.012342
vt 0.066256 0.019772
vt 0.047044 0.019910
vt 0.028058 0.012568
vt 0.028067 0.019998
vt 0.028050 0.007519
vt 0.047010 0.007497
vt 0.066204 0.007462
vt 0.910653 0.216338
vt 0.909990 0.214636
vt 0.924114 0.207164
vt 0.925002 0.208744
vt 0.905783 0.204401
vt 0.918475 0.197683
vt 0.930271 0.189663
vt 0.937239 0.198241
vt 0.938331 0.199674
vt 0.066283 0.039744
vt 0.066288 0.033542
vt 0.088907 0.033542
vt 0.088902 0.039744
vt 0.066600 0.027082
vt 0.088855 0.027086
vt 0.110974 0.027163
vt 0.111435 0.033763
vt 0.111446 0.040127
vt 0.088823 0.012163
vt 0.111329 0.011978
vt 0.111374 0.019408
vt 0.088859 0.019593
vt 0.088788 0.007416
vt 0.111284 0.007369
vt 0.955979 0.180968
vt 0.954632 0.179848
vt 0.961239 0.170565
vt 0.962690 0.171536
vt 0.945916 0.173141
vt 0.951856 0.164800
vt 0.956851 0.156233
vt 0.966798 0.161035
vt 0.968341 0.161858
vt 0.145725 0.043202
vt 0.146429 0.035528
vt 0.159311 0.037061
vt 0.156170 0.045925
vt 0.146873 0.027722
vt 0.162260 0.028167
vt 0.177498 0.028446
vt 0.172740 0.038079
vt 0.166068 0.052399
vt 0.163671 0.011587
vt 0.179422 0.011509
vt 0.179507 0.018919
vt 0.163748 0.019006
vt 0.147394 0.011693
vt 0.147457 0.019118
vt 0.147332 0.007301
vt 0.163599 0.007275
vt 0.179343 0.007254
vt 0.971263 0.151036
vt 0.972884 0.151706
vt 0.960861 0.147244
vt 0.963850 0.136491
vt 0.974592 0.139075
vt 0.976272 0.139560
vt 0.190639 0.037634
vt 0.187601 0.051656
vt 0.194043 0.028323
vt 0.213010 0.028068
vt 0.211817 0.036753
vt 0.211079 0.050165
vt 0.195041 0.011461
vt 0.212775 0.011458
vt 0.212853 0.018856
vt 0.195125 0.018864
vt 0.194961 0.007241
vt 0.212695 0.007240
vt 0.976740 0.123658
vt 0.965780 0.122633
vt 0.978459 0.123901
vt 0.235143 0.011511
vt 0.235062 0.007254
vt 0.235218 0.018909
vt 0.235318 0.036463
vt 0.235552 0.027967
vt 0.235335 0.049668
vt 0.260004 0.180086
vt 0.259985 0.192312
vt 0.235318 0.192316
vt 0.235335 0.180086
vt 0.259952 0.200371
vt 0.235285 0.200377
vt 0.744748 0.104917
vt 0.745188 0.122179
vt 0.732521 0.121530
vt 0.732136 0.106257
vt 0.730040 0.092473
vt 0.742373 0.089341
vt 0.212636 0.200306
vt 0.211816 0.192027
vt 0.211079 0.179590
vt 0.212839 0.212189
vt 0.235208 0.212110
vt 0.235062 0.222853
vt 0.212695 0.222867
vt 0.259875 0.211953
vt 0.259724 0.222825
vt 0.284477 0.222787
vt 0.284629 0.211725
vt 0.309469 0.211450
vt 0.309321 0.222741
vt 0.284737 0.192311
vt 0.284704 0.200369
vt 0.730497 0.136673
vt 0.742907 0.139296
vt 0.737995 0.155851
vt 0.726145 0.151316
vt 0.284757 0.180085
vt 0.309594 0.180085
vt 0.309573 0.192311
vt 0.309539 0.200369
vt 0.334251 0.222692
vt 0.334392 0.211153
vt 0.359392 0.210862
vt 0.359264 0.222644
vt 0.334489 0.192311
vt 0.334457 0.200369
vt 0.334511 0.180085
vt 0.359503 0.180085
vt 0.359481 0.192311
vt 0.359451 0.200369
vt 0.384350 0.222601
vt 0.719543 0.165093
vt 0.730538 0.171428
vt 0.720749 0.185657
vt 0.710879 0.177676
vt 0.384462 0.210609
vt 0.409592 0.210414
vt 0.409501 0.222569
vt 0.384542 0.192311
vt 0.384514 0.200369
vt 0.384563 0.180085
vt 0.409682 0.180085
vt 0.409661 0.192311
vt 0.409637 0.200369
vt 0.434703 0.222550
vt 0.700343 0.188738
vt 0.708841 0.198168
vt 0.695130 0.208676
vt 0.688214 0.198028
vt 0.434771 0.210301
vt 0.463358 0.222541
vt 0.434829 0.192311
vt 0.434809 0.200369
vt 0.434848 0.180085
vt 0.499815 0.222538
vt 0.674775 0.205293
vt 0.679935 0.216893
vt 0.661148 0.222283
vt 0.658159 0.210059
vt 0.499815 0.210229
vt 0.463399 0.210247
vt 0.463359 0.222541
vt 0.089794 0.223160
vt 0.066431 0.222762
vt 0.067516 0.211563
vt 0.094515 0.213952
vt 0.122319 0.216560
vt 0.112606 0.223550
vt 0.067839 0.200748
vt 0.636502 0.211852
vt 0.636660 0.224310
vt 0.612127 0.222903
vt 0.614806 0.210608
vt 0.067341 0.195059
vt 0.093286 0.194523
vt 0.095381 0.199954
vt 0.066544 0.189904
vt 0.684078 0.032069
vt 0.671352 0.025535
vt 0.676161 0.013840
vt 0.690872 0.021748
vt 0.704316 0.030838
vt 0.695927 0.039912
vt 0.089986 0.189770
vt 0.112840 0.189254
vt 0.117038 0.193765
vt 0.123189 0.199234
vt 0.162491 0.223267
vt 0.145910 0.223575
vt 0.136579 0.216677
vt 0.157600 0.214617
vt 0.178026 0.212770
vt 0.179077 0.222961
vt 0.136739 0.198962
vt 0.141143 0.191997
vt 0.155027 0.191004
vt 0.156394 0.199115
vt 0.144408 0.186178
vt 0.717737 0.064415
vt 0.711716 0.056178
vt 0.720785 0.047744
vt 0.727800 0.057138
vt 0.734033 0.067093
vt 0.722820 0.072889
vt 0.155111 0.183590
vt 0.165899 0.177415
vt 0.171665 0.190526
vt 0.176275 0.199682
vt 0.194960 0.222866
vt 0.195105 0.212185
vt 0.190637 0.191149
vt 0.194042 0.200077
vt 0.187600 0.178100
vt 0.047062 0.189949
vt 0.047043 0.188225
vt 0.066257 0.188225
vt 0.028078 0.189949
vt 0.028067 0.188225
vt 0.028052 0.188283
vt 0.726927 0.081796
vt 0.738846 0.077280
vt 0.047016 0.188283
vt 0.066217 0.188283
vt 0.088867 0.041773
vt 0.066257 0.041773
vt 0.111448 0.042193
vt 0.111445 0.042110
vt 0.088815 0.041714
vt 0.066217 0.041714
vt 0.088867 0.188225
vt 0.111448 0.187805
vt 0.088815 0.188283
vt 0.111445 0.187888
vt 0.146114 0.045432
vt 0.145735 0.045629
vt 0.155462 0.048797
vt 0.155968 0.048673
vt 0.161292 0.056144
vt 0.161889 0.056116
vt 0.155462 0.181201
vt 0.161292 0.173915
vt 0.145735 0.184369
vt 0.146114 0.184565
vt 0.155968 0.181324
vt 0.161889 0.173942
vt 0.130239 0.223679
vt 0.129985 0.218060
vt 0.130667 0.192920
vt 0.130622 0.197836
vt 0.130563 0.188061
vt 0.130641 0.186545
vt 0.130817 0.186701
vt 0.130510 0.041274
vt 0.130641 0.043453
vt 0.130817 0.043297
vt 0.130453 0.034427
vt 0.704793 0.047979
vt 0.713622 0.039240
vt 0.130027 0.027376
vt 0.130329 0.011823
vt 0.130381 0.019251
vt 0.130276 0.007332
vt 0.309592 0.142288
vt 0.309590 0.115247
vt 0.334515 0.115247
vt 0.334515 0.142289
vt 0.309592 0.088143
vt 0.334515 0.088143
vt 0.359514 0.088143
vt 0.359515 0.115247
vt 0.359514 0.142289
vt 0.284746 0.115247
vt 0.284748 0.088143
vt 0.947022 0.189105
vt 0.948258 0.190381
vt 0.939069 0.181456
vt 0.284748 0.142288
vt 0.259989 0.142288
vt 0.259986 0.115247
vt 0.259989 0.088143
vt 0.235310 0.115247
vt 0.235314 0.088143
vt 0.235314 0.142288
vt 0.211242 0.141912
vt 0.211310 0.115247
vt 0.211242 0.088520
vt 0.188535 0.115245
vt 0.188255 0.089648
vt 0.188255 0.140781
vt 0.171502 0.139651
vt 0.171978 0.115244
vt 0.171502 0.090777
vt 0.166937 0.115243
vt 0.166392 0.091151
vt 0.166392 0.139274
vt 0.167111 0.139275
vt 0.167672 0.115243
vt 0.167111 0.091150
vt 0.434880 0.115247
vt 0.434876 0.088143
vt 0.434876 0.142289
vt 0.409705 0.142289
vt 0.409707 0.115247
vt 0.409705 0.088143
vt 0.384582 0.115247
vt 0.384580 0.088143
vt 0.384580 0.142289
vt 0.284756 0.066590
vt 0.260000 0.066590
vt 0.309596 0.066589
vt 0.334516 0.066589
vt 0.359512 0.066589
vt 0.384575 0.066589
vt 0.409696 0.066589
vt 0.434864 0.066589
vt 0.187399 0.068723
vt 0.170047 0.070323
vt 0.211032 0.067123
vt 0.235328 0.066590
vt 0.164725 0.070857
vt 0.165398 0.070858
vt 0.284756 0.163656
vt 0.260000 0.163656
vt 0.309596 0.163656
vt 0.235328 0.163656
vt 0.211032 0.163122
vt 0.187399 0.161522
vt 0.170047 0.159920
vt 0.164725 0.159385
vt 0.165398 0.159384
vt 0.463462 0.163656
vt 0.499815 0.163657
vt 0.499815 0.180085
vt 0.499815 0.142289
vt 0.463473 0.142289
vt 0.463463 0.163656
vt 0.463449 0.180085
vt 0.434864 0.163657
vt 0.409696 0.163656
vt 0.384575 0.163657
vt 0.359512 0.163656
vt 0.334516 0.163656
vt 0.259883 0.206288
vt 0.235217 0.206318
vt 0.212855 0.206333
vt 0.309473 0.206203
vt 0.284635 0.206248
vt 0.359394 0.206105
vt 0.334394 0.206153
vt 0.409594 0.206030
vt 0.384463 0.206062
vt 0.434775 0.206011
vt 0.066462 0.206134
vt 0.047047 0.206009
vt 0.047062 0.201013
vt 0.028070 0.205987
vt 0.028078 0.201013
vt 0.108819 0.206657
vt 0.089733 0.206449
vt 0.133733 0.205157
vt 0.128215 0.205087
vt 0.128287 0.200918
vt 0.130743 0.201072
vt 0.122737 0.205022
vt 0.125854 0.201027
vt 0.179413 0.206389
vt 0.163333 0.206617
vt 0.150737 0.206750
vt 0.195131 0.206325
vt 0.259883 0.021272
vt 0.284635 0.021311
vt 0.309473 0.021357
vt 0.212855 0.021228
vt 0.235217 0.021242
vt 0.179519 0.021267
vt 0.195134 0.021239
vt 0.147461 0.021344
vt 0.163758 0.021303
vt 0.111377 0.021425
vt 0.130383 0.021383
vt 0.066258 0.021516
vt 0.088863 0.021472
vt 0.409594 0.021530
vt 0.434775 0.021549
vt 0.359394 0.021455
vt 0.384463 0.021497
vt 0.334394 0.021407
vt 0.047039 0.210649
vt 0.028064 0.210517
vt 0.130843 0.209194
vt 0.128395 0.209298
vt 0.125967 0.209146
vt 0.047047 0.021551
vt 0.028070 0.021573
vt 0.499815 0.021561
vt 0.463401 0.021558
vt 0.028078 0.039744
vt 0.028080 0.033542
vt 0.047067 0.033542
vt 0.047062 0.039744
vt 0.027794 0.027089
vt 0.047087 0.027086
vt 0.047010 0.222609
vt 0.028050 0.222587
vt 0.028080 0.195237
vt 0.047067 0.195237
vt 0.028052 0.041714
vt 0.028067 0.041773
vt 0.047043 0.041773
vt 0.047016 0.041714
vt 0.499815 0.205999
vt 0.499815 0.200369
vt 0.463422 0.200369
vt 0.463401 0.206002
vt 0.884203 0.223824
vt 0.883955 0.221998
vt 0.897207 0.219419
vt 0.897666 0.221201
vt 0.882384 0.211020
vt 0.894294 0.208701
vt 0.006177 0.033542
vt 0.006177 0.027090
vt 0.006177 0.039744
vt 0.028078 0.039744
vt 0.028080 0.033542
vt 0.027794 0.027089
vt 0.659856 0.021395
vt 0.647966 0.019234
vt 0.649617 0.006540
vt 0.663057 0.008984
vt 0.006177 0.210473
vt 0.006177 0.222580
vt 0.028050 0.222587
vt 0.028064 0.210517
vt 0.006177 0.195237
vt 0.006177 0.189949
vt 0.006177 0.201013
vt 0.028079 0.201013
vt 0.028080 0.195237
vt 0.028078 0.189949
vt 0.006177 0.041773
vt 0.006177 0.041714
vt 0.868428 0.222857
vt 0.868428 0.211793
vt 0.868428 0.224699
vt 0.852653 0.223824
vt 0.852900 0.221998
vt 0.854472 0.211020
vt 0.028052 0.041714
vt 0.028067 0.041773
vt 0.006177 0.021580
vt 0.028070 0.021573
vt 0.260004 0.049669
vt 0.284757 0.049670
vt 0.633895 0.005868
vt 0.634056 0.018640
vt 0.620167 0.019586
vt 0.618195 0.006938
vt 0.284738 0.036468
vt 0.259985 0.036467
vt 0.309594 0.049670
vt 0.309573 0.036468
vt 0.309522 0.027974
vt 0.284688 0.027966
vt 0.259989 0.027961
vt 0.309404 0.011951
vt 0.284562 0.011768
vt 0.284638 0.019168
vt 0.309477 0.019351
vt 0.309321 0.007365
vt 0.284477 0.007319
vt 0.259724 0.007281
vt 0.259808 0.011616
vt 0.259885 0.019015
vt 0.758175 0.106575
vt 0.760682 0.089429
vt 0.762374 0.089727
vt 0.759901 0.106603
vt 0.765824 0.072881
vt 0.767442 0.073440
vt 0.777663 0.077497
vt 0.773107 0.092135
vt 0.770884 0.107303
vt 0.334511 0.049670
vt 0.334489 0.036468
vt 0.359503 0.049670
vt 0.359482 0.036468
vt 0.359437 0.027990
vt 0.334440 0.027982
vt 0.359336 0.012343
vt 0.334330 0.012150
vt 0.334399 0.019549
vt 0.359398 0.019743
vt 0.359264 0.007463
vt 0.334251 0.007414
vt 0.384563 0.049670
vt 0.384542 0.036468
vt 0.409682 0.049670
vt 0.409662 0.036468
vt 0.409718 0.028002
vt 0.384507 0.027997
vt 0.773508 0.057347
vt 0.775012 0.058154
vt 0.783517 0.043195
vt 0.784867 0.044229
vt 0.793324 0.051242
vt 0.784466 0.063758
vt 0.409552 0.012642
vt 0.384413 0.012512
vt 0.384467 0.019912
vt 0.409597 0.020041
vt 0.409501 0.007537
vt 0.384350 0.007505
vt 0.434848 0.049670
vt 0.434829 0.036468
vt 0.435306 0.028006
vt 0.434742 0.012717
vt 0.434776 0.020117
vt 0.434703 0.007556
vt 0.795631 0.030794
vt 0.796792 0.032028
vt 0.809528 0.020426
vt 0.810471 0.021828
vt 0.816337 0.031109
vt 0.804043 0.040276
vt 0.066229 0.012342
vt 0.047026 0.012480
vt 0.047044 0.019910
vt 0.066256 0.019772
vt 0.066204 0.007462
vt 0.047010 0.007497
vt 0.028050 0.007519
vt 0.028058 0.012568
vt 0.028067 0.019998
vt 0.066284 0.039744
vt 0.088902 0.039744
vt 0.088907 0.033542
vt 0.824887 0.012374
vt 0.825585 0.013908
vt 0.829921 0.023990
vt 0.066289 0.033542
vt 0.111446 0.040127
vt 0.111435 0.033763
vt 0.110974 0.027163
vt 0.088855 0.027086
vt 0.066600 0.027082
vt 0.111329 0.011978
vt 0.088823 0.012163
vt 0.088859 0.019593
vt 0.111374 0.019408
vt 0.111284 0.007369
vt 0.088788 0.007416
vt 0.145725 0.043202
vt 0.156170 0.045925
vt 0.159311 0.037061
vt 0.826203 0.216338
vt 0.811854 0.208744
vt 0.812741 0.207164
vt 0.826866 0.214636
vt 0.798525 0.199674
vt 0.799617 0.198241
vt 0.806585 0.189663
vt 0.818380 0.197683
vt 0.831073 0.204401
vt 0.146429 0.035528
vt 0.166068 0.052399
vt 0.172740 0.038079
vt 0.177498 0.028446
vt 0.162260 0.028167
vt 0.146873 0.027722
vt 0.179422 0.011509
vt 0.163671 0.011587
vt 0.163748 0.019006
vt 0.179507 0.018919
vt 0.179343 0.007254
vt 0.163599 0.007275
vt 0.147332 0.007301
vt 0.147395 0.011693
vt 0.147457 0.019118
vt 0.780876 0.180968
vt 0.774166 0.171536
vt 0.775616 0.170565
vt 0.782223 0.179848
vt 0.768515 0.161858
vt 0.770058 0.161035
vt 0.780005 0.156233
vt 0.785000 0.164800
vt 0.790940 0.173142
vt 0.187601 0.051656
vt 0.190639 0.037634
vt 0.211079 0.050165
vt 0.211817 0.036753
vt 0.213010 0.028068
vt 0.194043 0.028323
vt 0.212776 0.011458
vt 0.195041 0.011461
vt 0.195124 0.018864
vt 0.212853 0.018856
vt 0.212695 0.007240
vt 0.194961 0.007241
vt 0.235062 0.007254
vt 0.235143 0.011511
vt 0.235218 0.018909
vt 0.235552 0.027967
vt 0.235318 0.036463
vt 0.235335 0.049668
vt 0.763972 0.151706
vt 0.765592 0.151036
vt 0.760584 0.139560
vt 0.762264 0.139075
vt 0.773005 0.136491
vt 0.775994 0.147244
vt 0.260004 0.180086
vt 0.235335 0.180086
vt 0.235318 0.192316
vt 0.259985 0.192312
vt 0.211079 0.179590
vt 0.211816 0.192027
vt 0.212636 0.200306
vt 0.235285 0.200377
vt 0.259952 0.200371
vt 0.235208 0.212110
vt 0.212839 0.212189
vt 0.212695 0.222867
vt 0.771076 0.122633
vt 0.760115 0.123658
vt 0.758397 0.123901
vt 0.235062 0.222853
vt 0.259724 0.222825
vt 0.259875 0.211953
vt 0.284477 0.222787
vt 0.284630 0.211725
vt 0.309321 0.222741
vt 0.309469 0.211450
vt 0.284704 0.200369
vt 0.284738 0.192311
vt 0.309540 0.200369
vt 0.309573 0.192311
vt 0.309594 0.180085
vt 0.525581 0.124959
vt 0.525583 0.107691
vt 0.538225 0.108711
vt 0.538228 0.123989
vt 0.527564 0.092059
vt 0.539972 0.094878
vt 0.284757 0.180085
vt 0.334251 0.222692
vt 0.334392 0.211153
vt 0.359264 0.222644
vt 0.359392 0.210862
vt 0.334457 0.200369
vt 0.334489 0.192311
vt 0.359451 0.200369
vt 0.359482 0.192311
vt 0.359503 0.180085
vt 0.334511 0.180085
vt 0.384350 0.222601
vt 0.384462 0.210609
vt 0.409501 0.222569
vt 0.409592 0.210414
vt 0.540633 0.139075
vt 0.528294 0.142012
vt 0.545355 0.153604
vt 0.533624 0.158438
vt 0.384514 0.200369
vt 0.384542 0.192311
vt 0.409637 0.200369
vt 0.409662 0.192311
vt 0.409682 0.180085
vt 0.384563 0.180085
vt 0.434703 0.222550
vt 0.434772 0.210301
vt 0.434809 0.200369
vt 0.434829 0.192311
vt 0.463435 0.192311
vt 0.434848 0.180085
vt 0.066431 0.222762
vt 0.089794 0.223160
vt 0.094515 0.213952
vt 0.552304 0.167209
vt 0.541473 0.173821
vt 0.561284 0.179569
vt 0.551619 0.187798
vt 0.067516 0.211563
vt 0.112606 0.223550
vt 0.122321 0.216560
vt 0.067840 0.200748
vt 0.095381 0.199954
vt 0.093287 0.194523
vt 0.067341 0.195059
vt 0.123189 0.199234
vt 0.117038 0.193765
vt 0.112840 0.189254
vt 0.572097 0.190361
vt 0.563840 0.200004
vt 0.584456 0.199341
vt 0.577811 0.210160
vt 0.089986 0.189770
vt 0.066544 0.189904
vt 0.145910 0.223575
vt 0.162491 0.223267
vt 0.157600 0.214617
vt 0.136579 0.216677
vt 0.179077 0.222961
vt 0.178026 0.212770
vt 0.136739 0.198962
vt 0.156395 0.199115
vt 0.598075 0.206264
vt 0.593209 0.217990
vt 0.155027 0.191004
vt 0.141143 0.191997
vt 0.176275 0.199682
vt 0.171665 0.190526
vt 0.165899 0.177415
vt 0.155111 0.183590
vt 0.596947 0.026476
vt 0.584391 0.033331
vt 0.577338 0.023185
vt 0.591844 0.014907
vt 0.572744 0.041471
vt 0.564128 0.032612
vt 0.144408 0.186178
vt 0.194960 0.222866
vt 0.195105 0.212185
vt 0.194042 0.200077
vt 0.190637 0.191149
vt 0.187600 0.178100
vt 0.066257 0.188225
vt 0.047043 0.188225
vt 0.047062 0.189949
vt 0.066218 0.188283
vt 0.047016 0.188283
vt 0.028052 0.188283
vt 0.028067 0.188225
vt 0.066257 0.041773
vt 0.088867 0.041773
vt 0.557372 0.058131
vt 0.551561 0.066518
vt 0.541317 0.059498
vt 0.548093 0.049929
vt 0.546695 0.075118
vt 0.535338 0.069608
vt 0.066218 0.041714
vt 0.088815 0.041714
vt 0.111445 0.042110
vt 0.111448 0.042193
vt 0.111448 0.187805
vt 0.088867 0.188225
vt 0.111445 0.187888
vt 0.088815 0.188283
vt 0.146114 0.045432
vt 0.155968 0.048673
vt 0.155462 0.048797
vt 0.145735 0.045629
vt 0.161889 0.056116
vt 0.161292 0.056144
vt 0.161292 0.173915
vt 0.542814 0.084126
vt 0.530784 0.079913
vt 0.155462 0.181201
vt 0.161889 0.173942
vt 0.155968 0.181324
vt 0.146114 0.184565
vt 0.145735 0.184369
vt 0.130240 0.223679
vt 0.129987 0.218060
vt 0.130622 0.197836
vt 0.130667 0.192920
vt 0.130563 0.188061
vt 0.130817 0.186701
vt 0.130641 0.186545
vt 0.130641 0.043453
vt 0.130510 0.041274
vt 0.130817 0.043297
vt 0.130453 0.034427
vt 0.130027 0.027376
vt 0.130329 0.011823
vt 0.130381 0.019251
vt 0.130276 0.007332
vt 0.309592 0.142288
vt 0.334515 0.142289
vt 0.334515 0.115247
vt 0.309590 0.115247
vt 0.359514 0.142289
vt 0.359515 0.115247
vt 0.359514 0.088143
vt 0.334515 0.088143
vt 0.309592 0.088143
vt 0.284748 0.088143
vt 0.284746 0.115247
vt 0.259989 0.088143
vt 0.259986 0.115247
vt 0.259989 0.142288
vt 0.564085 0.049760
vt 0.555038 0.041247
vt 0.284748 0.142288
vt 0.235314 0.088143
vt 0.235310 0.115247
vt 0.211242 0.088520
vt 0.211310 0.115247
vt 0.211242 0.141912
vt 0.235314 0.142288
vt 0.188255 0.089648
vt 0.188535 0.115245
vt 0.171502 0.090777
vt 0.171978 0.115244
vt 0.171502 0.139651
vt 0.188255 0.140781
vt 0.166392 0.091151
vt 0.166937 0.115243
vt 0.788598 0.190381
vt 0.789834 0.189105
vt 0.797786 0.181456
vt 0.167111 0.091150
vt 0.167673 0.115243
vt 0.167111 0.139275
vt 0.166392 0.139274
vt 0.463473 0.088143
vt 0.434876 0.088143
vt 0.434880 0.115247
vt 0.463476 0.115247
vt 0.409705 0.088143
vt 0.409708 0.115247
vt 0.409705 0.142289
vt 0.434876 0.142289
vt 0.384581 0.088143
vt 0.384582 0.115247
vt 0.384581 0.142289
vt 0.260000 0.066590
vt 0.284756 0.066590
vt 0.309597 0.066589
vt 0.334517 0.066589
vt 0.359512 0.066589
vt 0.384575 0.066589
vt 0.409696 0.066589
vt 0.434865 0.066589
vt 0.463463 0.066589
vt 0.170047 0.070323
vt 0.187399 0.068723
vt 0.211032 0.067123
vt 0.235328 0.066590
vt 0.164725 0.070857
vt 0.165397 0.070858
vt 0.260000 0.163656
vt 0.284756 0.163656
vt 0.309597 0.163656
vt 0.211032 0.163122
vt 0.235328 0.163656
vt 0.170047 0.159920
vt 0.187399 0.161522
vt 0.165397 0.159384
vt 0.164725 0.159385
vt 0.409696 0.163656
vt 0.434865 0.163657
vt 0.359512 0.163656
vt 0.384575 0.163657
vt 0.334517 0.163656
vt 0.235217 0.206318
vt 0.259883 0.206288
vt 0.212855 0.206333
vt 0.284635 0.206248
vt 0.309473 0.206203
vt 0.334394 0.206153
vt 0.359394 0.206105
vt 0.384464 0.206062
vt 0.409594 0.206030
vt 0.434775 0.206011
vt 0.047047 0.206009
vt 0.066463 0.206134
vt 0.047062 0.201013
vt 0.028070 0.205987
vt 0.089733 0.206449
vt 0.108819 0.206657
vt 0.128214 0.205088
vt 0.133733 0.205157
vt 0.130743 0.201072
vt 0.128287 0.200918
vt 0.125854 0.201027
vt 0.122736 0.205022
vt 0.163333 0.206617
vt 0.179413 0.206389
vt 0.150737 0.206750
vt 0.195131 0.206325
vt 0.284635 0.021311
vt 0.259883 0.021272
vt 0.309473 0.021357
vt 0.235217 0.021242
vt 0.212855 0.021228
vt 0.195134 0.021239
vt 0.179519 0.021267
vt 0.163758 0.021303
vt 0.147461 0.021344
vt 0.130383 0.021383
vt 0.111377 0.021425
vt 0.088863 0.021472
vt 0.066258 0.021516
vt 0.434775 0.021549
vt 0.409594 0.021530
vt 0.384464 0.021497
vt 0.359394 0.021455
vt 0.334394 0.021407
vt 0.047039 0.210649
vt 0.128393 0.209298
vt 0.130841 0.209194
vt 0.125964 0.209146
vt 0.047047 0.021551
vt 0.047062 0.039744
vt 0.047067 0.033542
vt 0.047087 0.027086
vt 0.047010 0.222609
vt 0.047067 0.195237
vt 0.047016 0.041714
vt 0.047043 0.041773
vt 0.499815 0.192311
vt 0.499815 0.066589
vt 0.499815 0.088143
vt 0.499815 0.115247
vt 0.006177 0.012597
vt 0.006177 0.020028
vt 0.006177 0.007527
vt 0.006177 0.188225
vt 0.006177 0.188283
vt 0.006177 0.205979
vt 0.115548 0.206459
vt 0.127443 0.200334
vt 0.126743 0.200043
vt 0.116177 0.205993
vt 0.130086 0.199519
vt 0.132880 0.200345
vt 0.132244 0.200071
vt 0.129394 0.199235
vt 0.145571 0.206529
vt 0.143878 0.206147
vt 0.129548 0.215930
vt 0.132512 0.214710
vt 0.126876 0.214688
vt 0.126530 0.213370
vt 0.129102 0.214475
vt 0.131951 0.213413
vt 0.137042 0.205292
vt 0.139319 0.205502
vt 0.131012 0.198735
vt 0.839190 0.221201
vt 0.839649 0.219419
vt 0.842562 0.208701
vt 0.131078 0.199716
vt 0.128586 0.197749
vt 0.128393 0.198905
vt 0.608335 0.022047
vt 0.604820 0.009721
vt 0.126127 0.198620
vt 0.125657 0.199637
vt 0.117761 0.204945
vt 0.119504 0.204897
vt 0.131197 0.210617
vt 0.131081 0.212066
vt 0.126322 0.211943
vt 0.125831 0.210532
vt 0.128738 0.212980
vt 0.128561 0.211360
vt 0.126449 0.212672
vt 0.116782 0.205399
vt 0.117761 0.204945
vt 0.126323 0.211943
vt 0.128876 0.213755
vt 0.131408 0.212765
vt 0.128740 0.212980
vt 0.131083 0.212066
vt 0.141709 0.205796
vt 0.139319 0.205502
vt 0.131514 0.199194
vt 0.131012 0.198735
vt 0.128907 0.198252
vt 0.126395 0.199113
vt 0.128586 0.197749
vt 0.126127 0.198620
vt 0.115549 0.206459
vt 0.126885 0.214688
vt 0.126543 0.213370
vt 0.116179 0.205993
vt 0.129553 0.215930
vt 0.132513 0.214710
vt 0.131951 0.213413
vt 0.129109 0.214475
vt 0.145571 0.206529
vt 0.143878 0.206147
vt 0.132880 0.200345
vt 0.132244 0.200071
vt 0.130086 0.199519
vt 0.127443 0.200334
vt 0.126743 0.200043
vt 0.129394 0.199235
vt 0.125835 0.210533
vt 0.119505 0.204897
vt 0.128564 0.211360
vt 0.131199 0.210617
vt 0.137042 0.205292
vt 0.131078 0.199716
vt 0.128393 0.198905
vt 0.125657 0.199637
vt 0.116784 0.205399
vt 0.126456 0.212672
vt 0.128879 0.213755
vt 0.131407 0.212765
vt 0.141709 0.205796
vt 0.131514 0.199194
vt 0.128907 0.198252
vt 0.126395 0.199113
vt 0.187779 0.306830
vt 0.162193 0.310828
vt 0.131466 0.311684
vt 0.155630 0.240020
vt 0.123534 0.242547
vt 0.183502 0.236855
vt 0.026346 0.312874
vt 0.058493 0.316623
vt 0.042762 0.316192
vt 0.254202 0.297446
vt 0.269471 0.298654
vt 0.299218 0.291214
vt 0.285638 0.298217
vt 0.239195 0.296288
vt 0.211510 0.299821
vt 0.110814 0.312570
vt 0.097446 0.314088
vt 0.081139 0.315714
vt 0.325343 0.235308
vt 0.296725 0.240310
vt 0.271793 0.241507
vt 0.060151 0.247058
vt 0.048185 0.248720
vt 0.028522 0.246645
vt 0.011193 0.243915
vt 0.072255 0.246792
vt 0.103164 0.244382
vt 0.089297 0.245503
vt 0.237040 0.239630
vt 0.208965 0.236157
vt 0.133969 0.328950
vt 0.113175 0.328327
vt 0.099384 0.328418
vt 0.081288 0.328483
vt 0.056761 0.329042
vt 0.040212 0.328395
vt 0.930826 0.088882
vt 0.926149 0.079437
vt 0.920060 0.070833
vt 0.933958 0.098946
vt 0.935487 0.109373
vt 0.935356 0.119912
vt 0.934029 0.129439
vt 0.931975 0.136832
vt 0.929219 0.143013
vt 0.925785 0.148903
vt 0.921701 0.154637
vt 0.916993 0.160351
vt 0.910943 0.165992
vt 0.902833 0.171506
vt 0.894108 0.176125
vt 0.886210 0.179082
vt 0.878023 0.180676
vt 0.868428 0.181207
vt 0.858833 0.180676
vt 0.850645 0.179082
vt 0.842747 0.176125
vt 0.834022 0.171506
vt 0.825913 0.165992
vt 0.819863 0.160351
vt 0.815155 0.154637
vt 0.807637 0.143013
vt 0.811071 0.148903
vt 0.802826 0.129439
vt 0.804881 0.136832
vt 0.801369 0.109373
vt 0.801500 0.119912
vt 0.806029 0.088882
vt 0.802897 0.098946
vt 0.816796 0.070833
vt 0.810706 0.079437
vt 0.832617 0.056992
vt 0.824165 0.063294
vt 0.853465 0.048955
vt 0.841956 0.052097
vt 0.883391 0.048955
vt 0.868428 0.047907
vt 0.904239 0.056992
vt 0.894900 0.052097
vt 0.912691 0.063294
vt 0.700429 0.099865
vt 0.698290 0.092524
vt 0.695467 0.086400
vt 0.701870 0.109341
vt 0.702134 0.119841
vt 0.700743 0.130251
vt 0.697751 0.140318
vt 0.693212 0.149789
vt 0.687255 0.158440
vt 0.680012 0.166045
vt 0.671674 0.172431
vt 0.662435 0.177426
vt 0.651012 0.180702
vt 0.636123 0.181935
vt 0.621208 0.181080
vt 0.609706 0.178093
vt 0.600343 0.173334
vt 0.591846 0.167161
vt 0.584413 0.159741
vt 0.578240 0.151244
vt 0.573462 0.141891
vt 0.570216 0.131903
vt 0.568562 0.121531
vt 0.568560 0.111028
vt 0.569761 0.101518
vt 0.574381 0.087932
vt 0.571714 0.094126
vt 0.581721 0.076254
vt 0.577726 0.082020
vt 0.592292 0.064804
vt 0.586338 0.070501
vt 0.608930 0.054494
vt 0.600299 0.059207
vt 0.624893 0.049757
vt 0.616759 0.051449
vt 0.644004 0.049515
vt 0.634442 0.049107
vt 0.660082 0.053847
vt 0.652179 0.051000
vt 0.676975 0.063732
vt 0.668830 0.058340
vt 0.687833 0.074911
vt 0.683072 0.069277
vt 0.691973 0.080574
vt 0.576803 0.419924
vt 0.575640 0.430702
vt 0.547878 0.434774
vt 0.550597 0.418727
vt 0.456829 0.429057
vt 0.462274 0.443020
vt 0.438657 0.444366
vt 0.435333 0.435032
vt 0.571603 0.443317
vt 0.569468 0.452889
vt 0.532723 0.485431
vt 0.545041 0.462866
vt 0.471669 0.467561
vt 0.484656 0.489391
vt 0.447309 0.464211
vt 0.444399 0.455604
vt 0.373425 0.450811
vt 0.375300 0.454596
vt 0.352668 0.461833
vt 0.350309 0.458456
vt 0.404479 0.444647
vt 0.407204 0.451085
vt 0.420706 0.439703
vt 0.423973 0.447853
vt 0.378954 0.463239
vt 0.381742 0.470715
vt 0.359893 0.472737
vt 0.357188 0.467606
vt 0.418779 0.459042
vt 0.418026 0.470643
vt 0.430350 0.454745
vt 0.434688 0.460549
vt 0.413534 0.454864
vt 0.638615 0.421966
vt 0.639156 0.426944
vt 0.610086 0.428121
vt 0.611051 0.420219
vt 0.639002 0.434472
vt 0.637848 0.450458
vt 0.604627 0.452803
vt 0.601064 0.440384
vt 0.571677 0.466832
vt 0.668176 0.429125
vt 0.668713 0.424955
vt 0.665114 0.448849
vt 0.667334 0.436581
vt 0.235814 0.277072
vt 0.239113 0.286368
vt 0.210581 0.286863
vt 0.207328 0.275879
vt 0.581606 0.403759
vt 0.579051 0.408306
vt 0.554638 0.404922
vt 0.558109 0.400415
vt 0.300622 0.276189
vt 0.302684 0.282840
vt 0.274976 0.285151
vt 0.272839 0.277235
vt 0.638602 0.412789
vt 0.636920 0.414457
vt 0.611369 0.413681
vt 0.613231 0.408997
vt 0.237126 0.248101
vt 0.237158 0.254973
vt 0.209702 0.253061
vt 0.209980 0.245609
vt 0.088903 0.251285
vt 0.088520 0.255982
vt 0.071286 0.256053
vt 0.071770 0.251980
vt 0.450198 0.417266
vt 0.430515 0.425424
vt 0.027672 0.250375
vt 0.026959 0.253041
vt 0.008891 0.249963
vt 0.009883 0.247357
vt 0.048005 0.252877
vt 0.047667 0.256120
vt 0.059990 0.251894
vt 0.059622 0.255783
vt 0.372357 0.446931
vt 0.347514 0.454707
vt 0.402220 0.439761
vt 0.416992 0.432125
vt 0.298054 0.248400
vt 0.299121 0.254900
vt 0.272572 0.256192
vt 0.272204 0.249650
vt 0.329585 0.250614
vt 0.327653 0.243689
vt 0.668538 0.418504
vt 0.088293 0.270910
vt 0.085056 0.277869
vt 0.067536 0.275121
vt 0.070548 0.269290
vt 0.446211 0.414262
vt 0.427198 0.422558
vt 0.058155 0.268406
vt 0.055218 0.273490
vt 0.043261 0.270493
vt 0.045840 0.266381
vt 0.413240 0.429426
vt 0.398351 0.437190
vt 0.344823 0.451667
vt 0.368541 0.444822
vt 0.007992 0.263009
vt 0.007533 0.259399
vt 0.025219 0.261654
vt 0.023984 0.264793
vt 0.332868 0.273008
vt 0.332680 0.279722
vt 0.667216 0.412557
vt 0.300253 0.267520
vt 0.332136 0.264134
vt 0.272876 0.268737
vt 0.236395 0.268093
vt 0.208446 0.266682
vt 0.070818 0.263757
vt 0.088346 0.264797
vt 0.046682 0.262163
vt 0.058816 0.263206
vt 0.025913 0.257992
vt 0.007869 0.255475
vt 0.527274 0.537324
vt 0.528856 0.512957
vt 0.549461 0.513962
vt 0.549391 0.538416
vt 0.469420 0.517536
vt 0.486474 0.514717
vt 0.487467 0.537353
vt 0.469364 0.538679
vt 0.555982 0.489137
vt 0.464987 0.495988
vt 0.446823 0.476144
vt 0.433900 0.471624
vt 0.583706 0.478369
vt 0.581250 0.494401
vt 0.383137 0.480167
vt 0.364832 0.484198
vt 0.410262 0.480066
vt 0.635409 0.463297
vt 0.609328 0.466665
vt 0.660133 0.463332
vt 0.448358 0.515663
vt 0.448060 0.536585
vt 0.575636 0.534524
vt 0.575310 0.510832
vt 0.443588 0.500381
vt 0.433069 0.485095
vt 0.423192 0.481867
vt 0.602954 0.484134
vt 0.594787 0.497371
vt 0.381111 0.487309
vt 0.366758 0.490140
vt 0.400283 0.487456
vt 0.636225 0.476019
vt 0.618357 0.477857
vt 0.654853 0.476267
vt 0.419723 0.510689
vt 0.420872 0.526359
vt 0.591231 0.510797
vt 0.590800 0.528655
vt 0.417411 0.498420
vt 0.410893 0.490914
vt 0.405892 0.489217
vt 0.638777 0.431156
vt 0.667549 0.431332
vt 0.605440 0.434013
vt 0.376280 0.457974
vt 0.354845 0.464555
vt 0.390588 0.506897
vt 0.380510 0.504739
vt 0.386319 0.500664
vt 0.392498 0.503349
vt 0.639709 0.499560
vt 0.643216 0.503947
vt 0.633693 0.510158
vt 0.631532 0.504466
vt 0.389084 0.513000
vt 0.378657 0.508394
vt 0.635023 0.493599
vt 0.626736 0.496324
vt 0.375349 0.501757
vt 0.372742 0.504081
vt 0.370084 0.499817
vt 0.374797 0.498547
vt 0.379293 0.498523
vt 0.619723 0.515798
vt 0.619011 0.506599
vt 0.618680 0.500217
vt 0.382894 0.499580
vt 0.377943 0.503322
vt 0.375643 0.506477
vt 0.640975 0.493261
vt 0.648417 0.495260
vt 0.401586 0.500740
vt 0.397358 0.496237
vt 0.401880 0.506930
vt 0.400895 0.517499
vt 0.377031 0.494419
vt 0.368702 0.496317
vt 0.387945 0.493867
vt 0.392959 0.495062
vt 0.627216 0.485859
vt 0.616384 0.489737
vt 0.604420 0.509028
vt 0.603852 0.522709
vt 0.608481 0.497905
vt 0.639179 0.485403
vt 0.651553 0.486253
vt 0.474061 0.280008
vt 0.499397 0.286602
vt 0.499222 0.300370
vt 0.473727 0.291564
vt 0.574455 0.320722
vt 0.589354 0.324921
vt 0.587437 0.328870
vt 0.570003 0.326709
vt 0.476796 0.304922
vt 0.501101 0.324461
vt 0.500905 0.346315
vt 0.477192 0.314670
vt 0.560270 0.340733
vt 0.583346 0.332835
vt 0.580642 0.337336
vt 0.550770 0.356349
vt 0.619484 0.334045
vt 0.634651 0.336866
vt 0.633982 0.339710
vt 0.619570 0.336142
vt 0.605748 0.331291
vt 0.603887 0.334715
vt 0.596906 0.327924
vt 0.594957 0.331764
vt 0.622065 0.342219
vt 0.636022 0.344522
vt 0.635962 0.348672
vt 0.622284 0.347165
vt 0.597764 0.338566
vt 0.599902 0.344607
vt 0.591347 0.334736
vt 0.600504 0.336613
vt 0.588639 0.337850
vt 0.396939 0.268895
vt 0.433100 0.272929
vt 0.433836 0.282460
vt 0.394778 0.278191
vt 0.394609 0.289869
vt 0.445050 0.298342
vt 0.440365 0.312136
vt 0.394725 0.311984
vt 0.461649 0.327748
vt 0.344837 0.288465
vt 0.341920 0.281236
vt 0.354136 0.318903
vt 0.349168 0.300502
vt 0.082413 0.338712
vt 0.101086 0.339520
vt 0.098821 0.346982
vt 0.080512 0.344537
vt 0.472082 0.260165
vt 0.497137 0.265421
vt 0.498647 0.271790
vt 0.473558 0.266236
vt 0.039829 0.337498
vt 0.057085 0.338616
vt 0.056193 0.343368
vt 0.038849 0.341316
vt 0.397007 0.257093
vt 0.432455 0.257525
vt 0.432787 0.263476
vt 0.399723 0.260037
vt 0.081017 0.320709
vt 0.098017 0.319708
vt 0.098682 0.324392
vt 0.081037 0.324889
vt 0.214541 0.309764
vt 0.239992 0.306437
vt 0.240718 0.316426
vt 0.215987 0.318982
vt 0.579164 0.315611
vt 0.591503 0.321035
vt 0.286948 0.304768
vt 0.303254 0.296465
vt 0.305446 0.300979
vt 0.286948 0.310427
vt 0.269440 0.308629
vt 0.269016 0.317266
vt 0.254382 0.307542
vt 0.254653 0.316705
vt 0.618445 0.331547
vt 0.634105 0.333600
vt 0.606691 0.328537
vt 0.598366 0.324364
vt 0.041588 0.321161
vt 0.057697 0.321525
vt 0.057072 0.325574
vt 0.040692 0.325092
vt 0.023602 0.321896
vt 0.024826 0.317809
vt 0.341955 0.254382
vt 0.216662 0.345091
vt 0.240404 0.340985
vt 0.242107 0.345824
vt 0.219927 0.352138
vt 0.582433 0.312590
vt 0.593495 0.317682
vt 0.252983 0.337505
vt 0.266365 0.333794
vt 0.268244 0.339319
vt 0.254055 0.342876
vt 0.600001 0.321672
vt 0.607489 0.326907
vt 0.620332 0.329775
vt 0.633677 0.330788
vt 0.308657 0.324175
vt 0.288776 0.333741
vt 0.287114 0.328494
vt 0.307095 0.317911
vt 0.021545 0.335144
vt 0.021471 0.339116
vt 0.345728 0.243509
vt 0.022036 0.329899
vt 0.039940 0.332533
vt 0.056790 0.333399
vt 0.081800 0.333099
vt 0.100236 0.333536
vt 0.240629 0.335769
vt 0.217274 0.338966
vt 0.266716 0.330164
vt 0.253546 0.332828
vt 0.286469 0.322140
vt 0.306768 0.310916
vt 0.512938 0.387166
vt 0.491262 0.387732
vt 0.489263 0.369181
vt 0.509166 0.368799
vt 0.562780 0.371678
vt 0.561753 0.383628
vt 0.547642 0.384974
vt 0.549120 0.371016
vt 0.482213 0.350316
vt 0.566157 0.361070
vt 0.581175 0.346330
vt 0.590433 0.345171
vt 0.458622 0.354585
vt 0.447415 0.338214
vt 0.635235 0.357486
vt 0.623186 0.354190
vt 0.606755 0.351544
vt 0.429414 0.327557
vt 0.392479 0.329936
vt 0.359133 0.340169
vt 0.577623 0.372317
vt 0.577759 0.383466
vt 0.463995 0.391292
vt 0.463167 0.372577
vt 0.590772 0.354738
vt 0.581503 0.363475
vt 0.598434 0.353409
vt 0.440563 0.362641
vt 0.430991 0.351608
vt 0.634531 0.361869
vt 0.625102 0.359718
vt 0.613770 0.358595
vt 0.412565 0.344772
vt 0.385809 0.347948
vt 0.363308 0.358766
vt 0.598854 0.374831
vt 0.598603 0.384024
vt 0.445765 0.376907
vt 0.446269 0.394165
vt 0.606264 0.362309
vt 0.600773 0.367398
vt 0.609834 0.360686
vt 0.346993 0.292067
vt 0.395912 0.285372
vt 0.439704 0.291792
vt 0.621153 0.338759
vt 0.635173 0.341890
vt 0.620244 0.376029
vt 0.618456 0.372945
vt 0.622153 0.370639
vt 0.627311 0.373780
vt 0.384483 0.383982
vt 0.395613 0.387674
vt 0.393616 0.394604
vt 0.381658 0.390096
vt 0.622351 0.380199
vt 0.629340 0.376284
vt 0.388749 0.374339
vt 0.400944 0.375483
vt 0.630607 0.370758
vt 0.630115 0.368115
vt 0.633749 0.369170
vt 0.632746 0.372633
vt 0.626813 0.368432
vt 0.411883 0.387278
vt 0.410533 0.397088
vt 0.411017 0.377943
vt 0.624430 0.369602
vt 0.628962 0.372350
vt 0.631072 0.374594
vt 0.381111 0.376131
vt 0.373446 0.382006
vt 0.615213 0.366816
vt 0.612300 0.370828
vt 0.612159 0.376158
vt 0.613942 0.383047
vt 0.633808 0.366442
vt 0.627834 0.364934
vt 0.620939 0.364776
vt 0.617980 0.365923
vt 0.414608 0.363265
vt 0.397927 0.359369
vt 0.430219 0.396808
vt 0.429639 0.382905
vt 0.424532 0.371275
vt 0.381695 0.363504
vt 0.367665 0.371866
vt 0.534452 0.418177
vt 0.513230 0.418966
vt 0.513421 0.404922
vt 0.536887 0.404053
vt 0.532986 0.435188
vt 0.513669 0.436358
vt 0.529734 0.462160
vt 0.513669 0.464526
vt 0.470013 0.425467
vt 0.488364 0.421735
vt 0.491550 0.438813
vt 0.474643 0.441164
vt 0.464941 0.412636
vt 0.485334 0.408293
vt 0.497386 0.465951
vt 0.484640 0.467143
vt 0.526074 0.486347
vt 0.515163 0.486855
vt 0.525113 0.512535
vt 0.514173 0.513881
vt 0.503376 0.487704
vt 0.492349 0.488754
vt 0.502825 0.514264
vt 0.492073 0.513956
vt 0.156552 0.247295
vt 0.184585 0.245630
vt 0.185957 0.252717
vt 0.157130 0.253538
vt 0.157299 0.265561
vt 0.186179 0.265817
vt 0.185415 0.274578
vt 0.156866 0.273669
vt 0.102703 0.250648
vt 0.123494 0.249193
vt 0.123468 0.254803
vt 0.102333 0.255720
vt 0.102401 0.265235
vt 0.123754 0.265524
vt 0.124023 0.272831
vt 0.102610 0.271800
vt 0.513874 0.399332
vt 0.539030 0.398831
vt 0.461931 0.408416
vt 0.483805 0.403085
vt 0.186743 0.286199
vt 0.156935 0.284817
vt 0.123419 0.282985
vt 0.100553 0.280484
vt 0.524282 0.536776
vt 0.514433 0.536539
vt 0.503288 0.536454
vt 0.493189 0.536655
vt 0.524751 0.388050
vt 0.515720 0.387737
vt 0.513608 0.369350
vt 0.523648 0.370771
vt 0.543056 0.386339
vt 0.534553 0.387553
vt 0.534415 0.371294
vt 0.544110 0.371075
vt 0.512808 0.291600
vt 0.529752 0.299780
vt 0.526772 0.312340
vt 0.511190 0.304893
vt 0.514027 0.277884
vt 0.532535 0.287754
vt 0.523474 0.332411
vt 0.509706 0.327803
vt 0.563664 0.317145
vt 0.549081 0.310289
vt 0.553860 0.300516
vt 0.568658 0.310158
vt 0.559611 0.325572
vt 0.545201 0.321174
vt 0.550487 0.340122
vt 0.539213 0.337900
vt 0.523247 0.351173
vt 0.512637 0.349266
vt 0.546158 0.355290
vt 0.535125 0.353527
vt 0.111408 0.318771
vt 0.131916 0.318325
vt 0.132756 0.323969
vt 0.112227 0.323906
vt 0.114374 0.333858
vt 0.135596 0.335121
vt 0.137170 0.341341
vt 0.115578 0.340009
vt 0.163506 0.318157
vt 0.190095 0.315758
vt 0.192818 0.323313
vt 0.164910 0.324433
vt 0.168131 0.337022
vt 0.195941 0.338584
vt 0.196246 0.344608
vt 0.169091 0.343038
vt 0.514596 0.271825
vt 0.534282 0.282995
vt 0.556537 0.297307
vt 0.571782 0.307304
vt 0.137935 0.352448
vt 0.114546 0.349504
vt 0.198577 0.354688
vt 0.170755 0.355005
vt 0.166513 0.330095
vt 0.194856 0.330311
vt 0.219046 0.329241
vt 0.240891 0.325842
vt 0.267866 0.323899
vt 0.253980 0.325020
vt 0.286455 0.315560
vt 0.306390 0.305077
vt 0.008324 0.252234
vt 0.026464 0.255170
vt 0.047275 0.258761
vt 0.059266 0.259026
vt 0.071011 0.259418
vt 0.088370 0.259883
vt 0.102238 0.259936
vt 0.123520 0.259552
vt 0.157348 0.258865
vt 0.186373 0.258568
vt 0.209266 0.259142
vt 0.236932 0.260740
vt 0.272820 0.261720
vt 0.299766 0.260435
vt 0.331026 0.256581
vt 0.022739 0.325433
vt 0.463435 0.036468
vt 0.499815 0.036468
vt 0.499815 0.028008
vt 0.463381 0.012753
vt 0.499815 0.012765
vt 0.463358 0.007565
vt 0.499815 0.007568
vt 0.499815 0.222538
vt 0.499815 0.210229
vt 0.499815 0.163657
vt 0.463473 0.142289
vt 0.499815 0.142289
vt 0.499815 0.020165
vt 0.463422 0.200369
vt 0.499815 0.200369
vt 0.463399 0.210247
vt 0.463401 0.206002
vt 0.499815 0.205999
vt 0.463448 0.180085
vt 0.499815 0.180085
vt 0.463435 0.192311
vt 0.499815 0.192311
vt 0.499815 0.049670
vt 0.463462 0.066589
vt 0.499815 0.066589
vt 0.463401 0.021558
vt 0.499815 0.021561
vt 0.464225 0.028007
vt 0.463473 0.088143
vt 0.499815 0.088143
vt 0.463476 0.115247
vt 0.499815 0.115247
vt 0.006177 0.012597
vt 0.006177 0.020028
vt 0.006177 0.021580
vt 0.006177 0.007527
vt 0.006177 0.027090
vt 0.006177 0.041714
vt 0.006177 0.041773
vt 0.006177 0.039744
vt 0.006177 0.033542
vt 0.006177 0.205979
vt 0.006177 0.210473
vt 0.006177 0.201013
vt 0.006177 0.188283
vt 0.006177 0.188225
vt 0.006177 0.189949
vt 0.006177 0.195237
vt 0.006177 0.222580
vn -0.345329 0.240509 -0.907140
vn -0.737815 0.201960 -0.644082
vn -0.689939 0.354658 -0.631032
vn -0.325672 0.364360 -0.872456
vn 0.125241 0.157097 -0.979610
vn -0.345329 0.240509 -0.907140
vn -0.325672 0.364360 -0.872456
vn 0.129470 0.309772 -0.941955
vn 0.308727 -0.445719 0.840251
vn 0.700374 -0.445934 0.557331
vn 0.716791 -0.306229 0.626446
vn 0.332492 -0.325912 0.885003
vn -0.160257 -0.404921 0.900198
vn 0.308727 -0.445719 0.840251
vn 0.332492 -0.325912 0.885003
vn -0.094409 -0.269780 0.958283
vn -0.600253 0.411601 -0.685770
vn -0.966105 0.202194 0.160493
vn -0.952021 0.286015 0.108860
vn -0.522237 0.540885 -0.659327
vn 0.830104 0.109410 -0.546769
vn 0.005840 0.380435 -0.924789
vn -0.020923 0.515066 -0.856895
vn 0.791876 0.196053 -0.578357
vn 0.580582 -0.807719 0.102544
vn 0.212438 -0.421228 -0.881724
vn 0.743377 -0.158662 -0.649782
vn 0.922250 -0.346448 -0.171549
vn 0.212438 -0.421228 -0.881724
vn 0.580582 -0.807719 0.102544
vn 0.034516 -0.975784 0.215995
vn -0.319292 -0.604344 -0.729945
vn -0.319292 -0.604344 -0.729945
vn 0.034516 -0.975784 0.215995
vn -0.430155 -0.751735 0.499861
vn -0.796732 -0.366895 -0.480214
vn -0.796732 -0.366895 -0.480214
vn -0.430155 -0.751735 0.499861
vn -0.819533 -0.253134 0.514090
vn -0.996973 -0.066852 0.039685
vn -0.785203 -0.028854 0.618566
vn -0.979789 0.175248 0.096448
vn -0.999621 -0.027294 0.003531
vn -0.791702 -0.245775 0.559288
vn 0.787872 0.086371 -0.609752
vn 0.989623 -0.125582 -0.069820
vn 0.936706 -0.334369 -0.103826
vn 0.718434 -0.105569 -0.687537
vn -0.689939 0.354658 -0.631032
vn -0.737815 0.201960 -0.644082
vn -0.999621 -0.027294 0.003531
vn -0.979789 0.175248 0.096448
vn 0.716791 -0.306229 0.626446
vn 0.700374 -0.445934 0.557331
vn 0.936706 -0.334369 -0.103826
vn 0.989623 -0.125582 -0.069820
vn 0.718434 -0.105569 -0.687537
vn 0.125241 0.157097 -0.979610
vn 0.129470 0.309772 -0.941955
vn 0.787872 0.086371 -0.609752
vn -0.791702 -0.245775 0.559288
vn -0.160257 -0.404921 0.900198
vn -0.094409 -0.269780 0.958283
vn -0.785203 -0.028854 0.618566
vn 0.034516 -0.975784 0.215995
vn 0.277186 -0.565531 0.776751
vn -0.165668 -0.496799 0.851906
vn -0.430155 -0.751735 0.499861
vn -0.360117 0.103532 -0.927145
vn -0.319292 -0.604344 -0.729945
vn -0.796732 -0.366895 -0.480214
vn -0.735067 0.100972 -0.670433
vn 0.212438 -0.421228 -0.881724
vn -0.319292 -0.604344 -0.729945
vn -0.360117 0.103532 -0.927145
vn 0.089581 0.058871 -0.994238
vn 0.580582 -0.807719 0.102544
vn 0.658302 -0.538193 0.526296
vn 0.277186 -0.565531 0.776751
vn 0.034516 -0.975784 0.215995
vn -0.796732 -0.366895 -0.480214
vn -0.996973 -0.066852 0.039685
vn -0.735067 0.100972 -0.670433
vn -0.430155 -0.751735 0.499861
vn -0.165668 -0.496799 0.851906
vn -0.819533 -0.253134 0.514090
vn 0.580582 -0.807719 0.102544
vn 0.922250 -0.346448 -0.171549
vn 0.658302 -0.538193 0.526296
vn 0.089581 0.058871 -0.994238
vn 0.743377 -0.158662 -0.649782
vn 0.212438 -0.421228 -0.881724
vn -0.316353 0.409174 -0.855861
vn -0.600253 0.411601 -0.685770
vn -0.522237 0.540885 -0.659327
vn -0.280959 0.552469 -0.784755
vn -0.689939 0.354658 -0.631032
vn -0.979789 0.175248 0.096448
vn -0.971924 0.205408 0.114771
vn -0.668994 0.378279 -0.639807
vn -0.804112 0.032128 0.593610
vn 0.019479 -0.238828 0.970867
vn 0.094746 -0.106858 0.989750
vn -0.744214 0.067853 0.664485
vn -0.782154 0.005991 0.623056
vn -0.785203 -0.028854 0.618566
vn -0.094409 -0.269780 0.958283
vn -0.069887 -0.251587 0.965308
vn -0.094409 -0.269780 0.958283
vn 0.332492 -0.325912 0.885003
vn 0.335625 -0.307646 0.890343
vn -0.069887 -0.251587 0.965308
vn -0.522237 0.540885 -0.659327
vn -0.952021 0.286015 0.108860
vn -0.744214 0.067853 0.664485
vn 0.094746 -0.106858 0.989750
vn -0.966105 0.202194 0.160493
vn -0.804112 0.032128 0.593610
vn -0.744214 0.067853 0.664485
vn -0.952021 0.286015 0.108860
vn 0.005840 0.380435 -0.924789
vn -0.316353 0.409174 -0.855861
vn -0.280959 0.552469 -0.784755
vn -0.020923 0.515066 -0.856895
vn 0.625448 -0.270036 0.732048
vn 0.991525 -0.060043 -0.115211
vn 0.999488 -0.021887 -0.023336
vn 0.595672 -0.132615 0.792205
vn 0.787872 0.086371 -0.609752
vn 0.129470 0.309772 -0.941955
vn 0.102338 0.336507 -0.936104
vn 0.794836 0.117234 -0.595392
vn 0.332492 -0.325912 0.885003
vn 0.716791 -0.306229 0.626446
vn 0.699529 -0.288292 0.653870
vn 0.335625 -0.307646 0.890343
vn 0.716791 -0.306229 0.626446
vn 0.989623 -0.125582 -0.069820
vn 0.993778 -0.091890 -0.062938
vn 0.699529 -0.288292 0.653870
vn 0.989623 -0.125582 -0.069820
vn 0.787872 0.086371 -0.609752
vn 0.794836 0.117234 -0.595392
vn 0.993778 -0.091890 -0.062938
vn -0.280959 0.552469 -0.784755
vn 0.358804 -0.119448 0.925739
vn 0.595672 -0.132615 0.792205
vn -0.020923 0.515066 -0.856895
vn -0.522237 0.540885 -0.659327
vn 0.094746 -0.106858 0.989750
vn 0.358804 -0.119448 0.925739
vn -0.280959 0.552469 -0.784755
vn -0.020923 0.515066 -0.856895
vn 0.595672 -0.132615 0.792205
vn 0.999488 -0.021887 -0.023336
vn 0.791876 0.196053 -0.578357
vn -0.979789 0.175248 0.096448
vn -0.785203 -0.028854 0.618566
vn -0.782154 0.005991 0.623056
vn -0.971924 0.205408 0.114771
vn 0.129470 0.309772 -0.941955
vn -0.325672 0.364360 -0.872456
vn -0.322139 0.382264 -0.866084
vn 0.102338 0.336507 -0.936104
vn -0.325672 0.364360 -0.872456
vn -0.689939 0.354658 -0.631032
vn -0.668994 0.378279 -0.639807
vn -0.322139 0.382264 -0.866084
vn 0.991525 -0.060043 -0.115211
vn 0.830104 0.109410 -0.546769
vn 0.791876 0.196053 -0.578357
vn 0.999488 -0.021887 -0.023336
vn 0.358804 -0.119448 0.925739
vn 0.339652 -0.279589 0.898035
vn 0.625448 -0.270036 0.732048
vn 0.595672 -0.132615 0.792205
vn 0.019479 -0.238828 0.970867
vn 0.339652 -0.279589 0.898035
vn 0.358804 -0.119448 0.925739
vn 0.094746 -0.106858 0.989750
vn -0.999621 -0.027294 0.003531
vn -0.737815 0.201960 -0.644082
vn -0.735067 0.100972 -0.670433
vn -0.996973 -0.066852 0.039685
vn -0.791702 -0.245775 0.559288
vn -0.999621 -0.027294 0.003531
vn -0.996973 -0.066852 0.039685
vn -0.819533 -0.253134 0.514090
vn -0.165668 -0.496799 0.851906
vn -0.160257 -0.404921 0.900198
vn -0.791702 -0.245775 0.559288
vn -0.819533 -0.253134 0.514090
vn 0.277186 -0.565531 0.776751
vn 0.308727 -0.445719 0.840251
vn -0.160257 -0.404921 0.900198
vn -0.165668 -0.496799 0.851906
vn 0.658302 -0.538193 0.526296
vn 0.700374 -0.445934 0.557331
vn 0.308727 -0.445719 0.840251
vn 0.277186 -0.565531 0.776751
vn 0.936706 -0.334369 -0.103826
vn 0.700374 -0.445934 0.557331
vn 0.658302 -0.538193 0.526296
vn 0.922250 -0.346448 -0.171549
vn 0.718434 -0.105569 -0.687537
vn 0.936706 -0.334369 -0.103826
vn 0.922250 -0.346448 -0.171549
vn 0.743377 -0.158662 -0.649782
vn 0.089581 0.058871 -0.994238
vn 0.125241 0.157097 -0.979610
vn 0.718434 -0.105569 -0.687537
vn 0.743377 -0.158662 -0.649782
vn -0.360117 0.103532 -0.927145
vn -0.345329 0.240509 -0.907140
vn 0.125241 0.157097 -0.979610
vn 0.089581 0.058871 -0.994238
vn -0.735067 0.100972 -0.670433
vn -0.737815 0.201960 -0.644082
vn -0.345329 0.240509 -0.907140
vn -0.360117 0.103532 -0.927145
vn -0.322139 0.382264 -0.866084
vn -0.668994 0.378279 -0.639807
vn -0.600253 0.411601 -0.685770
vn -0.316353 0.409174 -0.855861
vn -0.668994 0.378279 -0.639807
vn -0.971924 0.205408 0.114771
vn -0.966105 0.202194 0.160493
vn -0.600253 0.411601 -0.685770
vn -0.782154 0.005991 0.623056
vn -0.804112 0.032128 0.593610
vn -0.966105 0.202194 0.160493
vn -0.971924 0.205408 0.114771
vn -0.782154 0.005991 0.623056
vn -0.069887 -0.251587 0.965308
vn 0.019479 -0.238828 0.970867
vn -0.804112 0.032128 0.593610
vn -0.069887 -0.251587 0.965308
vn 0.335625 -0.307646 0.890343
vn 0.339652 -0.279589 0.898035
vn 0.019479 -0.238828 0.970867
vn 0.625448 -0.270036 0.732048
vn 0.339652 -0.279589 0.898035
vn 0.335625 -0.307646 0.890343
vn 0.699529 -0.288292 0.653870
vn 0.699529 -0.288292 0.653870
vn 0.993778 -0.091890 -0.062938
vn 0.991525 -0.060043 -0.115211
vn 0.625448 -0.270036 0.732048
vn 0.794836 0.117234 -0.595392
vn 0.830104 0.109410 -0.546769
vn 0.991525 -0.060043 -0.115211
vn 0.993778 -0.091890 -0.062938
vn 0.102338 0.336507 -0.936104
vn 0.005840 0.380435 -0.924789
vn 0.830104 0.109410 -0.546769
vn 0.794836 0.117234 -0.595392
vn 0.102338 0.336507 -0.936104
vn -0.322139 0.382264 -0.866084
vn -0.316353 0.409174 -0.855861
vn 0.005840 0.380435 -0.924789
vn -0.310412 0.594377 0.741863
vn -0.284645 0.719637 0.633324
vn -0.501290 0.705258 0.501318
vn -0.552479 0.624163 0.552438
vn -0.889114 0.268256 -0.370831
vn -0.551068 0.640318 -0.535086
vn -0.698538 0.164189 -0.696482
vn 0.360227 -0.860515 -0.360208
vn 0.360206 -0.860515 -0.360230
vn 0.476542 -0.847666 -0.233175
vn 0.476541 -0.847666 -0.233175
vn -0.360229 -0.860515 0.360207
vn -0.360208 -0.860515 0.360228
vn -0.233174 -0.847667 0.476541
vn -0.233174 -0.847666 0.476541
vn -0.388254 0.273226 -0.880117
vn -0.698538 0.164189 -0.696482
vn -0.324444 0.599356 -0.731784
vn -0.476507 -0.847691 0.233155
vn -0.360208 -0.860515 0.360228
vn -0.360229 -0.860515 0.360207
vn -0.476507 -0.847691 0.233155
vn 0.233153 -0.847691 -0.476508
vn 0.233153 -0.847691 -0.476508
vn 0.360206 -0.860515 -0.360230
vn 0.360227 -0.860515 -0.360208
vn -0.552479 0.624163 0.552438
vn -0.501290 0.705258 0.501318
vn -0.633305 0.719658 0.284636
vn -0.741819 0.594440 0.310396
vn 0.493385 -0.716338 0.493387
vn 0.697145 0.160020 0.698844
vn 0.357066 0.258054 0.897726
vn 0.493385 -0.716338 0.493387
vn 0.888977 0.263095 0.374835
vn 0.697145 0.160020 0.698844
vn -0.491624 -0.718756 -0.491625
vn -0.698538 0.164189 -0.696482
vn -0.388254 0.273226 -0.880117
vn -0.889114 0.268256 -0.370831
vn -0.698538 0.164189 -0.696482
vn -0.491624 -0.718756 -0.491625
vn 0.757789 0.575447 -0.307598
vn 0.561887 0.607058 -0.561929
vn 0.508931 0.694267 -0.508904
vn 0.642487 0.713097 -0.280541
vn 0.280529 0.713117 -0.642470
vn 0.508931 0.694267 -0.508904
vn 0.561887 0.607058 -0.561929
vn 0.307581 0.575512 -0.757747
vn 0.357066 0.258054 0.897726
vn 0.697145 0.160020 0.698844
vn 0.286283 0.600607 0.746534
vn 0.697145 0.160020 0.698844
vn 0.888977 0.263095 0.374835
vn 0.537479 0.636077 0.553645
vn 0.799898 -0.597611 -0.054998
vn 0.307881 -0.951201 -0.020656
vn 0.302810 -0.950549 -0.069021
vn 0.785668 -0.591628 -0.180837
vn 0.052833 -0.998597 -0.003472
vn 0.051613 -0.998599 -0.011673
vn 0.049161 -0.998598 -0.019624
vn 0.290747 -0.949674 -0.116557
vn 0.752281 -0.584715 -0.303614
vn 0.975376 -0.210786 -0.064900
vn 0.957462 -0.281314 -0.064262
vn 0.935367 -0.282538 -0.212745
vn 0.953338 -0.210255 -0.216657
vn 0.914850 -0.398890 -0.062730
vn 0.894011 -0.399095 -0.203636
vn 0.851198 -0.399351 -0.340560
vn 0.890623 -0.282575 -0.356289
vn 0.907819 -0.209727 -0.363151
vn 0.845243 -0.497722 -0.194516
vn 0.805831 -0.494846 -0.325214
vn 0.864161 -0.364295 -0.347152
vn 0.908699 -0.362091 -0.207739
vn 0.863836 -0.500263 -0.059375
vn 0.930624 -0.360530 -0.062912
vn 0.271157 -0.948814 -0.161945
vn 0.699997 -0.577422 -0.420224
vn 0.045441 -0.998600 -0.027072
vn 0.040652 -0.998599 -0.033864
vn 0.244616 -0.947890 -0.204127
vn 0.629466 -0.570583 -0.527453
vn 0.824002 -0.282285 -0.491260
vn 0.839930 -0.209213 -0.500747
vn 0.787356 -0.399616 -0.469444
vn 0.704072 -0.399955 -0.586787
vn 0.737039 -0.282095 -0.614163
vn 0.751326 -0.208802 -0.626028
vn 0.746485 -0.491829 -0.448180
vn 0.668565 -0.488953 -0.560308
vn 0.713067 -0.369357 -0.595912
vn 0.798336 -0.366799 -0.477618
vn 0.211136 -0.947157 -0.241485
vn 0.542215 -0.564695 -0.622192
vn 0.034827 -0.998601 -0.039779
vn 0.028184 -0.998600 -0.044752
vn 0.171807 -0.946522 -0.273090
vn 0.440278 -0.560367 -0.701530
vn 0.631548 -0.282744 -0.721944
vn 0.644200 -0.208444 -0.735906
vn 0.602907 -0.400314 -0.690110
vn 0.484725 -0.400918 -0.777372
vn 0.509487 -0.286512 -0.811378
vn 0.521181 -0.208206 -0.827660
vn 0.573946 -0.486468 -0.658737
vn 0.464930 -0.484611 -0.740940
vn 0.493631 -0.373483 -0.785391
vn 0.610628 -0.371665 -0.699284
vn 0.118212 -0.944408 -0.306789
vn 0.297911 -0.557336 -0.775001
vn 0.019344 -0.998546 -0.050316
vn 0.008389 -0.998525 -0.053651
vn 0.051789 -0.943440 -0.327473
vn 0.129792 -0.551962 -0.823706
vn 0.344310 -0.290559 -0.892763
vn 0.352035 -0.207856 -0.912616
vn 0.323051 -0.401069 -0.857194
vn 0.138513 -0.397505 -0.907085
vn 0.151697 -0.287231 -0.945773
vn 0.153108 -0.205750 -0.966553
vn 0.314464 -0.482540 -0.817477
vn 0.137036 -0.478241 -0.867471
vn 0.146300 -0.371389 -0.916879
vn 0.334059 -0.374016 -0.865169
vn 0.000000 -0.944535 -0.328411
vn 0.000000 -0.548747 -0.835988
vn 0.000000 -0.998564 -0.053572
vn -0.008389 -0.998525 -0.053651
vn -0.051789 -0.943440 -0.327473
vn -0.129792 -0.551962 -0.823706
vn 0.000000 -0.284000 -0.958824
vn -0.000000 -0.204344 -0.978899
vn 0.000000 -0.395191 -0.918599
vn -0.138513 -0.397505 -0.907085
vn -0.151697 -0.287231 -0.945773
vn -0.153109 -0.205750 -0.966553
vn 0.000000 -0.476056 -0.879415
vn 0.000000 -0.369651 -0.929171
vn -0.137036 -0.478241 -0.867471
vn -0.146300 -0.371387 -0.916879
vn 0.237234 -0.477894 0.845776
vn 0.361717 -0.478702 0.800003
vn 0.385985 -0.353449 0.852109
vn 0.252941 -0.356768 0.899298
vn 0.103431 -0.476319 0.873168
vn 0.110491 -0.357819 0.927231
vn 0.097666 -0.557640 0.824318
vn 0.223651 -0.561445 0.796718
vn 0.340222 -0.564954 0.751715
vn 0.131120 -0.948386 0.288742
vn 0.161576 -0.949430 0.269214
vn 0.421815 -0.569938 0.705155
vn 0.021531 -0.998618 0.047954
vn 0.026729 -0.998629 0.045012
vn 0.032885 -0.998597 0.041502
vn 0.194677 -0.949265 0.246977
vn 0.504193 -0.576745 0.642771
vn 0.411026 0.124294 0.903110
vn 0.393686 -0.302748 0.867960
vn 0.493691 -0.298473 0.816813
vn 0.511050 0.122741 0.850742
vn 0.369917 -0.453707 0.810747
vn 0.461433 -0.450225 0.764446
vn 0.556932 -0.442767 0.702698
vn 0.598758 -0.291835 0.745869
vn 0.613044 0.116511 0.781410
vn 0.450083 -0.480346 0.752790
vn 0.540658 -0.482687 0.688987
vn 0.580061 -0.347663 0.736654
vn 0.481650 -0.350252 0.803329
vn 0.642228 -0.585847 0.494295
vn 0.242005 -0.952446 0.185149
vn 0.255342 -0.952647 0.165121
vn 0.675805 -0.591801 0.439385
vn 0.041402 -0.998661 0.031015
vn 0.043697 -0.998650 0.028080
vn 0.046226 -0.998646 0.023865
vn 0.269516 -0.952977 0.138553
vn 0.711903 -0.598365 0.367632
vn 0.740556 0.041775 0.670695
vn 0.749398 -0.282264 0.598941
vn 0.793279 -0.281217 0.540023
vn 0.770676 -0.087015 0.631259
vn 0.717870 -0.418847 0.556084
vn 0.767027 -0.405189 0.497486
vn 0.823691 -0.378376 0.422331
vn 0.856282 -0.252930 0.450343
vn 0.837198 -0.159148 0.523232
vn 0.729312 -0.491476 0.475978
vn 0.770129 -0.497114 0.399723
vn 0.830905 -0.351170 0.431598
vn 0.785638 -0.346333 0.512666
vn 0.691503 -0.487336 0.533224
vn 0.743851 -0.344088 0.572966
vn 0.286710 -0.952577 0.101956
vn 0.750843 -0.603794 0.267709
vn 0.049411 -0.998621 0.017734
vn 0.051446 -0.998622 0.010376
vn 0.298342 -0.952590 0.059699
vn 0.781344 -0.604271 0.156073
vn 0.902635 -0.243531 0.354884
vn 0.906899 -0.190931 0.375607
vn 0.873674 -0.364712 0.321992
vn 0.905446 -0.377210 0.194627
vn 0.940251 -0.256398 0.224028
vn 0.949842 -0.201081 0.239513
vn 0.814179 -0.501927 0.291858
vn 0.847177 -0.503403 0.169933
vn 0.914948 -0.358876 0.184601
vn 0.879326 -0.356280 0.315992
vn 0.304130 -0.952376 0.022018
vn 0.052319 -0.998623 0.003834
vn 0.796816 -0.601541 0.056858
vn 0.862458 -0.502362 0.061637
vn 0.930642 -0.359670 0.067400
vn 0.958372 -0.273868 0.080746
vn 0.916774 -0.393435 0.068801
vn 0.974126 -0.208712 0.086708
vn 0.607918 0.792822 0.043237
vn 0.613300 0.788711 -0.042415
vn 0.128010 0.991734 -0.008782
vn 0.126100 0.991977 0.008964
vn 0.123829 0.991996 0.024694
vn 0.595962 0.794123 0.119158
vn 0.973133 0.220950 -0.064752
vn 0.961722 0.266422 -0.064101
vn 0.962048 0.260554 0.081087
vn 0.971923 0.218768 0.086638
vn 0.903499 0.424319 -0.060358
vn 0.905562 0.418299 0.070595
vn 0.896148 0.398534 0.195164
vn 0.943518 0.243832 0.224323
vn 0.947783 0.210599 0.239488
vn 0.902476 0.390599 0.181574
vn 0.918230 0.390469 0.066241
vn 0.918718 0.389944 -0.062455
vn 0.125767 0.991638 -0.028933
vn 0.603420 0.785179 -0.139204
vn 0.579287 0.780761 -0.234178
vn 0.120650 0.991500 -0.048704
vn 0.897656 0.389748 -0.205693
vn 0.854370 0.389692 -0.343791
vn 0.939971 0.266103 -0.213646
vn 0.882893 0.424504 -0.200739
vn 0.951156 0.220397 -0.216164
vn 0.905753 0.219845 -0.362327
vn 0.895097 0.265695 -0.358062
vn 0.840522 0.424780 -0.336280
vn 0.112369 0.991371 -0.067505
vn 0.540351 0.776212 -0.324831
vn 0.487301 0.771634 -0.408802
vn 0.101289 0.991224 -0.084939
vn 0.790039 0.389687 -0.473268
vn 0.706354 0.389698 -0.590931
vn 0.828166 0.265271 -0.493734
vn 0.777417 0.425152 -0.463539
vn 0.838026 0.219310 -0.499615
vn 0.749630 0.218879 -0.624617
vn 0.740808 0.264931 -0.617264
vn 0.695198 0.425540 -0.579323
vn 0.087348 0.991115 -0.100304
vn 0.420680 0.767820 -0.483199
vn 0.342314 0.764774 -0.545840
vn 0.071078 0.991013 -0.113317
vn 0.605448 0.389726 -0.693936
vn 0.489834 0.389747 -0.779846
vn 0.635186 0.264634 -0.725608
vn 0.595905 0.425922 -0.680800
vn 0.642750 0.218507 -0.734253
vn 0.520011 0.218258 -0.825804
vn 0.513890 0.264439 -0.816081
vn 0.482014 0.426205 -0.765514
vn 0.049044 0.990550 -0.128087
vn 0.233633 0.758975 -0.607760
vn 0.102146 0.755352 -0.647309
vn 0.021222 0.990389 -0.136671
vn 0.331573 0.388879 -0.859554
vn 0.145144 0.385661 -0.911153
vn 0.347107 0.263936 -0.899919
vn 0.325868 0.424981 -0.844512
vn 0.351248 0.217870 -0.910581
vn 0.152770 0.215676 -0.964440
vn 0.150974 0.261375 -0.953357
vn 0.142037 0.421682 -0.895550
vn 0.000000 0.990697 -0.136085
vn 0.000000 0.756909 -0.653520
vn -0.102146 0.755352 -0.647309
vn -0.021222 0.990389 -0.136672
vn -0.000000 0.383997 -0.923334
vn -0.145144 0.385660 -0.911153
vn 0.059527 0.992605 0.105794
vn 0.051192 0.991717 0.117798
vn 0.273326 0.763672 0.584892
vn 0.323194 0.775342 0.542578
vn 0.346705 0.803814 0.483404
vn 0.068285 0.993430 0.091838
vn 0.408928 0.384515 0.827603
vn 0.490507 0.401973 0.773189
vn 0.548810 0.431615 0.715902
vn 0.399250 0.461476 0.792237
vn 0.414786 0.332953 0.846815
vn 0.498806 0.348874 0.793398
vn 0.487728 0.427143 0.761361
vn 0.420039 -0.094321 0.902591
vn 0.507484 -0.083111 0.857644
vn 0.575215 -0.160438 0.802114
vn 0.571593 0.300332 0.763598
vn 0.563100 0.444090 0.696924
vn 0.100770 0.993052 0.060778
vn 0.088645 0.994014 0.063867
vn 0.448221 0.834123 0.321461
vn 0.509353 0.798293 0.321385
vn 0.545492 0.788273 0.284718
vn 0.110458 0.992380 0.054590
vn 0.721377 0.406047 0.561017
vn 0.759946 0.394256 0.516763
vn 0.806867 0.388318 0.445168
vn 0.687373 0.473578 0.550675
vn 0.775777 0.229167 0.587923
vn 0.797915 0.274676 0.536549
vn 0.756862 0.421739 0.499296
vn 0.719027 -0.213790 0.661282
vn 0.780637 0.069270 0.621134
vn 0.835545 0.168953 0.522800
vn 0.850078 0.259641 0.458207
vn 0.808574 0.395764 0.435407
vn 0.118959 0.992011 0.041987
vn 0.574894 0.791408 0.207778
vn 0.864996 0.388005 0.318172
vn 0.901789 0.238480 0.360423
vn 0.864271 0.382259 0.326976
vn 0.904308 0.200958 0.376620
vn 0.274884 -0.129274 0.952747
vn 0.082138 -0.953536 0.289866
vn 0.120708 -0.955869 0.267851
vn 0.117704 -0.144501 0.982479
vn 0.035324 -0.954143 0.297261
vn -0.001918 -0.999868 -0.016154
vn -0.004427 -0.999868 -0.015624
vn -0.006778 -0.999867 -0.014831
vn 0.171442 0.937885 0.301627
vn 0.144236 0.937774 0.315874
vn 0.188937 0.935026 0.300048
vn -0.048536 0.998802 0.006210
vn -0.017261 0.999802 -0.009931
vn -0.006777 0.999867 -0.014828
vn 0.133527 -0.959593 0.247695
vn 0.127423 -0.963561 0.235187
vn -0.017263 -0.999802 -0.009934
vn -0.048537 -0.998802 0.006206
vn -0.190483 0.973070 0.129811
vn 0.143619 0.903568 0.403657
vn 0.132975 0.648324 0.749662
vn -0.406924 0.820263 0.401973
vn 0.149383 0.191924 0.969974
vn -0.612220 0.401794 0.680990
vn 0.050401 -0.704941 0.707473
vn 0.121282 -0.214160 0.969240
vn 0.032289 -0.946387 0.321417
vn -0.190477 -0.973070 0.129817
vn -0.405462 -0.821813 0.400281
vn -0.611133 -0.405624 0.679695
vn 0.078370 0.994203 0.073617
vn 0.327119 0.891930 0.312177
vn 0.613437 0.521763 0.592839
vn 0.705389 0.159810 0.690570
vn 0.662908 0.388094 0.640262
vn 0.640374 -0.345030 0.686204
vn 0.091858 -0.968274 0.232396
vn -0.105566 -0.993449 0.043749
vn 0.705308 0.099453 0.701890
vn 0.184059 0.931563 0.313547
vn -0.105568 0.993449 0.043747
vn 0.698876 -0.280708 0.657857
vn 0.656849 -0.428977 0.620104
vn 0.634494 -0.484774 0.602006
vn 0.681602 -0.345062 0.645253
vn 0.589966 -0.581891 0.559771
vn 0.225860 -0.950583 0.213027
vn 0.038677 -0.998616 0.035633
vn 0.925791 0.076339 -0.370248
vn 0.928499 -0.000000 -0.371335
vn 0.858975 0.000000 -0.512017
vn 0.856487 0.076089 -0.510530
vn 0.925818 -0.075955 -0.370259
vn 0.856512 -0.075707 -0.510545
vn 0.766108 -0.075502 -0.638262
vn 0.768299 -0.000000 -0.640091
vn 0.766086 0.075883 -0.638243
vn 0.975158 -0.000000 -0.221511
vn 0.972322 -0.076227 -0.220862
vn 0.972293 0.076612 -0.220855
vn 0.994849 0.076915 -0.066030
vn 0.997804 -0.000000 -0.066231
vn 0.994878 -0.076529 -0.066033
vn 0.996061 -0.000000 0.088676
vn 0.993028 -0.077314 0.088980
vn 0.992998 0.077707 0.088979
vn 0.966385 0.078102 0.244949
vn 0.969706 0.000000 0.244277
vn 0.966418 -0.077700 0.244948
vn 0.923839 0.000000 0.382781
vn 0.920909 -0.074623 0.382569
vn 0.920873 0.075017 0.382577
vn 0.826067 0.064952 0.559816
vn 0.826712 -0.000000 0.562625
vn 0.826086 -0.064600 0.559830
vn 0.067059 -0.000002 0.997749
vn 0.076854 0.000167 0.997042
vn 0.076968 -0.000147 0.997034
vn -0.657415 -0.060408 0.751103
vn -0.658665 0.000002 0.752436
vn -0.657436 0.060068 0.751112
vn 0.156303 -0.074227 -0.984916
vn 0.156737 0.000000 -0.987641
vn 0.360076 0.000000 -0.932923
vn 0.359060 -0.075005 -0.930296
vn 0.156299 0.074601 -0.984889
vn 0.359050 0.075382 -0.930269
vn 0.531362 0.075590 -0.843766
vn 0.532885 -0.000000 -0.846187
vn 0.531377 -0.075211 -0.843790
vn 0.658703 -0.000000 -0.752403
vn 0.656833 -0.075330 -0.750264
vn 0.656814 0.075710 -0.750242
vn 0.962441 -0.160926 -0.218656
vn 0.984703 -0.161497 -0.065407
vn 0.916466 -0.160402 -0.366554
vn 0.847907 -0.159917 -0.505450
vn 0.758447 -0.159520 -0.631911
vn 0.650291 -0.159185 -0.742820
vn 0.526100 -0.158953 -0.835435
vn 0.355445 -0.158571 -0.921148
vn 0.154678 -0.156950 -0.975419
vn 0.911543 -0.152413 0.381916
vn 0.828443 -0.130456 0.544668
vn 0.956206 -0.160119 0.245014
vn 0.982774 -0.161997 0.088956
vn 0.105980 0.030988 0.993885
vn -0.651014 0.162845 0.741392
vn 0.961997 0.163694 -0.218556
vn 0.984246 0.164274 -0.065376
vn 0.916045 0.163162 -0.366387
vn 0.982310 0.164796 0.088939
vn 0.955738 0.162895 0.245011
vn 0.911041 0.155102 0.382030
vn 0.828416 0.132803 0.544142
vn 0.101039 -0.033003 0.994335
vn -0.650813 -0.164576 0.741187
vn 0.154611 0.159647 -0.974992
vn 0.000000 0.158643 -0.987336
vn -0.000000 0.214235 -0.976782
vn 0.000000 0.074140 -0.997248
vn -0.156299 0.074601 -0.984889
vn -0.154611 0.159647 -0.974991
vn -0.152770 0.215676 -0.964440
vn 0.355287 0.161293 -0.920736
vn 0.525864 0.161690 -0.835059
vn 0.649997 0.161925 -0.742485
vn 0.758103 0.162265 -0.631625
vn 0.847521 0.162669 -0.505220
vn 0.916390 0.395655 -0.060723
vn 0.917716 0.391401 0.067846
vn 0.903644 0.386206 0.185130
vn 0.850022 0.402973 -0.339228
vn 0.894409 0.398692 -0.202673
vn 0.700221 0.412817 -0.582471
vn 0.784688 0.407755 -0.466906
vn 0.483699 0.421038 -0.767308
vn 0.599037 0.417335 -0.683364
vn 0.141161 0.421767 -0.895649
vn 0.325729 0.424504 -0.844806
vn 0.399572 0.412439 0.818680
vn 0.260482 0.417849 0.870375
vn 0.249744 0.486766 0.837070
vn 0.107798 0.419600 0.901285
vn 0.103275 0.493111 0.863815
vn 0.513207 0.413199 0.752253
vn 0.469962 0.412072 0.780598
vn 0.704105 0.263317 0.659470
vn 0.722969 0.261209 0.639598
vn 0.678221 0.419582 0.603297
vn 0.662126 0.423477 0.618269
vn 0.733441 0.259505 0.628268
vn 0.685213 0.419348 0.595509
vn 0.811182 0.389004 0.436645
vn 0.768882 0.400063 0.498768
vn 0.731789 0.414168 0.541249
vn 0.865871 0.383148 0.321659
vn 0.929801 -0.362719 -0.062494
vn 0.909214 -0.361544 -0.206435
vn 0.865168 -0.363517 -0.345456
vn 0.914455 -0.357804 0.189072
vn 0.929278 -0.362889 0.068959
vn 0.828939 -0.365283 0.423591
vn 0.879825 -0.355544 0.315430
vn 0.732482 -0.383191 0.562703
vn 0.777487 -0.379191 0.501726
vn 0.574668 -0.386788 0.721216
vn 0.673178 -0.382346 0.632964
vn 0.379122 -0.398125 0.835322
vn 0.475068 -0.394157 0.786734
vn 0.494609 -0.363349 -0.789519
vn 0.336947 -0.351614 -0.873404
vn 0.150448 -0.348732 -0.925068
vn 0.714206 -0.369650 -0.594364
vn 0.611670 -0.370526 -0.698978
vn 0.799481 -0.366548 -0.475892
vn 0.259970 0.378933 0.888158
vn 0.109327 0.379227 0.918822
vn 0.735689 0.077773 0.672839
vn 0.748180 0.080627 0.658579
vn 0.758157 0.079142 0.647252
vn 0.249849 -0.400468 0.881590
vn 0.110786 -0.405447 0.907381
vn 0.000000 -0.350934 -0.936400
vn -0.150448 -0.348732 -0.925068
vn 0.037877 -0.947427 0.317722
vn 0.086950 -0.947323 0.308250
vn 0.006171 -0.998621 0.052142
vn 0.014263 -0.998603 0.050879
vn 0.118016 0.123734 0.985273
vn 0.114654 -0.304264 0.945663
vn 0.258873 -0.307093 0.915794
vn 0.269976 0.123174 0.954956
vn 0.105355 -0.456213 0.883612
vn 0.242288 -0.456290 0.856210
vn 0.035301 0.991180 0.127737
vn 0.015438 0.991204 0.131437
vn 0.075557 0.765694 0.638753
vn 0.178094 0.763652 0.620578
vn 0.113576 0.293281 0.949256
vn 0.269810 0.303393 0.913868
vn -0.001918 0.999868 -0.016153
vn 0.041006 0.937735 0.344922
vn 0.095245 0.936905 0.336359
vn -0.004426 0.999868 -0.015620
vn 0.000000 0.418017 -0.908439
vn 0.000000 0.420446 -0.907318
vn -0.142037 0.421682 -0.895550
vn -0.141161 0.421767 -0.895649
vn 0.000000 -0.947846 0.318730
vn 0.000000 -0.998639 0.052153
vn 0.000000 -0.555928 0.831230
vn -0.097666 -0.557639 0.824318
vn -0.037877 -0.947427 0.317723
vn -0.006171 -0.998621 0.052142
vn 0.000000 -0.301399 0.953498
vn 0.000000 -0.455683 0.890142
vn -0.000000 0.124555 0.992213
vn -0.118017 0.123734 0.985273
vn -0.114655 -0.304263 0.945663
vn -0.105356 -0.456212 0.883613
vn -0.000000 0.766144 0.642669
vn 0.000000 0.991326 0.131425
vn -0.015438 0.991204 0.131437
vn -0.075557 0.765693 0.638753
vn -0.000001 0.378977 0.925406
vn -0.109327 0.379227 0.918822
vn -0.000000 0.293070 0.956091
vn -0.000000 -0.145527 0.989354
vn -0.000000 0.493056 0.869998
vn -0.103275 0.493111 0.863815
vn -0.113577 0.293280 0.949256
vn -0.117705 -0.144500 0.982479
vn -0.000000 0.938661 0.344842
vn -0.000000 0.999867 -0.016299
vn 0.001918 0.999868 -0.016152
vn -0.041007 0.937735 0.344923
vn 0.000000 -0.408781 0.912632
vn -0.110786 -0.405447 0.907380
vn -0.799898 -0.597610 -0.054998
vn -0.785668 -0.591628 -0.180837
vn -0.302810 -0.950548 -0.069021
vn -0.307881 -0.951201 -0.020656
vn -0.752281 -0.584715 -0.303613
vn -0.290747 -0.949674 -0.116557
vn -0.049161 -0.998598 -0.019624
vn -0.051613 -0.998599 -0.011673
vn -0.052833 -0.998597 -0.003472
vn -0.975376 -0.210785 -0.064900
vn -0.953338 -0.210256 -0.216656
vn -0.935367 -0.282538 -0.212745
vn -0.957462 -0.281314 -0.064263
vn -0.907819 -0.209728 -0.363151
vn -0.890623 -0.282574 -0.356289
vn -0.851199 -0.399350 -0.340560
vn -0.894011 -0.399094 -0.203636
vn -0.914851 -0.398889 -0.062731
vn -0.805831 -0.494846 -0.325213
vn -0.845243 -0.497722 -0.194516
vn -0.908699 -0.362093 -0.207738
vn -0.864161 -0.364296 -0.347152
vn -0.863836 -0.500263 -0.059375
vn -0.930623 -0.360531 -0.062911
vn -0.699997 -0.577421 -0.420224
vn -0.271157 -0.948814 -0.161945
vn -0.629467 -0.570583 -0.527454
vn -0.244616 -0.947890 -0.204127
vn -0.040652 -0.998599 -0.033864
vn -0.045441 -0.998600 -0.027072
vn -0.839930 -0.209214 -0.500747
vn -0.824002 -0.282284 -0.491259
vn -0.751326 -0.208802 -0.626028
vn -0.737039 -0.282094 -0.614163
vn -0.704072 -0.399956 -0.586787
vn -0.787356 -0.399616 -0.469444
vn -0.668566 -0.488952 -0.560308
vn -0.746485 -0.491828 -0.448181
vn -0.798335 -0.366800 -0.477618
vn -0.713067 -0.369356 -0.595913
vn -0.542215 -0.564695 -0.622192
vn -0.211136 -0.947157 -0.241485
vn -0.440278 -0.560367 -0.701530
vn -0.171807 -0.946522 -0.273089
vn -0.028184 -0.998601 -0.044752
vn -0.034827 -0.998601 -0.039779
vn -0.644200 -0.208444 -0.735906
vn -0.631548 -0.282743 -0.721944
vn -0.521181 -0.208206 -0.827660
vn -0.509486 -0.286511 -0.811378
vn -0.484725 -0.400919 -0.777371
vn -0.602906 -0.400315 -0.690110
vn -0.464930 -0.484609 -0.740941
vn -0.573946 -0.486467 -0.658738
vn -0.610628 -0.371663 -0.699285
vn -0.493631 -0.373481 -0.785392
vn -0.297911 -0.557336 -0.775001
vn -0.118212 -0.944408 -0.306789
vn -0.019344 -0.998546 -0.050316
vn -0.352035 -0.207856 -0.912616
vn -0.344311 -0.290559 -0.892763
vn -0.323051 -0.401069 -0.857194
vn -0.314465 -0.482538 -0.817477
vn -0.334060 -0.374014 -0.865169
vn -0.361717 -0.478702 0.800003
vn -0.237235 -0.477893 0.845776
vn -0.252942 -0.356768 0.899298
vn -0.385985 -0.353450 0.852109
vn -0.340222 -0.564953 0.751716
vn -0.223652 -0.561444 0.796719
vn -0.103431 -0.476319 0.873168
vn -0.110491 -0.357820 0.927231
vn -0.421816 -0.569937 0.705154
vn -0.161576 -0.949430 0.269214
vn -0.131120 -0.948386 0.288743
vn -0.504193 -0.576745 0.642771
vn -0.194677 -0.949265 0.246977
vn -0.032885 -0.998597 0.041502
vn -0.026729 -0.998629 0.045012
vn -0.021531 -0.998617 0.047954
vn -0.411026 0.124292 0.903111
vn -0.511050 0.122741 0.850742
vn -0.493690 -0.298472 0.816813
vn -0.393686 -0.302748 0.867960
vn -0.613043 0.116512 0.781411
vn -0.598758 -0.291835 0.745869
vn -0.556932 -0.442767 0.702698
vn -0.461433 -0.450224 0.764446
vn -0.369917 -0.453705 0.810748
vn -0.540657 -0.482688 0.688986
vn -0.450082 -0.480347 0.752790
vn -0.481650 -0.350252 0.803329
vn -0.580061 -0.347663 0.736654
vn -0.642227 -0.585847 0.494295
vn -0.675805 -0.591803 0.439383
vn -0.255342 -0.952647 0.165120
vn -0.242005 -0.952446 0.185149
vn -0.711902 -0.598367 0.367631
vn -0.269516 -0.952977 0.138553
vn -0.046226 -0.998646 0.023865
vn -0.043697 -0.998650 0.028080
vn -0.041402 -0.998661 0.031015
vn -0.740556 0.041775 0.670695
vn -0.770676 -0.087015 0.631259
vn -0.793280 -0.281216 0.540024
vn -0.749398 -0.282262 0.598941
vn -0.837198 -0.159148 0.523232
vn -0.856281 -0.252930 0.450343
vn -0.823692 -0.378376 0.422331
vn -0.767027 -0.405188 0.497486
vn -0.717870 -0.418847 0.556084
vn -0.770128 -0.497116 0.399722
vn -0.729312 -0.491477 0.475978
vn -0.785638 -0.346334 0.512666
vn -0.830905 -0.351171 0.431597
vn -0.691503 -0.487336 0.533224
vn -0.743851 -0.344088 0.572966
vn -0.750842 -0.603794 0.267709
vn -0.286710 -0.952577 0.101956
vn -0.781344 -0.604271 0.156074
vn -0.298342 -0.952590 0.059699
vn -0.051446 -0.998622 0.010376
vn -0.049411 -0.998621 0.017734
vn -0.906899 -0.190930 0.375607
vn -0.902635 -0.243531 0.354884
vn -0.949842 -0.201080 0.239513
vn -0.940251 -0.256397 0.224028
vn -0.905446 -0.377210 0.194627
vn -0.873674 -0.364711 0.321992
vn -0.847176 -0.503404 0.169933
vn -0.814179 -0.501929 0.291857
vn -0.879325 -0.356282 0.315991
vn -0.914948 -0.358877 0.184601
vn -0.052319 -0.998623 0.003834
vn -0.304131 -0.952376 0.022018
vn -0.796816 -0.601541 0.056859
vn -0.862458 -0.502362 0.061637
vn -0.930642 -0.359671 0.067400
vn -0.916775 -0.393435 0.068801
vn -0.958372 -0.273867 0.080745
vn -0.974126 -0.208712 0.086708
vn -0.613300 0.788711 -0.042415
vn -0.607917 0.792822 0.043236
vn -0.126100 0.991977 0.008963
vn -0.128010 0.991734 -0.008782
vn -0.595961 0.794123 0.119158
vn -0.123829 0.991996 0.024694
vn -0.973134 0.220949 -0.064753
vn -0.971923 0.218767 0.086637
vn -0.962048 0.260554 0.081087
vn -0.961723 0.266421 -0.064101
vn -0.947784 0.210598 0.239488
vn -0.943517 0.243832 0.224323
vn -0.896148 0.398534 0.195165
vn -0.905562 0.418299 0.070595
vn -0.903499 0.424319 -0.060358
vn -0.918230 0.390470 0.066241
vn -0.902476 0.390600 0.181575
vn -0.918718 0.389944 -0.062455
vn -0.125768 0.991638 -0.028932
vn -0.603420 0.785179 -0.139203
vn -0.120650 0.991500 -0.048704
vn -0.579286 0.780761 -0.234178
vn -0.897656 0.389749 -0.205693
vn -0.854370 0.389693 -0.343791
vn -0.882894 0.424503 -0.200739
vn -0.939971 0.266101 -0.213645
vn -0.840523 0.424779 -0.336280
vn -0.895097 0.265693 -0.358062
vn -0.905752 0.219846 -0.362327
vn -0.951156 0.220397 -0.216164
vn -0.112368 0.991371 -0.067506
vn -0.540350 0.776213 -0.324831
vn -0.101289 0.991224 -0.084939
vn -0.487301 0.771634 -0.408802
vn -0.790039 0.389686 -0.473268
vn -0.706354 0.389697 -0.590931
vn -0.777417 0.425152 -0.463539
vn -0.828166 0.265269 -0.493734
vn -0.695198 0.425541 -0.579323
vn -0.740808 0.264930 -0.617264
vn -0.749630 0.218879 -0.624617
vn -0.838026 0.219310 -0.499615
vn -0.087349 0.991115 -0.100303
vn -0.420680 0.767820 -0.483199
vn -0.071079 0.991013 -0.113317
vn -0.342315 0.764774 -0.545841
vn -0.605448 0.389725 -0.693936
vn -0.489835 0.389745 -0.779847
vn -0.595905 0.425923 -0.680799
vn -0.635186 0.264633 -0.725609
vn -0.482014 0.426206 -0.765514
vn -0.513890 0.264438 -0.816082
vn -0.520011 0.218258 -0.825804
vn -0.642750 0.218507 -0.734253
vn -0.049044 0.990550 -0.128087
vn -0.233633 0.758975 -0.607760
vn -0.331573 0.388877 -0.859554
vn -0.325868 0.424983 -0.844512
vn -0.347107 0.263935 -0.899919
vn -0.150974 0.261374 -0.953357
vn -0.351248 0.217870 -0.910581
vn -0.051192 0.991717 0.117798
vn -0.059527 0.992605 0.105795
vn -0.323196 0.775340 0.542579
vn -0.273326 0.763673 0.584891
vn -0.068286 0.993430 0.091838
vn -0.346713 0.803805 0.483413
vn -0.490512 0.401972 0.773186
vn -0.408928 0.384515 0.827603
vn -0.548849 0.431576 0.715896
vn -0.399250 0.461475 0.792238
vn -0.487727 0.427144 0.761361
vn -0.498806 0.348872 0.793398
vn -0.414786 0.332951 0.846815
vn -0.563100 0.444095 0.696921
vn -0.571593 0.300330 0.763599
vn -0.575215 -0.160438 0.802114
vn -0.507483 -0.083110 0.857644
vn -0.420039 -0.094320 0.902591
vn -0.088644 0.994014 0.063868
vn -0.100770 0.993052 0.060778
vn -0.509353 0.798293 0.321385
vn -0.448219 0.834124 0.321460
vn -0.110459 0.992380 0.054588
vn -0.545492 0.788273 0.284718
vn -0.759946 0.394256 0.516763
vn -0.721379 0.406048 0.561015
vn -0.806867 0.388318 0.445169
vn -0.687373 0.473577 0.550675
vn -0.756861 0.421740 0.499296
vn -0.797914 0.274676 0.536550
vn -0.775776 0.229167 0.587924
vn -0.808574 0.395765 0.435406
vn -0.850078 0.259641 0.458207
vn -0.835545 0.168953 0.522800
vn -0.780637 0.069269 0.621135
vn -0.719025 -0.213791 0.661283
vn -0.118959 0.992011 0.041987
vn -0.574893 0.791407 0.207778
vn -0.864995 0.388007 0.318173
vn -0.864271 0.382260 0.326976
vn -0.901789 0.238480 0.360423
vn -0.904308 0.200958 0.376620
vn -0.120708 -0.955869 0.267851
vn -0.082139 -0.953535 0.289871
vn -0.274883 -0.129274 0.952747
vn 0.006778 -0.999867 -0.014832
vn 0.004427 -0.999868 -0.015624
vn 0.001918 -0.999868 -0.016156
vn -0.035324 -0.954142 0.297265
vn -0.144237 0.937773 0.315875
vn -0.171443 0.937885 0.301628
vn 0.006777 0.999867 -0.014828
vn 0.017262 0.999802 -0.009931
vn 0.048537 0.998802 0.006209
vn -0.188938 0.935026 0.300048
vn -0.127424 -0.963561 0.235188
vn -0.133527 -0.959593 0.247694
vn 0.048538 -0.998802 0.006206
vn 0.017263 -0.999802 -0.009933
vn 0.190483 0.973070 0.129811
vn 0.406923 0.820263 0.401973
vn -0.132975 0.648324 0.749662
vn -0.143619 0.903567 0.403658
vn 0.612220 0.401794 0.680991
vn -0.149383 0.191923 0.969974
vn -0.121283 -0.214159 0.969240
vn -0.050401 -0.704940 0.707474
vn 0.611132 -0.405623 0.679696
vn 0.405463 -0.821811 0.400283
vn 0.190478 -0.973071 0.129816
vn -0.032288 -0.946388 0.321416
vn -0.078370 0.994202 0.073618
vn -0.327116 0.891930 0.312178
vn -0.613437 0.521760 0.592843
vn -0.662909 0.388092 0.640263
vn -0.705390 0.159809 0.690570
vn -0.640373 -0.345030 0.686205
vn 0.105567 -0.993450 0.043747
vn -0.091858 -0.968274 0.232396
vn -0.184059 0.931563 0.313547
vn -0.705308 0.099454 0.701890
vn 0.105568 0.993449 0.043746
vn -0.698876 -0.280707 0.657857
vn -0.656849 -0.428977 0.620104
vn -0.634494 -0.484775 0.602006
vn -0.681602 -0.345063 0.645253
vn -0.589965 -0.581891 0.559771
vn -0.225860 -0.950582 0.213027
vn -0.038677 -0.998616 0.035633
vn -0.925791 0.076339 -0.370248
vn -0.856487 0.076089 -0.510530
vn -0.858975 -0.000000 -0.512018
vn -0.928499 0.000000 -0.371335
vn -0.766086 0.075883 -0.638243
vn -0.768299 -0.000000 -0.640091
vn -0.766108 -0.075502 -0.638262
vn -0.856512 -0.075707 -0.510545
vn -0.925818 -0.075955 -0.370259
vn -0.972322 -0.076228 -0.220861
vn -0.975158 0.000000 -0.221510
vn -0.994878 -0.076529 -0.066033
vn -0.997804 -0.000000 -0.066231
vn -0.994849 0.076915 -0.066031
vn -0.972293 0.076612 -0.220855
vn -0.993028 -0.077314 0.088980
vn -0.996061 -0.000000 0.088676
vn -0.966418 -0.077700 0.244949
vn -0.969706 -0.000000 0.244277
vn -0.966385 0.078102 0.244949
vn -0.992998 0.077707 0.088979
vn -0.920909 -0.074623 0.382569
vn -0.923839 -0.000000 0.382781
vn -0.826086 -0.064600 0.559830
vn -0.826712 -0.000000 0.562625
vn -0.826067 0.064952 0.559816
vn -0.920873 0.075018 0.382577
vn -0.076856 0.000167 0.997042
vn -0.067060 -0.000002 0.997749
vn 0.657435 0.060068 0.751113
vn 0.658664 0.000002 0.752437
vn 0.657414 -0.060408 0.751105
vn -0.076970 -0.000147 0.997033
vn -0.156303 -0.074227 -0.984916
vn -0.359061 -0.075005 -0.930296
vn -0.360076 -0.000000 -0.932923
vn -0.156737 -0.000000 -0.987640
vn -0.531377 -0.075211 -0.843790
vn -0.532885 -0.000000 -0.846187
vn -0.531362 0.075590 -0.843766
vn -0.359051 0.075382 -0.930269
vn -0.656833 -0.075331 -0.750264
vn -0.658703 -0.000000 -0.752403
vn -0.656814 0.075711 -0.750242
vn -0.984703 -0.161497 -0.065407
vn -0.962441 -0.160926 -0.218656
vn -0.916466 -0.160402 -0.366554
vn -0.847907 -0.159917 -0.505450
vn -0.758447 -0.159520 -0.631911
vn -0.650291 -0.159185 -0.742820
vn -0.526100 -0.158954 -0.835435
vn -0.355446 -0.158571 -0.921148
vn -0.154678 -0.156950 -0.975419
vn -0.828443 -0.130455 0.544668
vn -0.911543 -0.152412 0.381916
vn -0.956206 -0.160118 0.245014
vn -0.982774 -0.161997 0.088955
vn -0.105982 0.030988 0.993885
vn 0.651013 0.162845 0.741393
vn -0.984246 0.164275 -0.065376
vn -0.961997 0.163695 -0.218555
vn -0.916045 0.163162 -0.366386
vn -0.955738 0.162894 0.245010
vn -0.982310 0.164795 0.088939
vn -0.828416 0.132803 0.544142
vn -0.911042 0.155102 0.382030
vn 0.650811 -0.164576 0.741188
vn -0.101041 -0.033003 0.994335
vn -0.525864 0.161690 -0.835059
vn -0.355287 0.161294 -0.920736
vn -0.758103 0.162265 -0.631625
vn -0.649997 0.161925 -0.742485
vn -0.847521 0.162670 -0.505220
vn -0.917715 0.391403 0.067846
vn -0.916389 0.395655 -0.060723
vn -0.903644 0.386206 0.185131
vn -0.894410 0.398692 -0.202673
vn -0.850022 0.402973 -0.339227
vn -0.784688 0.407755 -0.466905
vn -0.700221 0.412818 -0.582471
vn -0.599036 0.417337 -0.683364
vn -0.483699 0.421040 -0.767308
vn -0.325729 0.424504 -0.844806
vn -0.260483 0.417847 0.870375
vn -0.399572 0.412438 0.818680
vn -0.249745 0.486766 0.837070
vn -0.107798 0.419600 0.901285
vn -0.469963 0.412073 0.780596
vn -0.513217 0.413200 0.752246
vn -0.722968 0.261210 0.639599
vn -0.704103 0.263312 0.659473
vn -0.662121 0.423476 0.618275
vn -0.678219 0.419584 0.603298
vn -0.685215 0.419350 0.595505
vn -0.733443 0.259508 0.628265
vn -0.768882 0.400063 0.498768
vn -0.811181 0.389005 0.436646
vn -0.731789 0.414168 0.541248
vn -0.865871 0.383148 0.321660
vn -0.909215 -0.361543 -0.206435
vn -0.929801 -0.362719 -0.062495
vn -0.865168 -0.363516 -0.345456
vn -0.929277 -0.362889 0.068959
vn -0.914455 -0.357804 0.189072
vn -0.879826 -0.355543 0.315430
vn -0.828939 -0.365283 0.423590
vn -0.777486 -0.379191 0.501726
vn -0.732482 -0.383191 0.562703
vn -0.673178 -0.382345 0.632964
vn -0.574668 -0.386786 0.721217
vn -0.475068 -0.394156 0.786735
vn -0.379122 -0.398123 0.835323
vn -0.336947 -0.351616 -0.873403
vn -0.494609 -0.363351 -0.789518
vn -0.611670 -0.370527 -0.698978
vn -0.714205 -0.369651 -0.594364
vn -0.799481 -0.366548 -0.475892
vn -0.259970 0.378933 0.888159
vn -0.748183 0.080622 0.658576
vn -0.735691 0.077772 0.672837
vn -0.758160 0.079138 0.647248
vn -0.249849 -0.400467 0.881590
vn -0.086950 -0.947323 0.308251
vn -0.014263 -0.998603 0.050879
vn -0.269977 0.123172 0.954956
vn -0.258873 -0.307092 0.915794
vn -0.242288 -0.456289 0.856211
vn -0.035301 0.991180 0.127737
vn -0.178093 0.763653 0.620578
vn -0.269811 0.303391 0.913869
vn 0.004426 0.999868 -0.015620
vn -0.095246 0.936905 0.336360
vn 0.000000 0.259785 -0.965667
vn 0.000000 -0.155954 -0.987764
vn 0.000000 -0.073767 -0.997276
vn 0.000000 0.000000 -1.000000
vn 0.000000 -0.475531 0.879699
vn 0.000000 -0.357846 0.933781
vn -0.000000 -0.954873 0.297014
vn 0.000000 -0.999867 -0.016302
vn -0.000000 0.419105 0.907938
vn 0.679501 0.472988 0.560858
vn 0.508718 0.834034 0.213526
vn 0.233570 0.824304 -0.515720
vn 0.804777 0.221959 -0.550516
vn 0.342864 0.874553 0.342932
vn 0.203822 0.851131 0.483769
vn -0.281053 0.884734 0.371826
vn -0.173010 0.973045 -0.152485
vn 0.559533 0.465510 0.685728
vn -0.086598 0.358915 0.929344
vn 0.700512 0.157373 0.696073
vn 0.659939 -0.051871 0.749527
vn 0.730132 0.150465 0.666534
vn 0.726861 -0.682298 -0.078370
vn 0.525915 -0.731632 0.433737
vn 0.174105 -0.638066 0.750040
vn -0.463656 0.252927 0.849147
vn 0.035733 0.154786 0.987302
vn 0.106828 0.827543 0.551144
vn -0.374875 0.641152 0.669621
vn -0.057410 0.996403 0.062337
vn -0.532932 0.693091 0.485395
vn -0.457774 0.830362 -0.317713
vn -0.699516 0.648060 0.301158
vn -0.928543 0.093436 -0.359273
vn -0.915694 0.218727 0.337139
vn -0.559437 -0.214392 0.800666
vn -0.154117 -0.620894 0.768595
vn -0.747869 -0.662151 -0.047411
vn -0.873933 -0.264408 0.407836
vn -0.454410 -0.807092 0.376981
vn -0.727083 -0.281287 0.626281
vn 0.656092 -0.732503 -0.181612
vn 0.804503 0.073390 -0.589397
vn 0.928850 0.093604 -0.358436
vn 0.748320 -0.661709 -0.046456
vn 0.290286 -0.930577 0.223070
vn 0.016976 -0.719737 0.694040
vn 0.454202 -0.807066 0.377286
vn 0.153953 -0.620982 0.768557
vn -0.219237 0.175111 0.959829
vn -0.035841 0.154872 0.987284
vn -0.298243 0.853447 0.427409
vn -0.106841 0.827556 0.551123
vn -0.233106 0.952168 -0.197580
vn 0.274341 0.801339 -0.531594
vn 0.057410 0.996402 0.062342
vn 0.457839 0.830377 -0.317582
vn -0.679538 0.472831 0.560944
vn -0.730348 0.150095 0.666381
vn -0.726752 -0.682434 -0.078209
vn -0.804982 0.221434 -0.550428
vn -0.700556 0.157454 0.696010
vn -0.659898 -0.051885 0.749561
vn -0.174047 -0.637973 0.750132
vn -0.525857 -0.731449 0.434116
vn -0.559533 0.465513 0.685727
vn 0.086525 0.358914 0.929351
vn -0.203834 0.851125 0.483776
vn 0.281025 0.884733 0.371850
vn -0.342864 0.874551 0.342935
vn -0.508750 0.834003 0.213570
vn -0.233600 0.824264 -0.515771
vn 0.173012 0.973045 -0.152480
vn 0.873882 -0.264335 0.407991
vn 0.915677 0.218623 0.337253
vn 0.727047 -0.281297 0.626319
vn 0.559405 -0.214363 0.800696
vn 0.463642 0.252985 0.849138
vn 0.374892 0.641154 0.669610
vn 0.532939 0.693088 0.485392
vn 0.699524 0.648046 0.301168
vn -0.804055 0.072867 -0.590073
vn -0.655434 -0.732910 -0.182344
vn -0.290115 -0.930662 0.222938
vn -0.017085 -0.719584 0.694195
vn 0.219104 0.175077 0.959865
vn 0.298214 0.853443 0.427439
vn 0.233108 0.952168 -0.197576
vn -0.274281 0.801270 -0.531730
vn 0.014330 -0.999881 -0.005687
vn 0.013246 -0.999881 -0.007879
vn 0.011839 -0.999881 -0.009859
vn 0.015058 -0.999881 -0.003359
vn 0.015405 -0.999881 -0.000972
vn 0.015398 -0.999881 0.001171
vn 0.015077 -0.999881 0.003142
vn 0.014423 -0.999882 0.005347
vn 0.013685 -0.999881 0.007162
vn 0.013106 -0.999880 0.008262
vn 0.012692 -0.999880 0.008923
vn 0.011709 -0.999881 0.010040
vn 0.009607 -0.999882 0.011958
vn 0.007639 -0.999881 0.013374
vn 0.006064 -0.999881 0.014157
vn 0.004035 -0.999882 0.014820
vn 0.001773 -0.999882 0.015290
vn 0.000000 -0.999881 0.015423
vn -0.001773 -0.999882 0.015290
vn -0.004035 -0.999882 0.014820
vn -0.006064 -0.999881 0.014157
vn -0.007639 -0.999881 0.013374
vn -0.009607 -0.999882 0.011958
vn -0.011709 -0.999881 0.010040
vn -0.012692 -0.999880 0.008923
vn -0.013685 -0.999881 0.007162
vn -0.013106 -0.999880 0.008262
vn -0.015077 -0.999881 0.003142
vn -0.014423 -0.999882 0.005348
vn -0.015405 -0.999881 -0.000972
vn -0.015398 -0.999881 0.001171
vn -0.014330 -0.999881 -0.005687
vn -0.015058 -0.999881 -0.003359
vn -0.011839 -0.999881 -0.009859
vn -0.013246 -0.999881 -0.007879
vn -0.008207 -0.999882 -0.013031
vn -0.010147 -0.999881 -0.011589
vn -0.002385 -0.999879 -0.015389
vn -0.005519 -0.999881 -0.014387
vn 0.002385 -0.999879 -0.015389
vn 0.000000 -0.999877 -0.015685
vn 0.008207 -0.999882 -0.013031
vn 0.005519 -0.999881 -0.014387
vn 0.010147 -0.999881 -0.011589
vn 0.015077 0.999881 0.003142
vn 0.014423 0.999882 0.005347
vn 0.013685 0.999881 0.007161
vn 0.015398 0.999881 0.001172
vn 0.015405 0.999881 -0.000971
vn 0.015058 0.999881 -0.003359
vn 0.014329 0.999881 -0.005688
vn 0.013245 0.999881 -0.007879
vn 0.011838 0.999881 -0.009860
vn 0.010147 0.999881 -0.011590
vn 0.008207 0.999882 -0.013031
vn 0.005520 0.999881 -0.014387
vn 0.002385 0.999879 -0.015389
vn 0.000000 0.999877 -0.015685
vn -0.002385 0.999879 -0.015389
vn -0.005520 0.999881 -0.014387
vn -0.008207 0.999882 -0.013031
vn -0.010148 0.999881 -0.011588
vn -0.011839 0.999881 -0.009860
vn -0.013245 0.999881 -0.007881
vn -0.014330 0.999881 -0.005688
vn -0.015059 0.999881 -0.003358
vn -0.015406 0.999881 -0.000971
vn -0.015398 0.999881 0.001171
vn -0.015077 0.999881 0.003143
vn -0.013685 0.999881 0.007159
vn -0.014423 0.999882 0.005347
vn -0.012692 0.999880 0.008923
vn -0.013106 0.999880 0.008263
vn -0.009608 0.999882 0.011958
vn -0.011710 0.999881 0.010039
vn -0.006065 0.999881 0.014157
vn -0.007640 0.999881 0.013374
vn -0.001772 0.999882 0.015290
vn -0.004035 0.999882 0.014820
vn 0.001772 0.999882 0.015290
vn -0.000000 0.999881 0.015423
vn 0.006065 0.999881 0.014156
vn 0.004034 0.999882 0.014820
vn 0.009608 0.999882 0.011957
vn 0.007640 0.999881 0.013373
vn 0.012693 0.999880 0.008922
vn 0.011710 0.999881 0.010039
vn 0.013106 0.999880 0.008262
vn 0.000000 -1.000000 -0.000006
vn 0.000000 -1.000000 -0.000006
vn 0.000000 -1.000000 -0.000006
vn 0.000000 -1.000000 -0.000006
vn 0.000000 -1.000000 -0.000006
vn 0.000000 -1.000000 -0.000006
vn 0.000000 -1.000000 -0.000006
vn 0.000000 -1.000000 -0.000006
vn 0.000000 -1.000000 -0.000006
vn 0.000000 -1.000000 -0.000006
vn 0.000000 -1.000000 -0.000006
vn 0.000000 -1.000000 -0.000006
vn 0.000000 -1.000000 -0.000006
vn 0.000000 -1.000000 -0.000006
vn 0.000000 -1.000000 -0.000006
vn 0.000000 -1.000000 -0.000006
vn 0.000000 -1.000000 -0.000006
vn 0.000000 -1.000000 -0.000006
vn 0.000000 -1.000000 -0.000006
vn 0.000000 -1.000000 -0.000006
vn 0.000000 -1.000000 -0.000006
vn 0.000000 -1.000000 -0.000006
vn 0.000000 -1.000000 -0.000006
vn 0.000000 -1.000000 -0.000006
vn 0.000000 -1.000000 -0.000006
vn 0.000000 -1.000000 -0.000006
vn 0.000000 -1.000000 -0.000006
vn 0.000000 -1.000000 -0.000006
vn 0.000000 -1.000000 -0.000006
vn 0.000000 -1.000000 -0.000006
vn 0.000000 -1.000000 -0.000006
vn 0.000000 -1.000000 -0.000006
vn 0.000000 -1.000000 -0.000006
vn 0.000000 -1.000000 -0.000006
vn 0.000000 -1.000000 -0.000006
vn 0.000000 -1.000000 -0.000006
vn 0.000000 -1.000000 -0.000006
vn 0.000000 -1.000000 -0.000006
vn 0.000000 -1.000000 -0.000006
vn 0.000000 -1.000000 -0.000006
vn 0.000000 -1.000000 -0.000006
vn 0.000000 -1.000000 -0.000006
vn 0.000000 -1.000000 -0.000006
vn 0.000000 -1.000000 -0.000006
vn -0.544605 0.187300 -0.817511
vn -0.496689 0.188308 -0.847255
vn -0.251990 0.401475 -0.880522
vn -0.344155 0.357938 -0.868008
vn 0.344214 0.358037 -0.867944
vn 0.251953 0.401819 -0.880376
vn 0.496635 0.188861 -0.847163
vn 0.544624 0.187580 -0.817434
vn -0.372772 0.452898 -0.809892
vn -0.154790 0.614240 -0.773789
vn 0.039122 0.806261 -0.590265
vn -0.098849 0.668746 -0.736891
vn 0.098838 0.668802 -0.736841
vn -0.055146 0.796899 -0.601591
vn 0.149481 0.608940 -0.779004
vn 0.372770 0.453066 -0.809799
vn 0.790326 -0.502858 -0.350026
vn 0.916082 -0.017039 -0.400629
vn 0.988090 -0.153878 0.000000
vn 0.786895 -0.617087 0.000000
vn 0.697494 -0.034916 -0.715739
vn 0.707706 0.110710 -0.697779
vn 0.764821 0.174470 -0.620169
vn 0.720057 0.309053 -0.621292
vn 0.827748 -0.150563 -0.540522
vn 0.852992 -0.061145 -0.518329
vn 0.989101 -0.147241 0.000000
vn 0.971001 -0.239077 0.000000
vn 0.612999 0.144946 -0.776675
vn 0.586271 0.199821 -0.785084
vn 0.689385 0.333176 -0.643228
vn 0.550051 0.282325 -0.785963
vn 0.700089 0.159128 -0.696099
vn -0.819289 -0.466826 -0.332926
vn -0.906028 -0.090747 -0.413375
vn -0.707773 0.110240 -0.697785
vn -0.697513 -0.035193 -0.715707
vn -0.827841 -0.150742 -0.540329
vn -0.853991 -0.058191 -0.517023
vn -0.587358 0.201541 -0.783832
vn -0.613245 0.144602 -0.776544
vn -0.083526 0.599627 -0.795909
vn -0.945788 -0.324785 0.000000
vn -0.874380 -0.485241 0.000000
vn -0.989703 -0.143134 0.000000
vn -0.971000 -0.239081 0.000000
vn -0.610275 0.281576 -0.740459
vn -0.612640 0.266594 -0.744043
vn -0.436374 0.338452 -0.833683
vn -0.420521 0.337050 -0.842353
vn -0.584439 -0.129886 -0.800975
vn -0.435901 -0.049994 -0.898605
vn -0.939782 0.170936 -0.295957
vn -0.846056 0.471537 -0.248681
vn -0.730353 0.357555 -0.582013
vn -0.758351 0.235476 -0.607828
vn -0.711506 -0.646355 -0.275653
vn -0.651605 -0.410293 -0.638021
vn -0.613808 -0.304099 -0.728535
vn -0.649406 -0.020197 -0.760173
vn -0.460103 0.001122 -0.887865
vn -0.433168 -0.261610 -0.862511
vn 0.433168 -0.261610 -0.862511
vn 0.460103 0.001122 -0.887865
vn 0.649406 -0.020197 -0.760173
vn 0.613808 -0.304099 -0.728535
vn 0.435901 -0.050032 -0.898603
vn 0.584413 -0.129914 -0.800990
vn 0.829203 -0.498451 -0.252920
vn 0.953019 -0.129902 -0.273642
vn 0.987960 -0.154707 0.000000
vn 0.829766 -0.558111 0.000000
vn 0.735529 -0.371950 -0.566260
vn 0.791673 -0.060084 -0.607983
vn 0.164800 -0.986121 0.020176
vn 0.536365 -0.790782 -0.294917
vn 0.633359 -0.721060 -0.280944
vn 0.497002 -0.867749 0.000000
vn 0.651612 -0.410263 -0.638033
vn 0.784139 -0.204324 -0.585985
vn -0.829213 -0.498435 -0.252921
vn -0.953019 -0.129898 -0.273644
vn -0.791674 -0.060085 -0.607982
vn -0.735533 -0.371945 -0.566257
vn -0.987961 -0.154706 0.000000
vn -0.829778 -0.558093 0.000000
vn -0.737107 -0.675777 0.000000
vn 0.420520 0.337058 -0.842351
vn 0.436323 0.338574 -0.833660
vn 0.612600 0.266633 -0.744062
vn 0.610274 0.281582 -0.740458
vn 0.642619 0.580541 -0.500014
vn 0.738596 0.389166 -0.550479
vn 0.730379 0.357518 -0.582003
vn 0.758351 0.235481 -0.607826
vn 0.907413 0.420240 0.000000
vn 0.846094 0.471462 -0.248693
vn 0.988336 0.152288 0.000000
vn 0.939784 0.170925 -0.295956
vn -0.988338 0.152276 0.000000
vn -0.907383 0.420305 0.000000
vn -0.961255 0.032142 -0.273782
vn -0.999373 0.012360 -0.033192
vn -0.834667 0.068318 -0.546502
vn -0.683804 0.102162 -0.722478
vn -0.512568 0.126576 -0.849266
vn 0.678962 0.171831 -0.713782
vn 0.513099 0.151880 -0.844785
vn 0.909425 0.166458 -0.381102
vn 0.788396 0.195040 -0.583431
vn 0.988033 0.114309 -0.103558
vn 0.981607 0.096795 0.164553
vn 0.215744 0.976450 0.000479
vn 0.139170 0.922087 -0.361093
vn 0.244722 0.880944 -0.405029
vn 0.291496 0.956572 -0.000115
vn -0.287901 0.872557 -0.394660
vn -0.177995 0.914264 -0.363922
vn -0.257013 0.966408 0.000474
vn -0.323209 0.946328 -0.000110
vn 0.159016 0.761893 -0.627880
vn -0.177366 0.741122 -0.647519
vn 0.076940 0.580121 -0.810888
vn 0.385432 0.287501 -0.876804
vn -0.213396 0.659122 -0.721124
vn 0.059756 0.791960 -0.607642
vn 0.868073 0.175177 -0.464503
vn 0.996679 0.081432 0.000000
vn 0.585375 0.414784 -0.696628
vn -0.868385 0.179663 -0.462199
vn -0.586388 0.418866 -0.693325
vn -0.996033 0.088984 0.000000
vn -0.216859 0.892828 -0.394753
vn -0.266204 0.963917 -0.000128
vn 0.281567 0.959542 -0.000132
vn 0.216359 0.875295 -0.432490
vn -0.038157 0.774568 -0.631339
vn 0.226980 0.637008 -0.736682
vn 0.386353 0.354517 -0.851498
vn -0.283516 0.635963 -0.717753
vn -0.029095 0.754188 -0.656014
vn 0.837103 0.293392 -0.461714
vn 0.973916 0.226908 0.000001
vn 0.572568 0.474444 -0.668632
vn -0.838011 0.290153 -0.462113
vn -0.573475 0.474480 -0.667829
vn -0.974234 0.225542 0.000000
vn -0.137594 0.906953 -0.398125
vn -0.218047 0.975938 -0.000058
vn 0.163333 0.876044 -0.453728
vn 0.245958 0.969281 -0.000061
vn 0.079885 0.746187 -0.660927
vn 0.305043 0.620973 -0.722039
vn 0.561128 0.303565 -0.770055
vn -0.892133 0.069719 -0.446361
vn 0.000000 0.000000 0.000000
vn -0.700269 0.158613 -0.696035
vn 0.892103 0.070195 -0.446346
vn 0.994261 -0.106986 0.000000
vn -0.110705 0.873341 -0.474363
vn 0.186244 0.779292 -0.598345
vn 0.291523 0.567578 -0.769980
vn 0.084643 0.690248 -0.718605
vn -0.618899 0.541685 -0.568807
vn -0.754928 0.655808 0.000000
vn -0.123297 0.992370 0.000000
vn -0.180745 0.780152 -0.598911
vn -0.218282 0.975886 0.000000
vn 0.129634 0.991562 0.000001
vn -0.486386 0.463919 -0.740411
vn -0.286705 0.568184 -0.771341
vn 0.619629 0.541384 -0.568299
vn 0.755230 0.655460 0.000000
vn 0.945455 0.325754 0.000000
vn 0.806261 0.351201 -0.476026
vn 0.487359 0.463802 -0.739844
vn 0.208226 0.978081 0.000000
vn 0.104881 0.868867 -0.483809
vn -0.077447 0.687990 -0.721575
vn 0.688536 -0.008252 -0.725156
vn 0.786427 0.149867 -0.599226
vn 0.892828 0.447165 -0.053868
vn -0.806125 0.351455 -0.476070
vn -0.945339 0.326090 0.000000
vn 0.133285 0.720975 -0.680022
vn 0.323360 0.570869 -0.754683
vn -0.096628 0.911245 -0.400369
vn -0.198261 0.980149 0.000000
vn 0.811417 0.323137 -0.487017
vn 0.958594 0.284778 0.000001
vn 0.538868 0.447151 -0.713917
vn 0.685817 0.122141 -0.717452
vn -0.538673 0.442290 -0.717085
vn -0.301130 0.571905 -0.763050
vn 0.118324 0.882480 -0.455224
vn 0.207676 0.978198 0.000000
vn -0.083385 0.709511 -0.699744
vn -0.813933 0.313472 -0.489130
vn -0.961572 0.274552 0.000000
vn -0.544605 0.187299 0.817511
vn -0.344155 0.357938 0.868008
vn -0.251990 0.401475 0.880522
vn -0.496689 0.188308 0.847255
vn 0.344214 0.358037 0.867944
vn 0.544624 0.187580 0.817434
vn 0.496635 0.188861 0.847163
vn 0.251953 0.401819 0.880376
vn -0.372772 0.452898 0.809892
vn -0.098849 0.668746 0.736891
vn 0.039051 0.806687 0.589687
vn -0.154790 0.614239 0.773789
vn 0.098838 0.668802 0.736841
vn 0.372770 0.453066 0.809799
vn 0.149481 0.608940 0.779004
vn -0.055044 0.797353 0.600998
vn 0.790326 -0.502858 0.350026
vn 0.916082 -0.017039 0.400629
vn 0.697494 -0.034915 0.715739
vn 0.707706 0.110710 0.697779
vn 0.672880 -0.185354 0.716154
vn 0.700584 0.056344 0.711342
vn 0.827748 -0.150563 0.540522
vn 0.852992 -0.061145 0.518330
vn 0.612999 0.144946 0.776675
vn 0.586271 0.199821 0.785084
vn 0.638919 0.287986 0.713335
vn 0.700089 0.159128 0.696098
vn 0.499715 0.483367 0.718778
vn -0.819289 -0.466826 0.332926
vn -0.697513 -0.035194 0.715708
vn -0.707773 0.110240 0.697785
vn -0.906028 -0.090747 0.413375
vn -0.827841 -0.150742 0.540329
vn -0.613245 0.144602 0.776544
vn -0.587358 0.201540 0.783832
vn -0.853991 -0.058191 0.517023
vn -0.083526 0.599627 0.795909
vn -0.610276 0.281576 0.740458
vn -0.420521 0.337050 0.842353
vn -0.436374 0.338452 0.833683
vn -0.612640 0.266594 0.744043
vn -0.435902 -0.049994 0.898605
vn -0.584440 -0.129886 0.800974
vn -0.939782 0.170936 0.295957
vn -0.758351 0.235475 0.607828
vn -0.730353 0.357555 0.582013
vn -0.846056 0.471537 0.248681
vn -0.651605 -0.410292 0.638021
vn -0.711506 -0.646355 0.275653
vn -0.613808 -0.304099 0.728535
vn -0.433168 -0.261610 0.862511
vn -0.460103 0.001122 0.887865
vn -0.649406 -0.020197 0.760173
vn 0.433168 -0.261610 0.862511
vn 0.613808 -0.304100 0.728535
vn 0.649406 -0.020197 0.760173
vn 0.460103 0.001122 0.887865
vn 0.435901 -0.050032 0.898603
vn 0.584412 -0.129914 0.800990
vn 0.829203 -0.498451 0.252920
vn 0.953019 -0.129902 0.273642
vn 0.735529 -0.371950 0.566260
vn 0.791673 -0.060084 0.607983
vn -0.162154 -0.949372 0.269069
vn -0.010833 -0.822668 0.568419
vn 0.633359 -0.721060 0.280944
vn 0.651612 -0.410263 0.638034
vn 0.446457 -0.628181 0.637232
vn -0.829213 -0.498435 0.252921
vn -0.735534 -0.371945 0.566257
vn -0.791674 -0.060085 0.607982
vn -0.953019 -0.129898 0.273644
vn 0.420520 0.337057 0.842351
vn 0.610274 0.281582 0.740458
vn 0.612600 0.266633 0.744062
vn 0.436323 0.338574 0.833661
vn 0.510343 0.573249 0.641043
vn 0.758351 0.235481 0.607826
vn 0.730379 0.357518 0.582004
vn 0.603312 -0.001935 0.797503
vn 0.846094 0.471462 0.248693
vn 0.939784 0.170925 0.295956
vn -0.955536 0.015411 0.294472
vn -0.784410 0.046192 0.618520
vn -0.635709 0.071651 0.768596
vn -0.470974 0.084358 0.878104
vn 0.528823 -0.105907 0.842098
vn 0.593520 0.036396 0.803996
vn 0.781585 0.080360 0.618600
vn 0.378970 -0.091656 0.920859
vn 0.937655 0.118010 0.326922
vn 0.244703 0.880965 0.404994
vn 0.138120 0.922537 0.360345
vn -0.287876 0.872586 0.394616
vn -0.176642 0.914823 0.363176
vn 0.159039 0.761958 0.627796
vn -0.177399 0.741195 0.647425
vn 0.076940 0.580121 0.810888
vn 0.479523 0.580735 0.657879
vn 0.059839 0.792005 0.607575
vn -0.213396 0.659122 0.721124
vn 0.868073 0.175178 0.464503
vn 0.585375 0.414784 0.696628
vn -0.586388 0.418866 0.693325
vn -0.868385 0.179663 0.462199
vn -0.216889 0.892831 0.394731
vn 0.216394 0.875292 0.432479
vn 0.226980 0.637008 0.736682
vn -0.038248 0.774620 0.631269
vn 0.541502 0.625997 0.561163
vn -0.029041 0.754206 0.655995
vn -0.283516 0.635963 0.717753
vn 0.837103 0.293391 0.461715
vn 0.572568 0.474443 0.668632
vn -0.573475 0.474480 0.667829
vn -0.838011 0.290153 0.462113
vn -0.137605 0.906927 0.398181
vn 0.163353 0.876016 0.453776
vn 0.305043 0.620973 0.722040
vn 0.079835 0.746207 0.660910
vn 0.629280 0.511995 0.584694
vn -0.892133 0.069718 0.446361
vn -0.700269 0.158613 0.696035
vn 0.892103 0.070195 0.446346
vn -0.107054 0.872008 0.477641
vn 0.094041 0.688362 0.719246
vn 0.291014 0.567909 0.769929
vn 0.185741 0.774257 0.605001
vn -0.611479 0.541483 0.576967
vn -0.180266 0.775087 0.605595
vn -0.479865 0.468141 0.742007
vn -0.286169 0.568497 0.771309
vn 0.612269 0.541194 0.576400
vn 0.806261 0.351201 0.476027
vn 0.480891 0.468018 0.741419
vn 0.101150 0.867467 0.487103
vn -0.086917 0.686134 0.722264
vn 0.779376 0.415746 0.468752
vn 0.789189 0.473943 0.390587
vn -0.806125 0.351455 0.476070
vn 0.323728 0.572603 0.753210
vn 0.135579 0.721161 0.679372
vn -0.096628 0.911245 0.400369
vn 0.811417 0.323137 0.487017
vn 0.537861 0.449140 0.713427
vn 0.744489 0.416800 0.521549
vn -0.301462 0.573696 0.761573
vn -0.537660 0.444300 0.716602
vn 0.118324 0.882480 0.455224
vn -0.085663 0.709772 0.699204
vn -0.813933 0.313472 0.489130
vn -0.206016 0.355211 -0.911802
vn -0.065081 0.380686 -0.922411
vn -0.083947 -0.048492 -0.995290
vn -0.259681 -0.048949 -0.964453
vn -0.129749 0.517674 -0.845682
vn -0.036257 0.543124 -0.838870
vn -0.088131 0.675056 -0.732484
vn -0.019479 0.685589 -0.727728
vn 0.213563 0.368394 -0.904808
vn 0.054457 0.384243 -0.921624
vn 0.058466 0.564323 -0.823482
vn 0.159260 0.572957 -0.803963
vn 0.265255 -0.026773 -0.963806
vn 0.068427 -0.041229 -0.996804
vn 0.081863 0.702287 -0.707171
vn 0.128516 0.709462 -0.692926
vn -0.129594 0.874003 -0.468320
vn -0.039446 0.867051 -0.496655
vn -0.227923 0.951607 -0.206143
vn -0.077014 0.975408 -0.206512
vn 0.085382 0.864635 -0.495092
vn 0.159926 0.851340 -0.499644
vn 0.088558 0.971643 -0.219244
vn 0.202440 0.953732 -0.222289
vn -0.020829 -0.975777 -0.217776
vn -0.064253 -0.976721 -0.204664
vn -0.183880 -0.766108 -0.615846
vn -0.058282 -0.765303 -0.641026
vn -0.088486 0.108353 -0.990167
vn -0.279462 0.117953 -0.952884
vn -0.211965 0.602799 -0.769223
vn -0.066134 0.612422 -0.787760
vn 0.062870 -0.975973 -0.208625
vn 0.014996 -0.975066 -0.221408
vn 0.042290 -0.763069 -0.644932
vn 0.182402 -0.763172 -0.619918
vn 0.277424 0.125658 -0.952495
vn 0.065917 0.110752 -0.991660
vn 0.048831 0.612913 -0.788640
vn 0.209878 0.608319 -0.765441
vn -0.080624 0.422561 -0.902741
vn -0.256128 0.432691 -0.864394
vn 0.255254 0.447992 -0.856825
vn 0.060583 0.428643 -0.901441
vn -0.263489 0.961799 0.074270
vn -0.099078 0.992579 0.070509
vn 0.078790 0.994748 0.065326
vn 0.233763 0.970437 0.060055
vn -0.268136 0.939434 0.213462
vn -0.109406 0.967212 0.229199
vn 0.045016 0.975362 0.215971
vn 0.187821 0.965786 0.178834
vn -0.215314 0.286444 0.933590
vn -0.060741 0.401726 0.913743
vn -0.076092 0.697760 0.712279
vn -0.173948 0.628114 0.758429
vn -0.180948 -0.156532 0.970956
vn 0.011037 -0.064550 0.997853
vn -0.078164 0.817521 0.570570
vn -0.174371 0.811802 0.557291
vn 0.088482 0.371503 0.924206
vn 0.018122 0.444946 0.895374
vn 0.155692 -0.041553 0.986931
vn 0.257649 -0.144915 0.955310
vn -0.009734 0.745380 0.666568
vn -0.056937 0.730491 0.680544
vn -0.006909 0.867691 0.497055
vn -0.051208 0.833818 0.549659
vn -0.094043 0.903156 0.418885
vn -0.219351 0.900502 0.375475
vn 0.092882 0.932042 0.350243
vn -0.007320 0.916674 0.399570
vn 0.163648 -0.965552 0.202308
vn 0.243194 -0.950935 0.191257
vn 0.160808 -0.753188 0.637847
vn -0.005618 -0.782635 0.622456
vn -0.287637 0.064491 0.955566
vn -0.069617 0.078914 0.994448
vn -0.182255 0.552129 0.813595
vn -0.340368 0.517116 0.785329
vn 0.325850 -0.929901 0.170607
vn 0.387015 -0.917200 0.094670
vn 0.517095 -0.704951 0.485445
vn 0.343562 -0.702846 0.622875
vn 0.182031 0.109383 0.977190
vn 0.447876 0.126667 0.885078
vn 0.217572 0.572191 0.790734
vn -0.009575 0.588152 0.808694
vn -0.314103 0.305949 0.898741
vn -0.123163 0.356868 0.926000
vn 0.069160 0.348434 0.934778
vn 0.297297 0.136714 0.944947
vn 0.269383 -0.214338 0.938878
vn 0.532457 -0.229176 0.814842
vn 0.648196 -0.352024 0.675220
vn 0.459347 -0.482423 0.745834
vn 0.608077 -0.331396 0.721401
vn 0.223646 -0.450807 0.864150
vn 0.802773 -0.256653 0.538223
vn 0.907861 -0.314074 0.277753
vn 0.943266 -0.324344 -0.071065
vn 0.893741 -0.263627 -0.362943
vn 0.801289 -0.226532 -0.553732
vn 0.678065 -0.237697 -0.695505
vn 0.503424 -0.247871 -0.827722
vn 0.272254 -0.257826 -0.927040
vn 0.064112 -0.263710 -0.962469
vn -0.086442 -0.266056 -0.960074
vn -0.274033 -0.263146 -0.925019
vn -0.504240 -0.261972 -0.822869
vn -0.668217 -0.281545 -0.688635
vn -0.798528 -0.319063 -0.510442
vn -0.891695 -0.380417 -0.245280
vn -0.910049 -0.413548 -0.028109
vn -0.878291 -0.398091 0.264818
vn -0.741891 -0.339365 0.578298
vn -0.595714 -0.303162 0.743786
vn -0.406007 -0.277860 0.870605
vn -0.201676 -0.294991 0.933974
vn 0.017971 -0.262952 0.964642
vn 0.004772 -0.999345 0.035873
vn 0.035119 -0.997052 0.068227
vn -0.002672 -0.999646 0.026482
vn 0.004108 -0.999968 0.006861
vn 0.007684 -0.997221 0.074106
vn -0.391920 -0.898701 0.196812
vn -0.287122 -0.951095 0.113930
vn -0.151588 -0.978712 0.138360
vn 0.002571 -0.988347 0.152197
vn 0.092141 -0.990682 0.100295
vn 0.198948 -0.976206 0.086261
vn 0.245462 -0.969403 0.002459
vn 0.094415 -0.995389 -0.016910
vn 0.165831 -0.985306 0.040903
vn 0.226899 -0.973795 0.015529
vn 0.216769 -0.974085 -0.064572
vn 0.024148 -0.998418 0.050773
vn -0.451166 -0.815206 0.363164
vn -0.343726 -0.902287 0.260251
vn -0.200375 -0.964361 0.172791
vn 0.192126 -0.977243 -0.089909
vn 0.091344 -0.991888 -0.088397
vn -0.005378 -0.999946 0.008861
vn 0.002357 -0.999980 -0.005943
vn -0.002860 -0.999982 -0.005369
vn 0.263017 -0.964791 0.000142
vn 0.300359 -0.953585 -0.021478
vn 0.314298 -0.947032 -0.065940
s off
g Jacob_Body_Geo Jacob_Body_Grp geo
usemtl lambert3SG
f 56/47/1 47/35/2 1/34/3 4/1/4
f 55/44/5 56/47/6 4/1/7 10/2/8
f 51/39/9 52/41/10 5/22/11 8/3/12
f 50/37/13 51/39/14 8/3/15 12/4/16
f 58/50/17 59/49/18 29/90/19 32/89/20
f 65/62/21 66/61/22 38/87/23 37/31/24
f 15/74/25 16/82/26 27/6/27 28/16/28
f 16/82/29 15/74/30 17/73/31 18/81/32
f 18/81/33 17/73/34 20/72/35 19/80/36
f 19/80/37 20/72/38 23/69/39 24/13/40
f 22/71/41 21/32/42 48/78/43 49/38/44
f 26/25/45 25/24/46 53/43/47 54/45/48
f 1/34/49 47/35/50 48/36/51 21/79/52
f 5/22/53 52/41/54 53/43/55 25/24/56
f 54/45/57 55/44/58 10/2/59 26/25/60
f 49/70/61 50/37/62 12/4/63 22/33/64
f 17/8/65 7/42/66 11/15/67 20/11/68
f 3/46/69 18/9/70 19/10/71 2/14/72
f 16/5/73 18/9/74 3/46/75 9/17/76
f 15/7/77 6/40/78 7/42/79 17/8/80
f 19/10/81 24/77/82 2/14/83
f 20/11/84 11/15/85 23/12/86
f 15/7/87 28/16/88 6/40/89
f 9/17/90 27/6/91 16/5/92
f 57/66/93 58/50/94 32/89/95 13/86/96
f 1/34/97 21/79/98 33/75/99 41/48/100
f 60/68/101 61/53/102 31/27/103 30/88/104
f 34/52/105 22/33/106 12/4/107 43/55/108
f 12/4/109 8/3/110 46/58/111 43/55/112
f 32/26/113 29/18/114 30/19/115 31/83/116
f 59/76/117 60/54/118 30/19/119 29/18/120
f 66/61/121 57/66/122 13/86/123 38/87/124
f 63/56/125 64/60/126 36/30/127 35/85/128
f 26/25/129 10/2/130 42/64/131 40/63/132
f 8/3/133 5/22/134 44/59/135 46/58/136
f 5/22/137 25/24/138 39/23/139 44/59/140
f 25/24/141 26/25/142 40/63/143 39/23/144
f 13/20/145 14/84/146 35/29/147 38/21/148
f 32/26/149 31/83/150 14/84/151 13/20/152
f 38/21/153 35/29/154 36/30/155 37/31/156
f 21/32/157 22/71/158 34/67/159 33/51/160
f 10/2/161 4/1/162 45/65/163 42/64/164
f 4/1/165 1/34/166 41/48/167 45/65/168
f 64/60/169 65/62/170 37/31/171 36/30/172
f 14/28/173 62/57/174 63/56/175 35/85/176
f 61/53/177 62/57/178 14/28/179 31/27/180
f 48/36/181 47/35/182 2/14/183 24/77/184
f 49/38/185 48/78/186 24/13/187 23/69/188
f 11/15/189 50/37/190 49/70/191 23/12/192
f 7/42/193 51/39/194 50/37/195 11/15/196
f 6/40/197 52/41/198 51/39/199 7/42/200
f 53/43/201 52/41/202 6/40/203 28/16/204
f 54/45/205 53/43/206 28/16/207 27/6/208
f 9/17/209 55/44/210 54/45/211 27/6/212
f 3/46/213 56/47/214 55/44/215 9/17/216
f 2/14/217 47/35/218 56/47/219 3/46/220
f 45/65/221 41/48/222 58/50/223 57/66/224
f 41/48/225 33/75/226 59/49/227 58/50/228
f 34/67/229 60/54/230 59/76/231 33/51/232
f 34/52/233 43/55/234 61/53/235 60/68/236
f 43/55/237 46/58/238 62/57/239 61/53/240
f 63/56/241 62/57/242 46/58/243 44/59/244
f 44/59/245 39/23/246 64/60/247 63/56/248
f 40/63/249 65/62/250 64/60/251 39/23/252
f 42/64/253 66/61/254 65/62/255 40/63/256
f 42/64/257 45/65/258 57/66/259 66/61/260
f 69/91/261 70/92/262 78/93/263 75/94/264
f 71/95/265 72/96/266 80/97/267
f 76/98/268 77/99/269 68/100/270 67/101/271
f 75/102/272 76/98/273 67/101/274 69/103/275
f 74/104/276 80/97/277 72/96/278
f 73/105/279 76/98/280 75/102/281 71/106/282
f 73/105/283 74/107/284 77/99/285 76/98/286
f 75/94/287 78/93/288 72/96/289 71/95/290
f 67/101/291 79/108/292 69/103/293
f 67/101/294 68/100/295 79/108/296
f 73/105/297 80/109/298 74/107/299
f 71/106/300 80/109/301 73/105/302
f 68/110/303 77/111/304 78/93/305 70/92/306
f 72/96/307 78/93/308 77/111/309 74/104/310
f 69/91/311 79/112/312 70/92/313
f 79/112/314 68/110/315 70/92/316
s 1
f 83/113/317 660/114/318 971/115/319 663/116/320
f 660/114/318 84/117/321 661/118/322 971/115/319
f 971/115/319 661/118/322 88/119/323 662/120/324
f 663/116/320 971/115/319 662/120/324 87/121/325
f 81/122/326 664/123/327 972/124/328 667/125/329
f 664/123/327 82/126/330 665/127/331 972/124/328
f 972/124/328 665/127/331 86/128/332 666/129/333
f 667/125/329 972/124/328 666/129/333 85/130/334
f 973/131/335 669/132/336 875/133/337 1040/134/338
f 668/135/339 973/131/335 1040/134/338 874/136/340
f 973/131/335 668/135/339 83/137/317 663/138/320
f 669/132/336 973/131/335 663/138/320 87/139/325
f 87/121/325 662/120/324 974/140/341 672/141/342
f 662/120/324 88/119/323 670/142/343 974/140/341
f 974/140/341 670/142/343 92/143/344 671/144/345
f 672/141/342 974/140/341 671/144/345 91/145/346
f 85/130/334 666/129/333 975/146/347 675/147/348
f 666/129/333 86/128/332 673/148/349 975/146/347
f 975/146/347 673/148/349 90/149/350 674/150/351
f 675/147/348 975/146/347 674/150/351 89/151/352
f 976/152/353 676/153/354 887/154/355 1050/155/356
f 669/132/336 976/152/353 1050/155/356 875/133/337
f 976/152/353 669/132/336 87/139/325 672/156/342
f 676/153/354 976/152/353 672/156/342 91/157/346
f 91/145/346 671/144/345 977/158/357 679/159/358
f 671/144/345 92/143/344 677/160/359 977/158/357
f 977/158/357 677/160/359 96/161/360 678/162/361
f 679/159/358 977/158/357 678/162/361 95/163/362
f 89/151/352 674/150/351 978/164/363 682/165/364
f 674/150/351 90/149/350 680/166/365 978/164/363
f 978/164/363 680/166/365 94/167/366 681/168/367
f 682/165/364 978/164/363 681/168/367 93/169/368
f 979/170/369 683/171/370 886/172/371 1049/173/372
f 676/153/354 979/170/369 1049/173/372 887/154/355
f 979/170/369 676/153/354 91/157/346 679/174/358
f 683/171/370 979/170/369 679/174/358 95/175/362
f 95/163/362 678/162/361 980/176/373 686/177/374
f 678/162/361 96/161/360 684/178/375 980/176/373
f 980/176/373 684/178/375 100/179/376 685/180/377
f 686/177/374 980/176/373 685/180/377 99/181/378
f 93/169/368 681/168/367 981/182/379 689/183/380
f 681/168/367 94/167/366 687/184/381 981/182/379
f 981/182/379 687/184/381 98/1917/382 688/1890/383
f 689/183/380 981/182/379 688/1890/383 97/185/384
f 982/186/385 690/1893/386 883/187/387 1048/188/388
f 683/171/370 982/186/385 1048/188/388 886/172/371
f 982/186/385 683/171/370 95/175/362 686/189/374
f 690/1893/386 982/186/385 686/189/374 99/1895/378
f 99/181/378 685/180/377 983/190/389 693/191/390
f 685/180/377 100/179/376 691/192/391 983/190/389
f 983/190/389 691/192/391 247/193/392 692/194/393
f 693/191/390 983/190/389 692/194/393 246/195/394
f 97/185/384 688/1890/383 984/1891/395 696/1912/396
f 688/1890/383 98/1917/382 694/1892/397 984/1891/395
f 984/196/395 694/198/397 245/199/398 695/200/399
f 696/197/396 984/196/395 695/200/399 244/201/400
f 690/1893/386 985/1894/401 1047/1902/402 883/187/387
f 690/1893/386 99/1895/378 693/1896/390 985/1894/401
f 985/202/401 693/204/390 246/205/394 697/206/403
f 985/202/401 697/206/403 884/207/404 1047/203/402
f 986/208/405 700/209/406 880/210/407 1046/211/408
f 698/212/409 986/208/405 1046/211/408 882/213/410
f 986/208/405 698/212/409 218/214/411 699/215/412
f 700/209/406 986/208/405 699/215/412 103/216/413
f 103/217/413 701/218/414 987/219/415 704/220/416
f 701/218/414 104/221/417 702/222/418 987/219/415
f 987/219/415 702/222/418 108/223/419 703/224/420
f 704/220/416 987/219/415 703/224/420 107/225/421
f 101/226/422 705/227/423 988/228/424 708/229/425
f 705/227/423 102/230/426 706/231/427 988/228/424
f 988/228/424 706/231/427 106/232/428 707/233/429
f 708/229/425 988/228/424 707/233/429 105/234/430
f 989/235/431 709/236/432 879/237/433 1045/238/434
f 700/209/406 989/235/431 1045/238/434 880/210/407
f 989/235/431 700/209/406 103/216/413 704/239/416
f 709/236/432 989/235/431 704/239/416 107/240/421
f 167/241/435 710/242/436 990/243/437 713/244/438
f 710/242/436 168/245/439 711/246/440 990/243/437
f 990/243/437 711/246/440 112/247/441 712/248/442
f 713/244/438 990/243/437 712/248/442 111/249/443
f 165/250/444 714/251/445 991/252/446 717/253/447
f 714/251/445 166/254/448 715/255/449 991/252/446
f 991/252/446 715/255/449 110/256/450 716/257/451
f 717/253/447 991/252/446 716/257/451 109/258/452
f 992/259/453 719/260/454 877/261/455 1043/262/456
f 718/263/457 992/259/453 1043/262/456 878/264/458
f 992/259/453 718/263/457 167/265/435 713/266/438
f 719/260/454 992/259/453 713/266/438 111/267/443
f 111/249/443 712/248/442 993/268/459 722/269/460
f 712/248/442 112/247/441 720/270/461 993/268/459
f 993/268/459 720/270/461 116/271/462 721/272/463
f 722/269/460 993/268/459 721/272/463 115/273/464
f 109/258/452 716/257/451 994/274/465 725/275/466
f 716/257/451 110/256/450 723/276/467 994/274/465
f 994/274/465 723/276/467 114/277/468 724/278/469
f 725/275/466 994/274/465 724/278/469 113/279/470
f 995/280/471 726/281/472 876/282/473 1042/283/474
f 719/260/454 995/280/471 1042/283/474 877/261/455
f 995/280/471 719/260/454 111/267/443 722/284/460
f 726/281/472 995/280/471 722/284/460 115/285/464
f 84/117/321 660/114/318 996/286/475 728/287/476
f 660/114/318 83/113/317 727/288/477 996/286/475
f 996/286/475 727/288/477 115/273/464 721/272/463
f 728/287/476 996/286/475 721/272/463 116/271/462
f 83/137/317 668/135/339 997/289/478 727/290/477
f 997/289/478 668/135/339 874/136/340 1041/291/479
f 726/281/472 997/289/478 1041/291/479 876/282/473
f 727/290/477 997/289/478 726/281/472 115/285/464
f 82/126/330 664/123/327 998/292/480 730/293/481
f 664/123/327 81/122/326 729/294/482 998/292/480
f 998/292/480 729/294/482 113/279/470 724/278/469
f 730/293/481 998/292/480 724/278/469 114/277/468
f 732/301/483 119/302/484 120/303/485 731/304/486
f 732/301/483 731/304/486 152/305/487 151/306/488
f 117/295/489 733/296/490 999/297/491 736/298/492
f 733/296/490 118/299/493 734/300/494 999/297/491
f 999/297/491 734/300/494 150/307/495 735/308/496
f 736/298/492 999/297/491 735/308/496 149/309/497
f 205/310/498 737/311/499 732/312/483 151/313/488
f 737/311/499 206/314/500 119/315/484 732/312/483
f 739/322/501 120/303/485 119/302/484 738/323/502
f 739/322/501 738/323/502 123/324/503 124/325/504
f 738/316/502 119/315/484 206/314/500 740/317/505
f 738/316/502 740/317/505 207/318/506 123/319/503
f 118/299/493 733/296/490 1000/320/507 743/321/508
f 733/296/490 117/295/489 741/326/509 1000/320/507
f 1000/320/507 741/326/509 121/327/510 742/328/511
f 743/321/508 1000/320/507 742/328/511 122/329/512
f 745/341/513 124/325/504 123/324/503 744/342/514
f 745/341/513 744/342/514 127/343/515 128/344/516
f 744/330/514 123/319/503 207/318/506 746/331/517
f 744/330/514 746/331/517 208/332/518 127/333/515
f 122/329/512 742/328/511 1001/334/519 749/335/520
f 742/328/511 121/327/510 747/336/521 1001/334/519
f 1001/334/519 747/336/521 125/337/522 748/338/523
f 749/335/520 1001/334/519 748/338/523 126/339/524
f 751/355/525 128/344/516 127/343/515 750/356/526
f 751/355/525 750/356/526 131/357/527 132/358/528
f 750/340/526 127/333/515 208/332/518 752/345/529
f 750/340/526 752/345/529 209/346/530 131/347/527
f 126/339/524 748/338/523 1002/348/531 755/349/532
f 748/338/523 125/337/522 753/350/533 1002/348/531
f 1002/348/531 753/350/533 129/351/534 754/352/535
f 755/349/532 1002/348/531 754/352/535 130/353/536
f 757/365/537 132/358/528 131/357/527 756/366/538
f 757/365/537 756/366/538 135/367/539 136/368/540
f 756/354/538 131/347/527 209/346/530 758/359/541
f 756/354/538 758/359/541 210/1905/542 135/360/539
f 130/353/536 754/352/535 1003/361/543 761/362/544
f 754/352/535 129/351/534 759/363/545 1003/361/543
f 1003/361/543 759/363/545 133/1908/546 760/1910/547
f 761/362/544 1003/361/543 760/1910/547 134/1903/548
f 763/379/549 136/368/540 135/367/539 762/380/550
f 763/379/549 762/380/550 282/381/551 283/382/552
f 762/1897/550 135/360/539 210/1905/542 764/1898/553
f 762/364/550 764/369/553 357/370/554 282/371/551
f 766/387/555 140/388/556 139/389/557 765/390/558
f 766/387/555 765/390/558 143/391/559 144/392/560
f 765/372/558 139/373/557 211/374/561 767/375/562
f 765/372/558 767/375/562 212/376/563 143/377/559
f 138/378/564 768/383/565 1004/384/566 771/385/567
f 768/383/565 137/386/568 769/393/569 1004/384/566
f 1004/384/566 769/393/569 141/394/570 770/395/571
f 771/385/567 1004/384/566 770/395/571 142/396/572
f 773/408/573 159/409/574 160/410/575 772/411/576
f 773/408/573 772/411/576 147/412/577 148/413/578
f 772/397/576 160/398/575 213/399/579 774/400/580
f 772/397/576 774/400/580 214/401/581 147/402/577
f 161/403/582 775/404/583 1005/405/584 778/406/585
f 775/404/583 162/407/586 776/414/587 1005/405/584
f 1005/405/584 776/414/587 145/415/588 777/416/589
f 778/406/585 1005/405/584 777/416/589 146/417/590
f 780/429/591 148/413/578 147/412/577 779/430/592
f 780/429/591 779/430/592 151/306/488 152/305/487
f 779/418/592 147/402/577 214/401/581 781/419/593
f 779/418/592 781/419/593 205/310/498 151/313/488
f 146/417/590 777/416/589 1006/420/594 783/421/595
f 777/416/589 145/415/588 782/422/596 1006/420/594
f 1006/420/594 782/422/596 149/309/497 735/308/496
f 783/421/595 1006/420/594 735/308/496 150/307/495
f 137/386/568 784/423/597 1007/424/598 787/425/599
f 784/423/597 216/426/600 785/427/601 1007/424/598
f 1007/424/598 785/427/601 224/428/602 786/431/603
f 787/425/599 1007/424/598 786/431/603 154/432/604
f 101/226/422 708/229/425 1008/433/605 790/434/606
f 708/229/425 105/234/430 788/435/607 1008/433/605
f 1008/433/605 788/435/607 155/436/608 789/437/609
f 790/434/606 1008/433/605 789/437/609 153/438/610
f 141/394/570 769/393/569 1009/439/611 792/440/612
f 769/393/569 137/386/568 787/425/599 1009/439/611
f 1009/439/611 787/425/599 154/432/604 791/441/613
f 792/440/612 1009/439/611 791/441/613 156/442/614
f 164/443/615 793/444/616 1010/445/617 795/446/618
f 793/444/616 165/250/444 717/253/447 1010/445/617
f 1010/445/617 717/253/447 109/258/452 794/447/619
f 795/446/618 1010/445/617 794/447/619 157/448/620
f 145/415/588 776/414/587 1011/449/621 798/450/622
f 776/414/587 162/407/586 796/451/623 1011/449/621
f 1011/449/621 796/451/623 163/452/624 797/453/625
f 798/450/622 1011/449/621 797/453/625 158/454/626
f 800/466/627 144/392/560 143/391/559 799/467/628
f 800/466/627 799/467/628 160/410/575 159/409/574
f 799/455/628 143/377/559 212/376/563 801/456/629
f 799/455/628 801/456/629 213/399/579 160/398/575
f 142/396/572 770/395/571 1012/457/630 803/458/631
f 770/395/571 141/394/570 802/459/632 1012/457/630
f 1012/457/630 802/459/632 162/407/586 775/404/583
f 803/458/631 1012/457/630 775/404/583 161/403/582
f 163/452/624 796/451/623 1013/460/633 804/461/634
f 796/451/623 162/407/586 802/459/632 1013/460/633
f 1013/460/633 802/459/632 141/394/570 792/440/612
f 804/461/634 1013/460/633 792/440/612 156/442/614
f 105/234/430 805/462/635 1014/463/636 788/435/607
f 805/462/635 165/250/444 793/444/616 1014/463/636
f 1014/463/636 793/444/616 164/443/615 806/464/637
f 788/435/607 1014/463/636 806/464/637 155/436/608
f 105/234/430 707/233/429 1015/465/638 805/462/635
f 707/233/429 106/232/428 807/468/639 1015/465/638
f 1015/465/638 807/468/639 166/254/448 714/251/445
f 805/462/635 1015/465/638 714/251/445 165/250/444
f 1016/469/640 718/263/457 878/264/458 1044/470/641
f 709/236/432 1016/469/640 1044/470/641 879/237/433
f 1016/469/640 709/236/432 107/240/421 808/471/642
f 718/263/457 1016/469/640 808/471/642 167/265/435
f 107/225/421 703/224/420 1017/483/643 808/484/642
f 703/224/420 108/223/419 809/485/644 1017/483/643
f 1017/483/643 809/485/644 168/245/439 710/242/436
f 808/484/642 1017/483/643 710/242/436 167/241/435
f 169/472/645 810/473/646 1018/474/647 813/475/648
f 810/473/646 170/476/649 811/477/650 1018/474/647
f 1018/474/647 811/477/650 183/478/651 812/479/652
f 813/475/648 1018/474/647 812/479/652 184/480/653
f 170/476/649 810/473/646 1019/481/654 816/482/655
f 810/473/646 169/472/645 814/486/656 1019/481/654
f 1019/481/654 814/486/656 172/487/657 815/488/658
f 816/482/655 1019/481/654 815/488/658 171/489/659
f 171/489/659 815/488/658 1020/490/660 819/491/661
f 815/488/658 172/487/657 817/492/662 1020/490/660
f 1020/490/660 817/492/662 174/493/663 818/494/664
f 819/491/661 1020/490/660 818/494/664 173/495/665
f 173/495/665 818/494/664 1021/496/666 822/497/667
f 818/494/664 174/493/663 820/498/668 1021/496/666
f 1021/496/666 820/498/668 176/499/669 821/500/670
f 822/497/667 1021/496/666 821/500/670 175/501/671
f 175/501/671 821/500/670 1022/502/672 825/503/673
f 821/500/670 176/499/669 823/504/674 1022/502/672
f 1022/502/672 823/504/674 178/505/675 824/506/676
f 825/503/673 1022/502/672 824/506/676 177/507/677
f 179/1918/678 826/1920/679 1023/508/680 829/509/681
f 826/1920/679 180/1900/682 827/510/683 1023/508/680
f 1023/508/680 827/510/683 182/511/684 828/512/685
f 829/509/681 1023/508/680 828/512/685 181/513/686
f 181/513/686 828/512/685 1024/514/687 831/515/688
f 828/512/685 182/511/684 830/516/689 1024/514/687
f 1024/514/687 830/516/689 184/480/653 812/479/652
f 831/515/688 1024/514/687 812/479/652 183/478/651
f 81/122/326 667/125/329 1025/517/690 833/518/691
f 667/125/329 85/130/334 832/519/692 1025/517/690
f 1025/517/690 832/519/692 170/476/649 816/482/655
f 833/518/691 1025/517/690 816/482/655 171/489/659
f 85/130/334 675/147/348 1026/520/693 832/519/692
f 675/147/348 89/151/352 834/521/694 1026/520/693
f 1026/520/693 834/521/694 183/478/651 811/477/650
f 832/519/692 1026/520/693 811/477/650 170/476/649
f 89/151/352 682/165/364 1027/522/695 834/521/694
f 682/165/364 93/169/368 835/523/696 1027/522/695
f 1027/522/695 835/523/696 181/513/686 831/515/688
f 834/521/694 1027/522/695 831/515/688 183/478/651
f 93/169/368 689/183/380 1028/524/697 835/523/696
f 689/183/380 97/185/384 836/1913/698 1028/524/697
f 1028/524/697 836/1913/698 179/1918/678 829/509/681
f 835/523/696 1028/524/697 829/509/681 181/513/686
f 109/258/452 725/275/466 1029/525/699 838/526/700
f 725/275/466 113/279/470 837/527/701 1029/525/699
f 1029/525/699 837/527/701 173/495/665 822/497/667
f 838/526/700 1029/525/699 822/497/667 175/501/671
f 113/279/470 729/294/482 1030/528/702 837/527/701
f 729/294/482 81/122/326 833/518/691 1030/528/702
f 1030/528/702 833/518/691 171/489/659 819/491/661
f 837/527/701 1030/528/702 819/491/661 173/495/665
f 109/258/452 838/526/700 1031/529/703 794/447/619
f 838/526/700 175/501/671 825/503/673 1031/529/703
f 1031/529/703 825/503/673 177/507/677 839/530/704
f 794/447/619 1031/529/703 839/530/704 157/448/620
f 172/487/657 814/486/656 1032/531/705 841/532/706
f 814/486/656 169/472/645 840/533/707 1032/531/705
f 1032/531/705 840/533/707 121/327/510 741/326/509
f 841/532/706 1032/531/705 741/326/509 117/295/489
f 174/493/663 817/492/662 1033/534/708 842/535/709
f 817/492/662 172/487/657 841/532/706 1033/534/708
f 1033/534/708 841/532/706 117/295/489 736/298/492
f 842/535/709 1033/534/708 736/298/492 149/309/497
f 176/499/669 820/498/668 1034/536/710 843/537/711
f 820/498/668 174/493/663 842/535/709 1034/536/710
f 1034/536/710 842/535/709 149/309/497 782/422/596
f 843/537/711 1034/536/710 782/422/596 145/415/588
f 178/505/675 823/504/674 1035/538/712 844/539/713
f 823/504/674 176/499/669 843/537/711 1035/538/712
f 1035/538/712 843/537/711 145/415/588 798/450/622
f 844/539/713 1035/538/712 798/450/622 158/454/626
f 133/1908/546 845/540/714 1036/1899/715 848/1909/716
f 845/540/714 180/1900/682 846/1901/717 1036/1899/715
f 1036/541/715 846/543/717 327/544/718 847/545/719
f 848/542/716 1036/541/715 847/545/719 280/546/720
f 182/511/684 827/510/683 1037/547/721 849/548/722
f 827/510/683 180/1900/682 845/540/714 1037/547/721
f 1037/547/721 845/540/714 133/1908/546 759/363/545
f 849/548/722 1037/547/721 759/363/545 129/351/534
f 184/480/653 830/516/689 1038/549/723 850/550/724
f 830/516/689 182/511/684 849/548/722 1038/549/723
f 1038/549/723 849/548/722 129/351/534 753/350/533
f 850/550/724 1038/549/723 753/350/533 125/337/522
f 169/472/645 813/475/648 1039/551/725 840/533/707
f 813/475/648 184/480/653 850/550/724 1039/551/725
f 1039/551/725 850/550/724 125/337/522 747/336/521
f 840/533/707 1039/551/725 747/336/521 121/327/510
f 734/300/494 118/299/493 186/552/726 851/553/727
f 734/300/494 851/553/727 185/554/728 150/307/495
f 187/555/729 852/556/730 743/321/508 122/329/512
f 852/556/730 186/552/726 118/299/493 743/321/508
f 188/557/731 853/558/732 749/335/520 126/339/524
f 853/558/732 187/555/729 122/329/512 749/335/520
f 189/559/733 854/560/734 755/349/532 130/353/536
f 854/560/734 188/557/731 126/339/524 755/349/532
f 190/1906/735 855/561/736 761/362/544 134/1903/548
f 855/561/736 189/559/733 130/353/536 761/362/544
f 191/562/737 856/563/738 857/564/739 138/378/564
f 856/563/738 225/565/740 222/566/741 857/564/739
f 192/567/742 858/568/743 771/385/567 142/396/572
f 858/568/743 191/562/737 138/378/564 771/385/567
f 376/569/744 859/570/745 860/571/746 378/572/747
f 859/570/745 375/573/748 377/574/749 860/571/746
f 194/575/750 861/576/751 778/406/585 146/417/590
f 861/576/751 193/577/752 161/403/582 778/406/585
f 150/307/495 185/554/728 862/578/753 783/421/595
f 862/578/753 194/575/750 146/417/590 783/421/595
f 665/127/331 82/126/330 196/579/754 863/580/755
f 665/127/331 863/580/755 195/581/756 86/128/332
f 197/582/757 864/583/758 730/293/481 114/277/468
f 864/583/758 196/579/754 82/126/330 730/293/481
f 723/276/467 110/256/450 198/584/759 865/585/760
f 723/276/467 865/585/760 197/582/757 114/277/468
f 715/255/449 166/254/448 199/586/761 866/587/762
f 715/255/449 866/587/762 198/584/759 110/256/450
f 807/468/639 106/232/428 200/588/763 867/589/764
f 807/468/639 867/589/764 199/586/761 166/254/448
f 706/231/427 102/230/426 201/590/765 868/591/766
f 706/231/427 868/591/766 200/588/763 106/232/428
f 687/184/381 94/167/366 203/592/767 869/593/768
f 687/184/381 869/593/768 202/1915/769 98/1917/382
f 680/166/365 90/149/350 204/594/770 870/595/771
f 680/166/365 870/595/771 203/592/767 94/167/366
f 673/148/349 86/128/332 195/581/756 871/596/772
f 673/148/349 871/596/772 204/594/770 90/149/350
f 185/554/728 851/553/727 737/311/499 205/310/498
f 851/553/727 186/552/726 206/314/500 737/311/499
f 207/318/506 740/317/505 852/556/730 187/555/729
f 740/317/505 206/314/500 186/552/726 852/556/730
f 208/332/518 746/331/517 853/558/732 188/557/731
f 746/331/517 207/318/506 187/555/729 853/558/732
f 209/346/530 752/345/529 854/560/734 189/559/733
f 752/345/529 208/332/518 188/557/731 854/560/734
f 210/1905/542 758/359/541 855/561/736 190/1906/735
f 758/359/541 209/346/530 189/559/733 855/561/736
f 211/374/561 872/597/773 856/563/738 191/562/737
f 872/597/773 227/598/774 225/565/740 856/563/738
f 212/376/563 767/375/562 858/568/743 192/567/742
f 767/375/562 211/374/561 191/562/737 858/568/743
f 380/599/775 873/600/776 859/570/745 376/569/744
f 873/600/776 379/601/777 375/573/748 859/570/745
f 214/401/581 774/400/580 861/576/751 194/575/750
f 774/400/580 213/399/579 193/577/752 861/576/751
f 185/554/728 205/310/498 781/419/593 862/578/753
f 781/419/593 214/401/581 194/575/750 862/578/753
f 195/581/756 863/580/755 1040/134/338 875/133/337
f 863/580/755 196/579/754 874/136/340 1040/134/338
f 1041/291/479 874/136/340 196/579/754 864/583/758
f 876/282/473 1041/291/479 864/583/758 197/582/757
f 197/582/757 865/585/760 1042/283/474 876/282/473
f 865/585/760 198/584/759 877/261/455 1042/283/474
f 198/584/759 866/587/762 1043/262/456 877/261/455
f 866/587/762 199/586/761 878/264/458 1043/262/456
f 199/586/761 867/589/764 1044/470/641 878/264/458
f 867/589/764 200/588/763 879/237/433 1044/470/641
f 200/588/763 868/591/766 1045/238/434 879/237/433
f 868/591/766 201/590/765 880/210/407 1045/238/434
f 201/590/765 881/602/778 1046/211/408 880/210/407
f 881/602/778 226/603/779 882/213/410 1046/211/408
f 202/1915/769 883/187/387 1047/1902/402 885/1916/780
f 885/604/780 1047/203/402 884/207/404 349/605/781
f 202/1915/769 869/593/768 1048/188/388 883/187/387
f 869/593/768 203/592/767 886/172/371 1048/188/388
f 203/592/767 870/595/771 1049/173/372 886/172/371
f 870/595/771 204/594/770 887/154/355 1049/173/372
f 204/594/770 871/596/772 1050/155/356 887/154/355
f 871/596/772 195/581/756 875/133/337 1050/155/356
f 218/624/411 888/625/782 1051/626/783 699/627/412
f 888/625/782 217/628/784 889/629/785 1051/626/783
f 1051/626/783 889/629/785 104/221/417 701/218/414
f 699/627/412 1051/626/783 701/218/414 103/217/413
f 215/606/786 890/607/787 1052/608/788 892/609/789
f 890/607/787 219/610/790 891/611/791 1052/608/788
f 1052/608/788 891/611/791 102/230/426 705/227/423
f 892/609/789 1052/608/788 705/227/423 101/226/422
f 894/636/792 220/637/793 221/638/794 893/639/795
f 894/636/792 893/639/795 139/389/557 140/388/556
f 893/612/795 221/613/794 227/598/774 872/597/773
f 893/612/795 872/597/773 211/374/561 139/373/557
f 222/566/741 895/614/796 1053/615/797 857/564/739
f 895/614/796 216/426/600 784/423/597 1053/615/797
f 1053/615/797 784/423/597 137/386/568 768/383/565
f 857/564/739 1053/615/797 768/383/565 138/378/564
f 223/616/798 896/617/799 1054/618/800 897/619/801
f 896/617/799 215/606/786 892/609/789 1054/618/800
f 1054/618/800 892/609/789 101/226/422 790/434/606
f 897/619/801 1054/618/800 790/434/606 153/438/610
f 899/1907/802 190/1906/735 134/1903/548 898/1904/803
f 899/620/802 898/621/803 281/622/804 337/623/805
f 891/611/791 219/610/790 226/603/779 881/602/778
f 891/611/791 881/602/778 201/590/765 102/230/426
f 764/1898/553 210/1905/542 190/1906/735 899/1907/802
f 764/369/553 899/620/802 337/623/805 357/370/554
f 217/628/784 888/625/782 1055/652/806 902/653/807
f 888/625/782 218/624/411 900/654/808 1055/652/806
f 1055/652/806 900/654/808 365/655/809 901/656/810
f 902/653/807 1055/652/806 901/656/810 364/657/811
f 219/610/790 890/607/787 1056/1930/812 905/1926/813
f 890/607/787 215/606/786 903/632/814 1056/1930/812
f 1056/630/812 903/1929/814 362/633/815 904/634/816
f 905/631/813 1056/630/812 904/634/816 366/635/817
f 907/664/818 221/638/794 220/637/793 906/665/819
f 907/664/818 906/665/819 367/666/820 368/667/821
f 908/1932/822 227/598/774 221/613/794 907/1938/818
f 908/640/822 907/641/818 368/642/821 374/643/823
f 216/426/600 895/614/796 1057/1937/824 911/1936/825
f 895/614/796 222/566/741 909/646/826 1057/1937/824
f 1057/644/824 909/1933/826 369/647/827 910/648/828
f 911/645/825 1057/644/824 910/648/828 363/649/829
f 215/606/786 896/617/799 1058/1928/830 903/632/814
f 896/617/799 223/616/798 912/651/831 1058/1928/830
f 1058/650/830 912/1927/831 370/658/832 913/659/833
f 903/1929/814 1058/650/830 913/659/833 362/633/815
f 914/1924/834 226/603/779 219/610/790 905/1926/813
f 914/660/834 905/631/813 366/635/817 373/661/835
f 230/684/836 915/685/837 1059/686/838 918/687/839
f 915/685/837 234/688/840 916/689/841 1059/686/838
f 1059/686/838 916/689/841 235/690/842 917/691/843
f 918/687/839 1059/686/838 917/691/843 231/692/844
f 228/662/845 919/663/846 1060/668/847 922/669/848
f 919/663/846 232/670/849 920/671/850 1060/668/847
f 1060/668/847 920/671/850 233/672/851 921/673/852
f 922/669/848 1060/668/847 921/673/852 229/674/853
f 923/675/854 1061/676/855 1124/677/856 552/678/857
f 923/675/854 234/679/840 915/680/837 1061/676/855
f 1061/676/855 915/680/837 230/681/836 924/682/858
f 1061/676/855 924/682/858 553/683/859 1124/677/856
f 234/688/840 925/711/860 1062/712/861 916/689/841
f 925/711/860 238/713/862 926/714/863 1062/712/861
f 1062/712/861 926/714/863 239/715/864 927/716/865
f 916/689/841 1062/712/861 927/716/865 235/690/842
f 232/670/849 928/693/866 1063/694/867 920/671/850
f 928/693/866 236/695/868 929/696/869 1063/694/867
f 1063/694/867 929/696/869 237/697/870 930/698/871
f 920/671/850 1063/694/867 930/698/871 233/672/851
f 931/699/872 1064/700/873 1133/701/874 562/702/875
f 931/699/872 238/703/862 925/704/860 1064/700/873
f 1064/700/873 925/704/860 234/679/840 923/675/854
f 1064/700/873 923/675/854 552/678/857 1133/701/874
f 238/713/862 932/729/876 1065/730/877 926/714/863
f 932/729/876 242/731/878 933/732/879 1065/730/877
f 1065/730/877 933/732/879 243/733/880 934/734/881
f 926/714/863 1065/730/877 934/734/881 239/715/864
f 236/695/868 935/705/882 1066/706/883 929/696/869
f 935/705/882 240/707/884 936/708/885 1066/706/883
f 1066/706/883 936/708/885 241/709/886 937/710/887
f 929/696/869 1066/706/883 937/710/887 237/697/870
f 938/717/888 1067/718/889 1132/719/890 561/720/891
f 938/717/888 242/721/878 932/722/876 1067/718/889
f 1067/718/889 932/722/876 238/703/862 931/699/872
f 1067/718/889 931/699/872 562/702/875 1132/719/890
f 242/731/878 939/747/892 1068/748/893 933/732/879
f 939/747/892 246/195/394 692/194/393 1068/748/893
f 1068/748/893 692/194/393 247/193/392 940/749/894
f 933/732/879 1068/748/893 940/749/894 243/733/880
f 240/707/884 941/723/895 1069/724/896 936/708/885
f 941/723/895 244/201/400 695/200/399 1069/724/896
f 1069/724/896 695/200/399 245/199/398 942/725/897
f 936/708/885 1069/724/896 942/725/897 241/709/886
f 884/207/404 697/206/403 1070/726/898 1131/727/899
f 697/206/403 246/205/394 939/728/892 1070/726/898
f 1070/726/898 939/728/892 242/721/878 938/717/888
f 1070/726/898 938/717/888 561/720/891 1131/727/899
f 943/735/900 1071/736/901 1130/737/902 558/738/903
f 943/735/900 250/739/904 944/740/905 1071/736/901
f 1071/736/901 944/740/905 365/741/809 945/742/906
f 1071/736/901 945/742/906 559/743/907 1130/737/902
f 250/765/904 946/766/908 1072/767/909 949/768/910
f 946/766/908 254/769/911 947/770/912 1072/767/909
f 1072/767/909 947/770/912 255/771/913 948/772/914
f 949/768/910 1072/767/909 948/772/914 251/773/915
f 248/744/916 950/745/917 1073/746/918 953/750/919
f 950/745/917 252/751/920 951/752/921 1073/746/918
f 1073/746/918 951/752/921 253/753/922 952/754/923
f 953/750/919 1073/746/918 952/754/923 249/755/924
f 954/756/925 1074/757/926 1129/758/927 557/759/928
f 954/756/925 254/760/911 946/761/908 1074/757/926
f 1074/757/926 946/761/908 250/739/904 943/735/900
f 1074/757/926 943/735/900 558/738/903 1129/758/927
f 314/789/929 955/790/930 1075/791/931 958/792/932
f 955/790/930 258/793/933 956/794/934 1075/791/931
f 1075/791/931 956/794/934 259/795/935 957/796/936
f 958/792/932 1075/791/931 957/796/936 315/797/937
f 312/762/938 959/763/939 1076/764/940 962/774/941
f 959/763/939 256/775/942 960/776/943 1076/764/940
f 1076/764/940 960/776/943 257/777/944 961/778/945
f 962/774/941 1076/764/940 961/778/945 313/779/946
f 963/780/947 1077/781/948 1127/782/949 555/783/950
f 963/780/947 258/784/933 955/785/930 1077/781/948
f 1077/781/948 955/785/930 314/786/929 964/787/951
f 1077/781/948 964/787/951 556/788/952 1127/782/949
f 258/793/933 965/816/953 1078/817/954 956/794/934
f 965/816/953 262/818/955 966/819/956 1078/817/954
f 1078/817/954 966/819/956 263/820/957 967/821/958
f 956/794/934 1078/817/954 967/821/958 259/795/935
f 256/775/942 968/798/959 1079/799/960 960/776/943
f 968/798/959 260/800/961 969/801/962 1079/799/960
f 1079/799/960 969/801/962 261/802/963 970/803/964
f 960/776/943 1079/799/960 970/803/964 257/777/944
f 411/804/965 1080/805/966 1126/806/967 554/807/968
f 411/804/965 262/808/955 965/809/953 1080/805/966
f 1080/805/966 965/809/953 258/784/933 963/780/947
f 1080/805/966 963/780/947 555/783/950 1126/806/967
f 231/692/844 412/834/969 1081/835/970 918/687/839
f 412/834/969 263/820/957 966/819/956 1081/835/970
f 1081/835/970 966/819/956 262/818/955 413/836/971
f 918/687/839 1081/835/970 413/836/971 230/684/836
f 230/681/836 413/810/971 1082/811/972 924/682/858
f 413/810/971 262/808/955 411/804/965 1082/811/972
f 1082/811/972 411/804/965 554/807/968 1125/812/973
f 924/682/858 1082/811/972 1125/812/973 553/683/859
f 229/674/853 414/813/974 1083/814/975 922/669/848
f 414/813/974 261/802/963 969/801/962 1083/814/975
f 1083/814/975 969/801/962 260/800/961 415/815/976
f 922/669/848 1083/814/975 415/815/976 228/662/845
f 266/849/977 416/850/978 417/851/979 267/852/980
f 416/850/978 298/853/981 299/854/982 417/851/979
f 264/822/983 418/823/984 1084/824/985 421/825/986
f 418/823/984 296/826/987 419/827/988 1084/824/985
f 1084/824/985 419/827/988 297/828/989 420/829/990
f 421/825/986 1084/824/985 420/829/990 265/830/991
f 422/831/992 352/832/993 298/833/981 416/837/978
f 422/831/992 416/837/978 266/838/977 353/839/994
f 266/849/977 267/852/980 423/870/995 424/871/996
f 423/870/995 271/872/997 270/873/998 424/871/996
f 353/839/994 266/838/977 424/840/996 425/841/999
f 424/840/996 270/842/998 354/843/1000 425/841/999
f 265/830/991 426/844/1001 1085/845/1002 421/825/986
f 426/844/1001 269/846/1003 427/847/1004 1085/845/1002
f 1085/845/1002 427/847/1004 268/848/1005 428/855/1006
f 421/825/986 1085/845/1002 428/855/1006 264/822/983
f 270/873/998 271/872/997 429/889/1007 430/890/1008
f 429/889/1007 275/891/1009 274/892/1010 430/890/1008
f 354/843/1000 270/842/998 430/856/1008 431/857/1011
f 430/856/1008 274/858/1010 355/859/1012 431/857/1011
f 269/846/1003 432/860/1013 1086/861/1014 427/847/1004
f 432/860/1013 273/862/1015 433/863/1016 1086/861/1014
f 1086/861/1014 433/863/1016 272/864/1017 434/865/1018
f 427/847/1004 1086/861/1014 434/865/1018 268/848/1005
f 274/892/1010 275/891/1009 435/903/1019 436/904/1020
f 435/903/1019 279/905/1021 278/906/1022 436/904/1020
f 355/859/1012 274/858/1010 436/866/1020 437/867/1023
f 436/866/1020 278/868/1022 356/869/1024 437/867/1023
f 273/862/1015 438/874/1025 1087/875/1026 433/863/1016
f 438/874/1025 277/876/1027 439/877/1028 1087/875/1026
f 1087/875/1026 439/877/1028 276/878/1029 440/879/1030
f 433/863/1016 1087/875/1026 440/879/1030 272/864/1017
f 278/906/1022 279/905/1021 441/917/1031 442/918/1032
f 441/917/1031 283/382/552 282/381/551 442/918/1032
f 356/869/1024 278/868/1022 442/880/1032 443/881/1033
f 442/880/1032 282/371/551 357/370/554 443/881/1033
f 277/876/1027 444/882/1034 1088/883/1035 439/877/1028
f 444/882/1034 281/622/804 445/884/1036 1088/883/1035
f 1088/883/1035 445/884/1036 280/546/720 446/885/1037
f 439/877/1028 1088/883/1035 446/885/1037 276/878/1029
f 287/925/1038 447/926/1039 448/927/1040 286/928/1041
f 447/926/1039 291/929/1042 290/930/1043 448/927/1040
f 286/886/1041 448/887/1040 449/888/1044 358/893/1045
f 448/887/1040 290/894/1043 359/895/1046 449/888/1044
f 285/896/1047 450/897/1048 1089/898/1049 453/899/1050
f 450/897/1048 289/900/1051 451/901/1052 1089/898/1049
f 1089/898/1049 451/901/1052 288/902/1053 452/907/1054
f 453/899/1050 1089/898/1049 452/907/1054 284/908/1055
f 306/946/1056 454/947/1057 455/948/1058 307/949/1059
f 454/947/1057 295/950/1060 294/951/1061 455/948/1058
f 307/909/1059 455/910/1058 456/911/1062 360/912/1063
f 455/910/1058 294/913/1061 361/914/1064 456/911/1062
f 308/915/1065 457/916/1066 1090/919/1067 460/920/1068
f 457/916/1066 293/921/1069 458/922/1070 1090/919/1067
f 1090/919/1067 458/922/1070 292/923/1071 459/924/1072
f 460/920/1068 1090/919/1067 459/924/1072 309/931/1073
f 294/951/1061 295/950/1060 461/967/1074 462/968/1075
f 461/967/1074 299/854/982 298/853/981 462/968/1075
f 361/914/1064 294/913/1061 462/932/1075 463/933/1076
f 462/932/1075 298/833/981 352/832/993 463/933/1076
f 293/921/1069 464/934/1077 1091/935/1078 458/922/1070
f 464/934/1077 297/828/989 419/827/988 1091/935/1078
f 1091/935/1078 419/827/988 296/826/987 465/936/1079
f 458/922/1070 1091/935/1078 465/936/1079 292/923/1071
f 284/908/1055 466/937/1080 1092/938/1081 469/939/1082
f 466/937/1080 301/940/1083 467/941/1084 1092/938/1081
f 1092/938/1081 467/941/1084 371/942/1085 468/943/1086
f 469/939/1082 1092/938/1081 468/943/1086 363/649/829
f 248/744/916 470/944/1087 1093/945/1088 950/745/917
f 470/944/1087 300/952/1089 471/953/1090 1093/945/1088
f 1093/945/1088 471/953/1090 302/954/1091 472/955/1092
f 950/745/917 1093/945/1088 472/955/1092 252/751/920
f 288/902/1053 473/956/1093 1094/957/1094 452/907/1054
f 473/956/1093 303/958/1095 474/959/1096 1094/957/1094
f 1094/957/1094 474/959/1096 301/940/1083 466/937/1080
f 452/907/1054 1094/957/1094 466/937/1080 284/908/1055
f 311/960/1097 475/961/1098 1095/962/1099 477/963/1100
f 475/961/1098 304/964/1101 476/965/1102 1095/962/1099
f 1095/962/1099 476/965/1102 256/775/942 959/763/939
f 477/963/1100 1095/962/1099 959/763/939 312/762/938
f 292/923/1071 478/966/1103 1096/969/1104 459/924/1072
f 478/966/1103 305/970/1105 479/971/1106 1096/969/1104
f 1096/969/1104 479/971/1106 310/972/1107 480/973/1108
f 459/924/1072 1096/969/1104 480/973/1108 309/931/1073
f 290/930/1043 291/929/1042 481/1003/1109 482/1004/1110
f 481/1003/1109 306/946/1056 307/949/1059 482/1004/1110
f 359/895/1046 290/894/1043 482/974/1110 483/975/1111
f 482/974/1110 307/909/1059 360/912/1063 483/975/1111
f 289/900/1051 484/976/1112 1097/977/1113 451/901/1052
f 484/976/1112 308/915/1065 460/920/1068 1097/977/1113
f 1097/977/1113 460/920/1068 309/931/1073 485/978/1114
f 451/901/1052 1097/977/1113 485/978/1114 288/902/1053
f 310/972/1107 486/979/1115 1098/980/1116 480/973/1108
f 486/979/1115 303/958/1095 473/956/1093 1098/980/1116
f 1098/980/1116 473/956/1093 288/902/1053 485/978/1114
f 480/973/1108 1098/980/1116 485/978/1114 309/931/1073
f 252/751/920 472/955/1092 1099/981/1117 488/982/1118
f 472/955/1092 302/954/1091 487/983/1119 1099/981/1117
f 1099/981/1117 487/983/1119 311/960/1097 477/963/1100
f 488/982/1118 1099/981/1117 477/963/1100 312/762/938
f 252/751/920 488/982/1118 1100/984/1120 951/752/921
f 488/982/1118 312/762/938 962/774/941 1100/984/1120
f 1100/984/1120 962/774/941 313/779/946 489/985/1121
f 951/752/921 1100/984/1120 489/985/1121 253/753/922
f 964/787/951 1101/986/1122 1128/987/1123 556/788/952
f 964/787/951 314/786/929 490/988/1124 1101/986/1122
f 1101/986/1122 490/988/1124 254/760/911 954/756/925
f 1101/986/1122 954/756/925 557/759/928 1128/987/1123
f 254/769/911 490/1020/1124 1102/1021/1125 947/770/912
f 490/1020/1124 314/789/929 958/792/932 1102/1021/1125
f 1102/1021/1125 958/792/932 315/797/937 491/1022/1126
f 947/770/912 1102/1021/1125 491/1022/1126 255/771/913
f 316/989/1127 492/990/1128 1103/991/1129 495/992/1130
f 492/990/1128 331/993/1131 493/994/1132 1103/991/1129
f 1103/991/1129 493/994/1132 330/995/1133 494/996/1134
f 495/992/1130 1103/991/1129 494/996/1134 317/997/1135
f 317/997/1135 496/998/1136 1104/999/1137 495/992/1130
f 496/998/1136 318/1000/1138 497/1001/1139 1104/999/1137
f 1104/999/1137 497/1001/1139 319/1002/1140 498/1005/1141
f 495/992/1130 1104/999/1137 498/1005/1141 316/989/1127
f 318/1000/1138 499/1006/1142 1105/1007/1143 497/1001/1139
f 499/1006/1142 320/1008/1144 500/1009/1145 1105/1007/1143
f 1105/1007/1143 500/1009/1145 321/1010/1146 501/1011/1147
f 497/1001/1139 1105/1007/1143 501/1011/1147 319/1002/1140
f 320/1008/1144 502/1012/1148 1106/1013/1149 500/1009/1145
f 502/1012/1148 322/1014/1150 503/1015/1151 1106/1013/1149
f 1106/1013/1149 503/1015/1151 323/1016/1152 504/1017/1153
f 500/1009/1145 1106/1013/1149 504/1017/1153 321/1010/1146
f 322/1014/1150 505/1018/1154 1107/1019/1155 503/1015/1151
f 505/1018/1154 324/1023/1156 506/1024/1157 1107/1019/1155
f 1107/1019/1155 506/1024/1157 325/1025/1158 507/1026/1159
f 503/1015/1151 1107/1019/1155 507/1026/1159 323/1016/1152
f 326/1027/1160 508/1028/1161 1108/1029/1162 511/1030/1163
f 508/1028/1161 328/1031/1164 509/1032/1165 1108/1029/1162
f 1108/1029/1162 509/1032/1165 329/1033/1166 510/1034/1167
f 511/1030/1163 1108/1029/1162 510/1034/1167 327/544/718
f 328/1031/1164 512/1035/1168 1109/1036/1169 509/1032/1165
f 512/1035/1168 330/995/1133 493/994/1132 1109/1036/1169
f 1109/1036/1169 493/994/1132 331/993/1131 513/1037/1170
f 509/1032/1165 1109/1036/1169 513/1037/1170 329/1033/1166
f 228/662/845 514/1038/1171 1110/1039/1172 919/663/846
f 514/1038/1171 318/1000/1138 496/998/1136 1110/1039/1172
f 1110/1039/1172 496/998/1136 317/997/1135 515/1040/1173
f 919/663/846 1110/1039/1172 515/1040/1173 232/670/849
f 232/670/849 515/1040/1173 1111/1041/1174 928/693/866
f 515/1040/1173 317/997/1135 494/996/1134 1111/1041/1174
f 1111/1041/1174 494/996/1134 330/995/1133 516/1042/1175
f 928/693/866 1111/1041/1174 516/1042/1175 236/695/868
f 236/695/868 516/1042/1175 1112/1043/1176 935/705/882
f 516/1042/1175 330/995/1133 512/1035/1168 1112/1043/1176
f 1112/1043/1176 512/1035/1168 328/1031/1164 517/1044/1177
f 935/705/882 1112/1043/1176 517/1044/1177 240/707/884
f 240/707/884 517/1044/1177 1113/1045/1178 941/723/895
f 517/1044/1177 328/1031/1164 508/1028/1161 1113/1045/1178
f 1113/1045/1178 508/1028/1161 326/1027/1160 518/1046/1179
f 941/723/895 1113/1045/1178 518/1046/1179 244/201/400
f 256/775/942 519/1047/1180 1114/1048/1181 968/798/959
f 519/1047/1180 322/1014/1150 502/1012/1148 1114/1048/1181
f 1114/1048/1181 502/1012/1148 320/1008/1144 520/1049/1182
f 968/798/959 1114/1048/1181 520/1049/1182 260/800/961
f 260/800/961 520/1049/1182 1115/1050/1183 415/815/976
f 520/1049/1182 320/1008/1144 499/1006/1142 1115/1050/1183
f 1115/1050/1183 499/1006/1142 318/1000/1138 514/1038/1171
f 415/815/976 1115/1050/1183 514/1038/1171 228/662/845
f 256/775/942 476/965/1102 1116/1051/1184 519/1047/1180
f 476/965/1102 304/964/1101 521/1052/1185 1116/1051/1184
f 1116/1051/1184 521/1052/1185 324/1023/1156 505/1018/1154
f 519/1047/1180 1116/1051/1184 505/1018/1154 322/1014/1150
f 319/1002/1140 522/1053/1186 1117/1054/1187 498/1005/1141
f 522/1053/1186 264/822/983 428/855/1006 1117/1054/1187
f 1117/1054/1187 428/855/1006 268/848/1005 523/1055/1188
f 498/1005/1141 1117/1054/1187 523/1055/1188 316/989/1127
f 321/1010/1146 524/1056/1189 1118/1057/1190 501/1011/1147
f 524/1056/1189 296/826/987 418/823/984 1118/1057/1190
f 1118/1057/1190 418/823/984 264/822/983 522/1053/1186
f 501/1011/1147 1118/1057/1190 522/1053/1186 319/1002/1140
f 323/1016/1152 525/1058/1191 1119/1059/1192 504/1017/1153
f 525/1058/1191 292/923/1071 465/936/1079 1119/1059/1192
f 1119/1059/1192 465/936/1079 296/826/987 524/1056/1189
f 504/1017/1153 1119/1059/1192 524/1056/1189 321/1010/1146
f 325/1025/1158 526/1060/1193 1120/1061/1194 507/1026/1159
f 526/1060/1193 305/970/1105 478/966/1103 1120/1061/1194
f 1120/1061/1194 478/966/1103 292/923/1071 525/1058/1191
f 507/1026/1159 1120/1061/1194 525/1058/1191 323/1016/1152
f 329/1033/1166 527/1062/1195 1121/1063/1196 510/1034/1167
f 527/1062/1195 276/878/1029 446/885/1037 1121/1063/1196
f 1121/1063/1196 446/885/1037 280/546/720 847/545/719
f 510/1034/1167 1121/1063/1196 847/545/719 327/544/718
f 331/993/1131 528/1064/1197 1122/1065/1198 513/1037/1170
f 528/1064/1197 272/864/1017 440/879/1030 1122/1065/1198
f 1122/1065/1198 440/879/1030 276/878/1029 527/1062/1195
f 513/1037/1170 1122/1065/1198 527/1062/1195 329/1033/1166
f 316/989/1127 523/1055/1188 1123/1066/1199 492/990/1128
f 523/1055/1188 268/848/1005 434/865/1018 1123/1066/1199
f 1123/1066/1199 434/865/1018 272/864/1017 528/1064/1197
f 492/990/1128 1123/1066/1199 528/1064/1197 331/993/1131
f 265/830/991 420/829/990 529/1067/1200 333/1068/1201
f 420/829/990 297/828/989 332/1069/1202 529/1067/1200
f 530/1070/1203 334/1071/1204 269/846/1003 426/844/1001
f 530/1070/1203 426/844/1001 265/830/991 333/1068/1201
f 531/1072/1205 335/1073/1206 273/862/1015 432/860/1013
f 531/1072/1205 432/860/1013 269/846/1003 334/1071/1204
f 532/1074/1207 336/1075/1208 277/876/1027 438/874/1025
f 532/1074/1207 438/874/1025 273/862/1015 335/1073/1206
f 533/1076/1209 337/623/805 281/622/804 444/882/1034
f 533/1076/1209 444/882/1034 277/876/1027 336/1075/1208
f 535/1077/1210 338/1078/1211 285/896/1047 534/1079/1212
f 535/1077/1210 534/1079/1212 369/647/827 372/1080/1213
f 536/1081/1214 339/1082/1215 289/900/1051 450/897/1048
f 536/1081/1214 450/897/1048 285/896/1047 338/1078/1211
f 538/1083/1216 381/1084/1217 382/1085/1218 537/1086/1219
f 538/1083/1216 537/1086/1219 383/1087/1220 384/1088/1221
f 539/1089/1222 341/1090/1223 293/921/1069 457/916/1066
f 539/1089/1222 457/916/1066 308/915/1065 340/1091/1224
f 540/1092/1225 332/1069/1202 297/828/989 464/934/1077
f 540/1092/1225 464/934/1077 293/921/1069 341/1090/1223
f 229/674/853 921/673/852 541/1093/1226 343/1094/1227
f 921/673/852 233/672/851 342/1095/1228 541/1093/1226
f 542/1096/1229 344/1097/1230 261/802/963 414/813/974
f 542/1096/1229 414/813/974 229/674/853 343/1094/1227
f 257/777/944 970/803/964 543/1098/1231 345/1099/1232
f 970/803/964 261/802/963 344/1097/1230 543/1098/1231
f 313/779/946 961/778/945 544/1100/1233 346/1101/1234
f 961/778/945 257/777/944 345/1099/1232 544/1100/1233
f 253/753/922 489/985/1121 545/1102/1235 347/1103/1236
f 489/985/1121 313/779/946 346/1101/1234 545/1102/1235
f 249/755/924 952/754/923 546/1104/1237 348/1105/1238
f 952/754/923 253/753/922 347/1103/1236 546/1104/1237
f 241/709/886 942/725/897 547/1106/1239 350/1107/1240
f 942/725/897 245/199/398 349/605/781 547/1106/1239
f 237/697/870 937/710/887 548/1108/1241 351/1109/1242
f 937/710/887 241/709/886 350/1107/1240 548/1108/1241
f 342/1095/1228 233/672/851 930/698/871 549/1110/1243
f 930/698/871 237/697/870 351/1109/1242 549/1110/1243
f 529/1067/1200 332/1069/1202 352/832/993 422/831/992
f 529/1067/1200 422/831/992 353/839/994 333/1068/1201
f 425/841/999 354/843/1000 334/1071/1204 530/1070/1203
f 425/841/999 530/1070/1203 333/1068/1201 353/839/994
f 431/857/1011 355/859/1012 335/1073/1206 531/1072/1205
f 431/857/1011 531/1072/1205 334/1071/1204 354/843/1000
f 437/867/1023 356/869/1024 336/1075/1208 532/1074/1207
f 437/867/1023 532/1074/1207 335/1073/1206 355/859/1012
f 443/881/1033 357/370/554 337/623/805 533/1076/1209
f 443/881/1033 533/1076/1209 336/1075/1208 356/869/1024
f 550/1111/1244 358/893/1045 338/1078/1211 535/1077/1210
f 550/1111/1244 535/1077/1210 372/1080/1213 374/643/823
f 449/888/1044 359/895/1046 339/1082/1215 536/1081/1214
f 449/888/1044 536/1081/1214 338/1078/1211 358/893/1045
f 551/1112/1245 385/1113/1246 381/1084/1217 538/1083/1216
f 551/1112/1245 538/1083/1216 384/1088/1221 386/1114/1247
f 456/911/1062 361/914/1064 341/1090/1223 539/1089/1222
f 456/911/1062 539/1089/1222 340/1091/1224 360/912/1063
f 463/933/1076 352/832/993 332/1069/1202 540/1092/1225
f 463/933/1076 540/1092/1225 341/1090/1223 361/914/1064
f 342/1095/1228 552/678/857 1124/677/856 541/1093/1226
f 541/1093/1226 1124/677/856 553/683/859 343/1094/1227
f 554/807/968 344/1097/1230 542/1096/1229 1125/812/973
f 1125/812/973 542/1096/1229 343/1094/1227 553/683/859
f 344/1097/1230 554/807/968 1126/806/967 543/1098/1231
f 543/1098/1231 1126/806/967 555/783/950 345/1099/1232
f 345/1099/1232 555/783/950 1127/782/949 544/1100/1233
f 544/1100/1233 1127/782/949 556/788/952 346/1101/1234
f 346/1101/1234 556/788/952 1128/987/1123 545/1102/1235
f 545/1102/1235 1128/987/1123 557/759/928 347/1103/1236
f 347/1103/1236 557/759/928 1129/758/927 546/1104/1237
f 546/1104/1237 1129/758/927 558/738/903 348/1105/1238
f 348/1105/1238 558/738/903 1130/737/902 560/1115/1248
f 560/1115/1248 1130/737/902 559/743/907 373/661/835
f 349/605/781 884/207/404 1131/727/899 547/1106/1239
f 547/1106/1239 1131/727/899 561/720/891 350/1107/1240
f 350/1107/1240 561/720/891 1132/719/890 548/1108/1241
f 548/1108/1241 1132/719/890 562/702/875 351/1109/1242
f 351/1109/1242 562/702/875 1133/701/874 549/1110/1243
f 549/1110/1243 1133/701/874 552/678/857 342/1095/1228
f 365/655/809 944/1152/905 1134/1153/1249 901/656/810
f 944/1152/905 250/765/904 949/768/910 1134/1153/1249
f 1134/1153/1249 949/768/910 251/773/915 563/1154/1250
f 901/656/810 1134/1153/1249 563/1154/1250 364/657/811
f 362/633/815 564/1116/1251 1135/1117/1252 904/634/816
f 564/1116/1251 248/744/916 953/750/919 1135/1117/1252
f 1135/1117/1252 953/750/919 249/755/924 565/1118/1253
f 904/634/816 1135/1117/1252 565/1118/1253 366/635/817
f 368/667/821 367/666/820 566/1158/1254 567/1159/1255
f 566/1158/1254 287/925/1038 286/928/1041 567/1159/1255
f 374/643/823 368/642/821 567/1119/1255 550/1111/1244
f 567/1119/1255 286/886/1041 358/893/1045 550/1111/1244
f 369/647/827 534/1079/1212 1136/1120/1256 910/648/828
f 534/1079/1212 285/896/1047 453/899/1050 1136/1120/1256
f 1136/1120/1256 453/899/1050 284/908/1055 469/939/1082
f 910/648/828 1136/1120/1256 469/939/1082 363/649/829
f 370/658/832 568/1121/1257 1137/1122/1258 913/659/833
f 568/1121/1257 300/952/1089 470/944/1087 1137/1122/1258
f 1137/1122/1258 470/944/1087 248/744/916 564/1116/1251
f 913/659/833 1137/1122/1258 564/1116/1251 362/633/815
f 373/661/835 366/635/817 565/1118/1253 560/1115/1248
f 565/1118/1253 249/755/924 348/1105/1238 560/1115/1248
f 133/1908/546 848/1909/716 1138/1911/1259 760/1910/547
f 848/542/716 280/546/720 445/884/1036 1138/1123/1259
f 1138/1123/1259 445/884/1036 281/622/804 898/621/803
f 760/1910/547 1138/1911/1259 898/1904/803 134/1903/548
f 97/185/384 696/1912/396 1139/1914/1260 836/1913/698
f 696/197/396 244/201/400 518/1046/1179 1139/1124/1260
f 1139/1124/1260 518/1046/1179 326/1027/1160 569/1125/1261
f 836/1913/698 1139/1914/1260 569/1919/1261 179/1918/678
f 98/1917/382 202/1915/769 885/1916/780 694/1892/397
f 885/604/780 349/605/781 245/199/398 694/198/397
f 179/1918/678 569/1919/1261 1140/1921/1262 826/1920/679
f 569/1125/1261 326/1027/1160 511/1030/1163 1140/1126/1262
f 1140/1126/1262 511/1030/1163 327/544/718 846/543/717
f 826/1920/679 1140/1921/1262 846/1901/717 180/1900/682
f 1141/1127/1263 698/212/409 882/213/410 1143/1923/1264
f 559/743/907 945/742/906 1141/1922/1263 1143/1128/1264
f 1141/1922/1263 945/742/906 365/741/809 900/1925/808
f 698/212/409 1141/1127/1263 900/1129/808 218/214/411
f 216/426/600 911/1936/825 1142/1935/1265 785/427/601
f 911/645/825 363/649/829 468/943/1086 1142/1130/1265
f 1142/1130/1265 468/943/1086 371/942/1085 570/1131/1266
f 785/427/601 1142/1935/1265 570/1934/1266 224/428/602
f 222/566/741 225/565/740 571/1132/1267 909/646/826
f 571/1931/1267 372/1080/1213 369/647/827 909/1933/826
f 225/565/740 227/598/774 908/1932/822 571/1132/1267
f 908/640/822 374/643/823 372/1080/1213 571/1931/1267
f 226/603/779 914/1924/834 1143/1923/1264 882/213/410
f 914/660/834 373/661/835 559/743/907 1143/1128/1264
f 573/1133/1268 192/567/742 142/396/572 572/1134/1269
f 573/1133/1268 572/1134/1269 392/1135/1270 387/1136/1271
f 142/396/572 803/458/631 1144/1137/1272 572/1134/1269
f 803/458/631 161/403/582 574/1138/1273 1144/1137/1272
f 1144/1137/1272 574/1138/1273 391/1139/1274 575/1140/1275
f 572/1134/1269 1144/1137/1272 575/1140/1275 392/1135/1270
f 574/1138/1273 161/403/582 193/577/752 576/1141/1276
f 574/1138/1273 576/1141/1276 390/1142/1277 391/1139/1274
f 213/399/579 801/456/629 1145/1143/1278 579/1144/1279
f 801/456/629 212/376/563 577/1145/1280 1145/1143/1278
f 1145/1143/1278 577/1145/1280 388/1146/1281 578/1147/1282
f 579/1144/1279 1145/1143/1278 578/1147/1282 389/1148/1283
f 577/1145/1280 212/376/563 192/567/742 573/1133/1268
f 577/1145/1280 573/1133/1268 387/1136/1271 388/1146/1281
f 576/1141/1276 193/577/752 213/399/579 579/1144/1279
f 576/1141/1276 579/1144/1279 389/1148/1283 390/1142/1277
f 581/1149/1284 408/1150/1285 409/1151/1286 580/1155/1287
f 581/1149/1284 580/1155/1287 382/1085/1218 381/1084/1217
f 409/1151/1286 582/1156/1288 1146/1157/1289 580/1155/1287
f 582/1156/1288 410/1160/1290 583/1161/1291 1146/1157/1289
f 1146/1157/1289 583/1161/1291 383/1087/1220 537/1086/1219
f 580/1155/1287 1146/1157/1289 537/1086/1219 382/1085/1218
f 583/1161/1291 410/1160/1290 405/1162/1292 584/1163/1293
f 583/1161/1291 584/1163/1293 384/1088/1221 383/1087/1220
f 585/1164/1294 407/1165/1295 408/1150/1285 581/1149/1284
f 585/1164/1294 581/1149/1284 381/1084/1217 385/1113/1246
f 584/1163/1293 405/1162/1292 406/1166/1296 586/1167/1297
f 584/1163/1293 586/1167/1297 386/1114/1247 384/1088/1221
f 406/1166/1296 587/1168/1298 1147/1169/1299 586/1167/1297
f 587/1168/1298 407/1165/1295 585/1164/1294 1147/1169/1299
f 1147/1169/1299 585/1164/1294 385/1113/1246 551/1112/1245
f 586/1167/1297 1147/1169/1299 551/1112/1245 386/1114/1247
f 589/1170/1300 388/1146/1281 387/1136/1271 588/1171/1301
f 589/1170/1300 588/1171/1301 399/1172/1302 400/1173/1303
f 389/1148/1283 578/1147/1282 1148/1174/1304 591/1175/1305
f 578/1147/1282 388/1146/1281 589/1170/1300 1148/1174/1304
f 1148/1174/1304 589/1170/1300 400/1173/1303 590/1176/1306
f 591/1175/1305 1148/1174/1304 590/1176/1306 401/1177/1307
f 592/1178/1308 390/1142/1277 389/1148/1283 591/1175/1305
f 592/1178/1308 591/1175/1305 401/1177/1307 402/1179/1309
f 593/1180/1310 391/1139/1274 390/1142/1277 592/1178/1308
f 593/1180/1310 592/1178/1308 402/1179/1309 403/1181/1311
f 392/1135/1270 575/1140/1275 1149/1182/1312 595/1183/1313
f 575/1140/1275 391/1139/1274 593/1180/1310 1149/1182/1312
f 1149/1182/1312 593/1180/1310 403/1181/1311 594/1184/1314
f 595/1183/1313 1149/1182/1312 594/1184/1314 404/1185/1315
f 588/1171/1301 387/1136/1271 392/1135/1270 595/1183/1313
f 588/1171/1301 595/1183/1313 404/1185/1315 399/1172/1302
f 597/1186/1316 339/1082/1215 359/895/1046 596/1187/1317
f 597/1186/1316 596/1187/1317 394/1188/1318 393/1189/1319
f 359/895/1046 483/975/1111 1150/1190/1320 596/1187/1317
f 483/975/1111 360/912/1063 598/1191/1321 1150/1190/1320
f 1150/1190/1320 598/1191/1321 395/1192/1322 599/1193/1323
f 596/1187/1317 1150/1190/1320 599/1193/1323 394/1188/1318
f 598/1191/1321 360/912/1063 340/1091/1224 600/1194/1324
f 598/1191/1321 600/1194/1324 396/1195/1325 395/1192/1322
f 600/1194/1324 340/1091/1224 308/915/1065 601/1196/1326
f 600/1194/1324 601/1196/1326 397/1197/1327 396/1195/1325
f 308/915/1065 484/976/1112 1151/1198/1328 601/1196/1326
f 484/976/1112 289/900/1051 602/1199/1329 1151/1198/1328
f 1151/1198/1328 602/1199/1329 398/1200/1330 603/1201/1331
f 601/1196/1326 1151/1198/1328 603/1201/1331 397/1197/1327
f 602/1199/1329 289/900/1051 339/1082/1215 597/1186/1316
f 602/1199/1329 597/1186/1316 393/1189/1319 398/1200/1330
f 605/1202/1332 400/1173/1303 399/1172/1302 604/1203/1333
f 605/1202/1332 604/1203/1333 375/573/748 379/601/777
f 401/1177/1307 590/1176/1306 1152/1204/1334 606/1205/1335
f 590/1176/1306 400/1173/1303 605/1202/1332 1152/1204/1334
f 1152/1204/1334 605/1202/1332 379/601/777 873/600/776
f 606/1205/1335 1152/1204/1334 873/600/776 380/599/775
f 607/1206/1336 402/1179/1309 401/1177/1307 606/1205/1335
f 607/1206/1336 606/1205/1335 380/599/775 376/569/744
f 608/1207/1337 403/1181/1311 402/1179/1309 607/1206/1336
f 608/1207/1337 607/1206/1336 376/569/744 378/572/747
f 404/1185/1315 594/1184/1314 1153/1208/1338 609/1209/1339
f 594/1184/1314 403/1181/1311 608/1207/1337 1153/1208/1338
f 1153/1208/1338 608/1207/1337 378/572/747 860/571/746
f 609/1209/1339 1153/1208/1338 860/571/746 377/574/749
f 604/1203/1333 399/1172/1302 404/1185/1315 609/1209/1339
f 604/1203/1333 609/1209/1339 377/574/749 375/573/748
f 611/1210/1340 393/1189/1319 394/1188/1318 610/1211/1341
f 611/1210/1340 610/1211/1341 406/1166/1296 405/1162/1292
f 394/1188/1318 599/1193/1323 1154/1212/1342 610/1211/1341
f 599/1193/1323 395/1192/1322 612/1213/1343 1154/1212/1342
f 1154/1212/1342 612/1213/1343 407/1165/1295 587/1168/1298
f 610/1211/1341 1154/1212/1342 587/1168/1298 406/1166/1296
f 612/1213/1343 395/1192/1322 396/1195/1325 613/1214/1344
f 612/1213/1343 613/1214/1344 408/1150/1285 407/1165/1295
f 613/1214/1344 396/1195/1325 397/1197/1327 614/1215/1345
f 613/1214/1344 614/1215/1345 409/1151/1286 408/1150/1285
f 397/1197/1327 603/1201/1331 1155/1216/1346 614/1215/1345
f 603/1201/1331 398/1200/1330 615/1217/1347 1155/1216/1346
f 1155/1216/1346 615/1217/1347 410/1160/1290 582/1156/1288
f 614/1215/1345 1155/1216/1346 582/1156/1288 409/1151/1286
f 615/1217/1347 398/1200/1330 393/1189/1319 611/1210/1340
f 615/1217/1347 611/1210/1340 405/1162/1292 410/1160/1290
f 88/119/323 616/1254/1348 1156/1255/1349 670/142/343
f 670/142/343 1156/1255/1349 617/1256/1350 92/143/344
f 88/119/323 661/118/322 1157/1257/1351 616/1254/1348
f 661/118/322 84/117/321 618/1258/1352 1157/1257/1351
f 1158/1259/1353 618/1258/1352 84/117/321 728/287/476
f 619/1260/1354 1158/1259/1353 728/287/476 116/271/462
f 1159/1261/1355 619/1260/1354 116/271/462 720/270/461
f 620/1262/1356 1159/1261/1355 720/270/461 112/247/441
f 1160/1263/1357 620/1262/1356 112/247/441 711/246/440
f 621/1264/1358 1160/1263/1357 711/246/440 168/245/439
f 1161/1265/1359 621/1264/1358 168/245/439 809/485/644
f 622/1266/1360 1161/1265/1359 809/485/644 108/223/419
f 1162/1267/1361 622/1266/1360 108/223/419 702/222/418
f 623/1268/1362 1162/1267/1361 702/222/418 104/221/417
f 1163/1269/1363 623/1268/1362 104/221/417 889/629/785
f 624/1270/1364 1163/1269/1363 889/629/785 217/628/784
f 1164/1271/1365 624/1270/1364 217/628/784 902/653/807
f 625/1272/1366 1164/1271/1365 902/653/807 364/657/811
f 1165/1273/1367 625/1272/1366 364/657/811 563/1154/1250
f 626/1274/1368 1165/1273/1367 563/1154/1250 251/773/915
f 1166/1275/1369 626/1274/1368 251/773/915 948/772/914
f 627/1276/1370 1166/1275/1369 948/772/914 255/771/913
f 1167/1277/1371 627/1276/1370 255/771/913 491/1022/1126
f 628/1278/1372 1167/1277/1371 491/1022/1126 315/797/937
f 259/795/935 629/1279/1373 1168/1280/1374 957/796/936
f 957/796/936 1168/1280/1374 628/1278/1372 315/797/937
f 263/820/957 630/1281/1375 1169/1282/1376 967/821/958
f 967/821/958 1169/1282/1376 629/1279/1373 259/795/935
f 231/692/844 631/1283/1377 1170/1284/1378 412/834/969
f 412/834/969 1170/1284/1378 630/1281/1375 263/820/957
f 235/690/842 632/1285/1379 1171/1286/1380 917/691/843
f 917/691/843 1171/1286/1380 631/1283/1377 231/692/844
f 239/715/864 633/1287/1381 1172/1288/1382 927/716/865
f 927/716/865 1172/1288/1382 632/1285/1379 235/690/842
f 243/733/880 634/1289/1383 1173/1290/1384 934/734/881
f 934/734/881 1173/1290/1384 633/1287/1381 239/715/864
f 247/193/392 635/1291/1385 1174/1292/1386 940/749/894
f 940/749/894 1174/1292/1386 634/1289/1383 243/733/880
f 100/179/376 636/1293/1387 1175/1294/1388 691/192/391
f 691/192/391 1175/1294/1388 635/1291/1385 247/193/392
f 96/161/360 637/1295/1389 1176/1296/1390 684/178/375
f 684/178/375 1176/1296/1390 636/1293/1387 100/179/376
f 92/143/344 617/1256/1350 1177/1297/1391 677/160/359
f 677/160/359 1177/1297/1391 637/1295/1389 96/161/360
f 152/305/487 638/1298/1392 1178/1299/1393 780/429/591
f 780/429/591 1178/1299/1393 639/1300/1394 148/413/578
f 152/305/487 731/304/486 1179/1301/1395 638/1298/1392
f 731/304/486 120/303/485 640/1302/1396 1179/1301/1395
f 1180/1303/1397 640/1302/1396 120/303/485 739/322/501
f 641/1304/1398 1180/1303/1397 739/322/501 124/325/504
f 1181/1305/1399 641/1304/1398 124/325/504 745/341/513
f 642/1306/1400 1181/1305/1399 745/341/513 128/344/516
f 1182/1307/1401 642/1306/1400 128/344/516 751/355/525
f 643/1308/1402 1182/1307/1401 751/355/525 132/358/528
f 1183/1309/1403 643/1308/1402 132/358/528 757/365/537
f 644/1310/1404 1183/1309/1403 757/365/537 136/368/540
f 1184/1311/1405 644/1310/1404 136/368/540 763/379/549
f 645/1312/1406 1184/1311/1405 763/379/549 283/382/552
f 1185/1313/1407 645/1312/1406 283/382/552 441/917/1031
f 646/1314/1408 1185/1313/1407 441/917/1031 279/905/1021
f 1186/1315/1409 646/1314/1408 279/905/1021 435/903/1019
f 647/1316/1410 1186/1315/1409 435/903/1019 275/891/1009
f 1187/1317/1411 647/1316/1410 275/891/1009 429/889/1007
f 648/1318/1412 1187/1317/1411 429/889/1007 271/872/997
f 1188/1319/1413 648/1318/1412 271/872/997 423/870/995
f 649/1320/1414 1188/1319/1413 423/870/995 267/852/980
f 1189/1321/1415 649/1320/1414 267/852/980 417/851/979
f 650/1322/1416 1189/1321/1415 417/851/979 299/854/982
f 295/950/1060 651/1323/1417 1190/1324/1418 461/967/1074
f 461/967/1074 1190/1324/1418 650/1322/1416 299/854/982
f 306/946/1056 652/1325/1419 1191/1326/1420 454/947/1057
f 454/947/1057 1191/1326/1420 651/1323/1417 295/950/1060
f 291/929/1042 653/1327/1421 1192/1328/1422 481/1003/1109
f 481/1003/1109 1192/1328/1422 652/1325/1419 306/946/1056
f 287/925/1038 654/1329/1423 1193/1330/1424 447/926/1039
f 447/926/1039 1193/1330/1424 653/1327/1421 291/929/1042
f 367/666/820 655/1331/1425 1194/1332/1426 566/1158/1254
f 566/1158/1254 1194/1332/1426 654/1329/1423 287/925/1038
f 220/637/793 656/1333/1427 1195/1334/1428 906/665/819
f 906/665/819 1195/1334/1428 655/1331/1425 367/666/820
f 140/388/556 657/1335/1429 1196/1336/1430 894/636/792
f 894/636/792 1196/1336/1430 656/1333/1427 220/637/793
f 144/392/560 658/1337/1431 1197/1338/1432 766/387/555
f 766/387/555 1197/1338/1432 657/1335/1429 140/388/556
f 159/409/574 659/1339/1433 1198/1340/1434 800/466/627
f 800/466/627 1198/1340/1434 658/1337/1431 144/392/560
f 148/413/578 639/1300/1394 1199/1341/1435 773/408/573
f 773/408/573 1199/1341/1435 659/1339/1433 159/409/574
s off
f 1156/1255/1436 616/1254/1437 1157/1257/1438 618/1258/1439 1158/1259/1440 619/1260/1441 1159/1261/1442 620/1262/1443 1160/1263/1444 621/1264/1445 1161/1265/1446 622/1266/1447 1162/1267/1448 623/1268/1449 1163/1269/1450 624/1270/1451 1164/1271/1452 625/1272/1453 1165/1273/1454 626/1274/1455 1166/1275/1456 627/1276/1457 1167/1277/1458 628/1278/1459 1168/1280/1460 629/1279/1461 1169/1282/1462 630/1281/1463 1170/1284/1464 631/1283/1465 1171/1286/1466 632/1285/1467 1172/1288/1468 633/1287/1469 1173/1290/1470 634/1289/1471 1174/1292/1472 635/1291/1473 1175/1294/1474 636/1293/1475 1176/1296/1476 637/1295/1477 1177/1297/1478 617/1256/1479
s 39
usemtl lambert2SG
f 1212/1342/1480 1323/1343/1481 1324/1344/1482 1213/1345/1483
f 1214/1346/1484 1325/1347/1485 1326/1348/1486 1215/1349/1487
f 1216/1350/1488 1220/1351/1489 1221/1352/1490 1217/1353/1491
f 1218/1354/1492 1222/1355/1493 1223/1356/1494 1219/1357/1495
f 1232/1358/1496 1328/1359/1497 1329/1360/1498 1202/1361/1499
f 1233/1362/1500 1327/1363/1501 1328/1359/1497 1232/1358/1496
f 1670/1364/1502 1671/1365/1503 1327/1363/1501 1233/1362/1500
f 1234/1366/1504 1236/1367/1505 1204/1368/1506 1203/1369/1507
f 1235/1370/1508 1237/1371/1509 1236/1367/1505 1234/1366/1504
f 1672/1372/1510 1673/1373/1511 1235/1370/1508 1330/1374/1512
f 1238/1375/1513 1321/1376/1514 1322/1377/1515 1239/1378/1516
f 1239/1378/1516 1322/1377/1515 1323/1343/1481 1212/1342/1480
f 1240/1379/1517 1242/1380/1518 1243/1381/1519 1241/1382/1520
f 1220/1351/1489 1241/1382/1520 1243/1381/1519 1224/1383/1521
f 1320/1384/1522 1321/1376/1514 1238/1375/1513 1205/1385/1523
f 1207/1386/1524 1242/1380/1518 1240/1379/1517 1206/1387/1525
f 1252/1388/1526 1251/1389/1527 1254/1390/1528 1253/1391/1529
f 1251/1392/1527 1250/1393/1530 1255/1394/1531 1254/1395/1528
f 1270/1396/1532 1269/1397/1533 1272/1398/1534 1271/1399/1535
f 1269/1400/1533 1268/1401/1536 1273/1402/1537 1272/1403/1534
f 1208/1404/1538 1277/1405/1539 1278/1406/1540 1209/1407/1541
f 1210/1408/1542 1279/1409/1543 1280/1410/1544 1211/1411/1545
f 1250/1393/1530 1212/1342/1480 1213/1345/1483 1255/1394/1531
f 1258/1412/1546 1214/1346/1484 1215/1349/1487 1261/1413/1547
f 1229/1414/1548 1282/1415/1549 1283/1416/1550 1201/1417/1551
f 1231/1418/1552 1281/1419/1553 1282/1415/1549 1229/1414/1548
f 1663/1420/1554 1664/1421/1555 1281/1419/1553 1231/1418/1552
f 1264/1422/1556 1232/1358/1496 1202/1361/1499 1244/1423/1557
f 1267/1424/1558 1233/1362/1500 1232/1358/1496 1264/1422/1556
f 1669/1425/1559 1670/1364/1502 1233/1362/1500 1267/1424/1558
f 1228/1426/1560 1275/1427/1561 1276/1428/1562 1230/1429/1563
f 1230/1429/1563 1276/1428/1562 1277/1405/1539 1208/1404/1538
f 1268/1401/1536 1238/1375/1513 1239/1378/1516 1273/1402/1537
f 1273/1402/1537 1239/1378/1516 1212/1342/1480 1250/1393/1530
f 1274/1430/1564 1275/1427/1561 1228/1426/1560 1200/1431/1565
f 1205/1385/1523 1238/1375/1513 1268/1401/1536 1249/1432/1566
f 1256/1433/1567 1257/1434/1568 1260/1435/1569 1259/1436/1570
f 1257/1437/1568 1258/1412/1546 1261/1413/1547 1260/1438/1569
f 1667/1439/1571 1668/1440/1572 1266/1441/1573 1265/1442/1574
f 1668/1443/1572 1669/1425/1559 1267/1424/1558 1266/1444/1573
f 1244/1423/1557 1245/1445/1575 1263/1446/1576 1264/1422/1556
f 1245/1447/1575 1246/1448/1577 1262/1449/1578 1263/1450/1576
f 1264/1422/1556 1263/1446/1576 1266/1444/1573 1267/1424/1558
f 1263/1450/1576 1262/1449/1578 1265/1442/1574 1266/1441/1573
f 1247/1451/1579 1248/1452/1580 1269/1397/1533 1270/1396/1532
f 1248/1453/1580 1249/1432/1566 1268/1401/1536 1269/1400/1533
f 1250/1393/1530 1251/1392/1527 1272/1403/1534 1273/1402/1537
f 1251/1389/1527 1252/1388/1526 1271/1399/1535 1272/1398/1534
f 1247/1451/1579 1270/1396/1532 1602/1454/1581 1603/1455/1582
f 1601/1456/1583 1602/1454/1581 1270/1396/1532 1271/1399/1535
f 1600/1457/1584 1601/1456/1583 1271/1399/1535 1252/1388/1526
f 1599/1458/1585 1600/1457/1584 1252/1388/1526 1253/1391/1529
f 1593/1459/1586 1594/1460/1587 1256/1433/1567 1259/1436/1570
f 1592/1461/1588 1666/1462/1589 1667/1439/1571 1265/1442/1574
f 1591/1463/1590 1592/1461/1588 1265/1442/1574 1262/1449/1578
f 1590/1464/1591 1591/1463/1590 1262/1449/1578 1246/1448/1577
f 1287/1465/1592 1286/1466/1593 1226/1467/1594 1289/1468/1595
f 1227/1469/1596 1284/1470/1597 1285/1471/1598 1288/1472/1599
f 1290/1473/1600 1226/1467/1594 1286/1466/1593 1221/1352/1490
f 1220/1351/1489 1224/1383/1521 1290/1473/1600 1221/1352/1490
f 1222/1355/1493 1284/1470/1597 1227/1469/1596 1291/1474/1601
f 1222/1355/1493 1291/1474/1601 1225/1475/1602 1223/1356/1494
f 1673/1373/1511 1674/1476/1603 1237/1371/1509 1235/1370/1508
f 1290/1473/1600 1224/1383/1521 1294/1477/1604 1295/1478/1605
f 1204/1368/1506 1236/1367/1505 1296/1479/1606 1292/1480/1607
f 1236/1367/1505 1237/1371/1509 1297/1481/1608 1296/1479/1606
f 1243/1381/1519 1242/1380/1518 1298/1482/1609 1299/1483/1610
f 1242/1380/1518 1207/1386/1524 1293/1484/1611 1298/1482/1609
f 1300/1485/1612 1227/1469/1596 1288/1472/1599 1301/1486/1613
f 1303/1487/1614 1289/1468/1595 1226/1467/1594 1302/1488/1615
f 1225/1475/1602 1291/1474/1601 1304/1489/1616 1305/1490/1617
f 1226/1467/1594 1290/1473/1600 1295/1478/1605 1302/1488/1615
f 1291/1474/1601 1227/1469/1596 1300/1485/1612 1304/1489/1616
f 1237/1371/1509 1674/1476/1603 1675/1491/1618 1297/1481/1608
f 1224/1383/1521 1243/1381/1519 1299/1483/1610 1294/1477/1604
f 1295/1478/1605 1294/1477/1604 1308/1492/1619 1309/1493/1620
f 1292/1480/1607 1296/1479/1606 1310/1494/1621 1306/1495/1622
f 1296/1479/1606 1297/1481/1608 1311/1496/1623 1310/1494/1621
f 1299/1483/1610 1298/1482/1609 1312/1497/1624 1313/1498/1625
f 1298/1482/1609 1293/1484/1611 1307/1499/1626 1312/1497/1624
f 1314/1500/1627 1300/1485/1612 1301/1486/1613 1315/1501/1628
f 1316/1502/1629 1317/1503/1630 1303/1487/1614 1302/1488/1615
f 1305/1490/1617 1304/1489/1616 1318/1504/1631 1319/1505/1632
f 1302/1488/1615 1295/1478/1605 1309/1493/1620 1316/1502/1629
f 1304/1489/1616 1300/1485/1612 1314/1500/1627 1318/1504/1631
f 1297/1481/1608 1675/1491/1618 1676/1506/1633 1311/1496/1623
f 1294/1477/1604 1299/1483/1610 1313/1498/1625 1308/1492/1619
f 1206/1387/1525 1240/1379/1517 1334/1507/1634 1335/1508/1635
f 1333/1509/1636 1334/1507/1634 1240/1379/1517 1241/1382/1520
f 1216/1350/1488 1333/1509/1636 1241/1382/1520 1220/1351/1489
f 1324/1344/1482 1323/1343/1481 1216/1350/1488 1217/1353/1491
f 1326/1348/1486 1325/1347/1485 1218/1354/1492 1219/1357/1495
f 1327/1363/1501 1671/1365/1503 1672/1372/1510 1330/1374/1512
f 1328/1359/1497 1327/1363/1501 1330/1374/1512 1331/1510/1637
f 1329/1360/1498 1328/1359/1497 1331/1510/1637 1332/1511/1638
f 1331/1510/1637 1330/1374/1512 1235/1370/1508 1234/1366/1504
f 1332/1511/1638 1331/1510/1637 1234/1366/1504 1203/1369/1507
f 1323/1343/1481 1322/1377/1515 1333/1509/1636 1216/1350/1488
f 1322/1377/1515 1321/1376/1514 1334/1507/1634 1333/1509/1636
f 1335/1508/1635 1334/1507/1634 1321/1376/1514 1320/1384/1522
f 1350/1512/1639 1351/1513/1640 1352/1514/1641 1353/1515/1642
f 1361/1516/1643 1362/1517/1644 1363/1518/1645 1364/1519/1646
f 1355/1520/1647 1354/1521/1648 1351/1513/1640 1350/1512/1639
f 1365/1522/1649 1361/1516/1643 1364/1519/1646 1366/1523/1650
f 1358/1524/1651 1356/1525/1652 1357/1526/1653 1359/1527/1654
f 1360/1528/1655 1358/1524/1651 1359/1527/1654
f 1364/1519/1646 1363/1518/1645 1367/1529/1656 1368/1530/1657
f 1366/1523/1650 1364/1519/1646 1368/1530/1657 1369/1531/1658
f 1678/1532/1659 1679/1533/1660 1358/1524/1651 1360/1528/1655
f 1679/1533/1660 1680/1534/1661 1356/1525/1652 1358/1524/1651
f 1370/1535/1662 1361/1516/1643 1365/1522/1649
f 1371/1536/1663 1362/1517/1644 1361/1516/1643 1370/1535/1662
f 1319/1505/1632 1318/1504/1631 1338/1537/1664 1337/1538/1665
f 1318/1504/1631 1314/1500/1627 1336/1539/1666 1338/1537/1664
f 1314/1500/1627 1315/1501/1628 1339/1540/1667 1336/1539/1666
f 1306/1495/1622 1310/1494/1621 1341/1541/1668 1340/1542/1669
f 1310/1494/1621 1311/1496/1623 1342/1543/1670 1341/1541/1668
f 1311/1496/1623 1676/1506/1633 1677/1544/1671 1342/1543/1670
f 1308/1492/1619 1313/1498/1625 1343/1545/1672 1344/1546/1673
f 1317/1503/1630 1316/1502/1629 1346/1547/1674 1345/1548/1675
f 1316/1502/1629 1309/1493/1620 1347/1549/1676 1346/1547/1674
f 1309/1493/1620 1308/1492/1619 1344/1546/1673 1347/1549/1676
f 1313/1498/1625 1312/1497/1624 1348/1550/1677 1343/1545/1672
f 1312/1497/1624 1307/1499/1626 1349/1551/1678 1348/1550/1677
f 1337/1538/1665 1338/1537/1664 1353/1515/1642 1352/1514/1641
f 1338/1537/1664 1336/1539/1666 1350/1512/1639 1353/1515/1642
f 1336/1539/1666 1339/1540/1667 1355/1520/1647 1350/1512/1639
f 1340/1542/1669 1341/1541/1668 1359/1527/1654 1357/1526/1653
f 1341/1541/1668 1342/1543/1670 1360/1528/1655 1359/1527/1654
f 1342/1543/1670 1677/1544/1671 1678/1532/1659 1360/1528/1655
f 1344/1546/1673 1343/1545/1672 1365/1522/1649 1366/1523/1650
f 1345/1548/1675 1346/1547/1674 1368/1530/1657 1367/1529/1656
f 1346/1547/1674 1347/1549/1676 1369/1531/1658 1368/1530/1657
f 1347/1549/1676 1344/1546/1673 1366/1523/1650 1369/1531/1658
f 1343/1545/1672 1348/1550/1677 1370/1535/1662 1365/1522/1649
f 1348/1550/1677 1349/1551/1678 1371/1536/1663 1370/1535/1662
f 1376/1552/1679 1377/1553/1680 1467/1554/1681 1466/1555/1682
f 1378/1556/1683 1379/1557/1684 1469/1558/1685 1468/1559/1686
f 1380/1560/1687 1381/1561/1688 1385/1562/1689 1384/1563/1690
f 1382/1564/1691 1383/1565/1692 1387/1566/1693 1386/1567/1694
f 1396/1568/1695 1202/1569/1499 1329/1570/1498 1471/1571/1696
f 1397/1572/1697 1396/1568/1695 1471/1571/1696 1470/1573/1698
f 1690/1574/1699 1397/1572/1697 1470/1573/1698 1689/1575/1700
f 1398/1576/1701 1203/1577/1507 1204/1578/1506 1400/1579/1702
f 1399/1580/1703 1398/1576/1701 1400/1579/1702 1401/1581/1704
f 1688/1582/1705 1472/1583/1706 1399/1580/1703 1687/1584/1707
f 1402/1585/1708 1403/1586/1709 1465/1587/1710 1464/1588/1711
f 1403/1586/1709 1376/1552/1679 1466/1555/1682 1465/1587/1710
f 1404/1589/1712 1405/1590/1713 1407/1591/1714 1406/1592/1715
f 1384/1563/1690 1388/1593/1716 1407/1591/1714 1405/1590/1713
f 1320/1594/1522 1205/1595/1523 1402/1585/1708 1464/1588/1711
f 1207/1596/1524 1206/1597/1525 1404/1589/1712 1406/1592/1715
f 1410/1598/1717 1411/1599/1718 1412/1600/1719 1409/1601/1720
f 1409/1602/1720 1412/1603/1719 1413/1604/1721 1408/1605/1722
f 1428/1606/1723 1429/1607/1724 1430/1608/1725 1427/1609/1726
f 1427/1610/1726 1430/1611/1725 1431/1612/1727 1426/1613/1728
f 1372/1614/1729 1373/1615/1730 1435/1616/1731 1434/1617/1732
f 1374/1618/1733 1375/1619/1734 1437/1620/1735 1436/1621/1736
f 1408/1605/1722 1413/1604/1721 1377/1553/1680 1376/1552/1679
f 1416/1622/1737 1419/1623/1738 1379/1557/1684 1378/1556/1683
f 1393/1624/1739 1201/1625/1551 1283/1626/1550 1439/1627/1740
f 1395/1628/1741 1393/1624/1739 1439/1627/1740 1438/1629/1742
f 1697/1630/1743 1395/1628/1741 1438/1629/1742 1696/1631/1744
f 1422/1632/1745 1244/1633/1557 1202/1569/1499 1396/1568/1695
f 1425/1634/1746 1422/1632/1745 1396/1568/1695 1397/1572/1697
f 1691/1635/1747 1425/1634/1746 1397/1572/1697 1690/1574/1699
f 1392/1636/1748 1394/1637/1749 1433/1638/1750 1432/1639/1751
f 1394/1637/1749 1372/1614/1729 1434/1617/1732 1433/1638/1750
f 1426/1613/1728 1431/1612/1727 1403/1586/1709 1402/1585/1708
f 1431/1612/1727 1408/1605/1722 1376/1552/1679 1403/1586/1709
f 1274/1640/1564 1200/1641/1565 1392/1636/1748 1432/1639/1751
f 1205/1595/1523 1249/1642/1566 1426/1613/1728 1402/1585/1708
f 1414/1643/1752 1417/1644/1753 1418/1645/1754 1415/1646/1755
f 1415/1647/1755 1418/1648/1754 1419/1623/1738 1416/1622/1737
f 1693/1649/1756 1423/1650/1757 1424/1651/1758 1692/1652/1759
f 1692/1653/1759 1424/1654/1758 1425/1634/1746 1691/1635/1747
f 1244/1633/1557 1422/1632/1745 1421/1655/1760 1245/1656/1575
f 1245/1657/1575 1421/1658/1760 1420/1659/1761 1246/1660/1577
f 1422/1632/1745 1425/1634/1746 1424/1654/1758 1421/1655/1760
f 1421/1658/1760 1424/1651/1758 1423/1650/1757 1420/1659/1761
f 1247/1661/1579 1428/1606/1723 1427/1609/1726 1248/1662/1580
f 1248/1663/1580 1427/1610/1726 1426/1613/1728 1249/1642/1566
f 1408/1605/1722 1431/1612/1727 1430/1611/1725 1409/1602/1720
f 1409/1601/1720 1430/1608/1725 1429/1607/1724 1410/1598/1717
f 1247/1661/1579 1603/1664/1582 1604/1665/1762 1428/1606/1723
f 1605/1666/1763 1429/1607/1724 1428/1606/1723 1604/1665/1762
f 1606/1667/1764 1410/1598/1717 1429/1607/1724 1605/1666/1763
f 1607/1668/1765 1411/1599/1718 1410/1598/1717 1606/1667/1764
f 1587/1669/1766 1417/1644/1753 1414/1643/1752 1586/1670/1767
f 1588/1671/1768 1423/1650/1757 1693/1649/1756 1694/1672/1769
f 1589/1673/1770 1420/1659/1761 1423/1650/1757 1588/1671/1768
f 1590/1674/1591 1246/1660/1577 1420/1659/1761 1589/1673/1770
f 1287/1675/1592 1289/1676/1595 1390/1677/1771 1441/1678/1772
f 1391/1679/1773 1288/1680/1599 1285/1681/1598 1440/1682/1774
f 1442/1683/1775 1385/1562/1689 1441/1678/1772 1390/1677/1771
f 1384/1563/1690 1385/1562/1689 1442/1683/1775 1388/1593/1716
f 1386/1567/1694 1443/1684/1776 1391/1679/1773 1440/1682/1774
f 1386/1567/1694 1387/1566/1693 1389/1685/1777 1443/1684/1776
f 1687/1584/1707 1399/1580/1703 1401/1581/1704 1686/1686/1778
f 1442/1683/1775 1445/1687/1779 1444/1688/1780 1388/1593/1716
f 1204/1578/1506 1292/1689/1607 1446/1690/1781 1400/1579/1702
f 1400/1579/1702 1446/1690/1781 1447/1691/1782 1401/1581/1704
f 1407/1591/1714 1449/1692/1783 1448/1693/1784 1406/1592/1715
f 1406/1592/1715 1448/1693/1784 1293/1694/1611 1207/1596/1524
f 1450/1695/1785 1301/1696/1613 1288/1680/1599 1391/1679/1773
f 1303/1697/1614 1451/1698/1786 1390/1677/1771 1289/1676/1595
f 1389/1685/1777 1453/1699/1787 1452/1700/1788 1443/1684/1776
f 1390/1677/1771 1451/1698/1786 1445/1687/1779 1442/1683/1775
f 1443/1684/1776 1452/1700/1788 1450/1695/1785 1391/1679/1773
f 1401/1581/1704 1447/1691/1782 1685/1701/1789 1686/1686/1778
f 1388/1593/1716 1444/1688/1780 1449/1692/1783 1407/1591/1714
f 1445/1687/1779 1455/1702/1790 1454/1703/1791 1444/1688/1780
f 1292/1689/1607 1306/1704/1622 1456/1705/1792 1446/1690/1781
f 1446/1690/1781 1456/1705/1792 1457/1706/1793 1447/1691/1782
f 1449/1692/1783 1459/1707/1794 1458/1708/1795 1448/1693/1784
f 1448/1693/1784 1458/1708/1795 1307/1709/1626 1293/1694/1611
f 1460/1710/1796 1315/1711/1628 1301/1696/1613 1450/1695/1785
f 1461/1712/1797 1451/1698/1786 1303/1697/1614 1317/1713/1630
f 1453/1699/1787 1463/1714/1798 1462/1715/1799 1452/1700/1788
f 1451/1698/1786 1461/1712/1797 1455/1702/1790 1445/1687/1779
f 1452/1700/1788 1462/1715/1799 1460/1710/1796 1450/1695/1785
f 1447/1691/1782 1457/1706/1793 1684/1716/1800 1685/1701/1789
f 1444/1688/1780 1454/1703/1791 1459/1707/1794 1449/1692/1783
f 1206/1597/1525 1335/1717/1635 1475/1718/1801 1404/1589/1712
f 1474/1719/1802 1405/1590/1713 1404/1589/1712 1475/1718/1801
f 1380/1560/1687 1384/1563/1690 1405/1590/1713 1474/1719/1802
f 1467/1554/1681 1381/1561/1688 1380/1560/1687 1466/1555/1682
f 1469/1558/1685 1383/1565/1692 1382/1564/1691 1468/1559/1686
f 1470/1573/1698 1472/1583/1706 1688/1582/1705 1689/1575/1700
f 1471/1571/1696 1473/1720/1803 1472/1583/1706 1470/1573/1698
f 1329/1570/1498 1332/1721/1638 1473/1720/1803 1471/1571/1696
f 1473/1720/1803 1398/1576/1701 1399/1580/1703 1472/1583/1706
f 1332/1721/1638 1203/1577/1507 1398/1576/1701 1473/1720/1803
f 1466/1555/1682 1380/1560/1687 1474/1719/1802 1465/1587/1710
f 1465/1587/1710 1474/1719/1802 1475/1718/1801 1464/1588/1711
f 1335/1717/1635 1320/1594/1522 1464/1588/1711 1475/1718/1801
f 1486/1722/1804 1489/1723/1805 1488/1724/1806 1487/1725/1807
f 1493/1726/1808 1494/1727/1809 1363/1728/1645 1362/1729/1644
f 1355/1730/1647 1486/1722/1804 1487/1725/1807 1354/1731/1648
f 1495/1732/1810 1496/1733/1811 1494/1727/1809 1493/1726/1808
f 1490/1734/1812 1491/1735/1813 1357/1736/1653 1356/1737/1652
f 1492/1738/1814 1491/1735/1813 1490/1734/1812
f 1494/1727/1809 1497/1739/1815 1367/1740/1656 1363/1728/1645
f 1496/1733/1811 1498/1741/1816 1497/1739/1815 1494/1727/1809
f 1682/1742/1817 1492/1738/1814 1490/1734/1812 1681/1743/1818
f 1681/1743/1818 1490/1734/1812 1356/1737/1652 1680/1744/1661
f 1499/1745/1819 1495/1732/1810 1493/1726/1808
f 1371/1746/1663 1499/1745/1819 1493/1726/1808 1362/1729/1644
f 1463/1714/1798 1477/1747/1820 1478/1748/1821 1462/1715/1799
f 1462/1715/1799 1478/1748/1821 1476/1749/1822 1460/1710/1796
f 1460/1710/1796 1476/1749/1822 1339/1750/1667 1315/1711/1628
f 1306/1704/1622 1340/1751/1669 1479/1752/1823 1456/1705/1792
f 1456/1705/1792 1479/1752/1823 1480/1753/1824 1457/1706/1793
f 1457/1706/1793 1480/1753/1824 1683/1754/1825 1684/1716/1800
f 1454/1703/1791 1482/1755/1826 1481/1756/1827 1459/1707/1794
f 1317/1713/1630 1345/1757/1675 1483/1758/1828 1461/1712/1797
f 1461/1712/1797 1483/1758/1828 1484/1759/1829 1455/1702/1790
f 1455/1702/1790 1484/1759/1829 1482/1755/1826 1454/1703/1791
f 1459/1707/1794 1481/1756/1827 1485/1760/1830 1458/1708/1795
f 1458/1708/1795 1485/1760/1830 1349/1761/1678 1307/1709/1626
f 1477/1747/1820 1488/1724/1806 1489/1723/1805 1478/1748/1821
f 1478/1748/1821 1489/1723/1805 1486/1722/1804 1476/1749/1822
f 1476/1749/1822 1486/1722/1804 1355/1730/1647 1339/1750/1667
f 1340/1751/1669 1357/1736/1653 1491/1735/1813 1479/1752/1823
f 1479/1752/1823 1491/1735/1813 1492/1738/1814 1480/1753/1824
f 1480/1753/1824 1492/1738/1814 1682/1742/1817 1683/1754/1825
f 1482/1755/1826 1496/1733/1811 1495/1732/1810 1481/1756/1827
f 1345/1757/1675 1367/1740/1656 1497/1739/1815 1483/1758/1828
f 1483/1758/1828 1497/1739/1815 1498/1741/1816 1484/1759/1829
f 1484/1759/1829 1498/1741/1816 1496/1733/1811 1482/1755/1826
f 1481/1756/1827 1495/1732/1810 1499/1745/1819 1485/1760/1830
f 1485/1760/1830 1499/1745/1819 1371/1746/1663 1349/1761/1678
f 1500/1762/1831 1501/1763/1832 1525/1764/1833 1524/1765/1834
f 1501/1763/1832 1500/1762/1831 1503/1766/1835 1502/1767/1836
f 1502/1767/1836 1503/1766/1835 1508/1768/1837 1509/1769/1838
f 1504/1770/1839 1505/1771/1840 1507/1772/1841 1506/1773/1842
f 1505/1771/1840 1504/1770/1839 1526/1774/1843 1527/1775/1844
f 1506/1773/1842 1507/1772/1841 1512/1776/1845 1513/1777/1846
f 1509/1769/1838 1508/1768/1837 1511/1778/1847 1510/1779/1848
f 1510/1779/1848 1511/1778/1847 1537/1780/1849 1536/1781/1850
f 1513/1777/1846 1512/1776/1845 1515/1782/1851 1514/1783/1852
f 1514/1783/1852 1515/1782/1851 1538/1784/1853 1539/1785/1854
f 1517/1786/1855 1516/1787/1856 1518/1788/1857 1519/1789/1858
f 1597/1790/1859 1598/1791/1860 1528/1792/1861 1529/1793/1862
f 1521/1794/1863 1520/1795/1864 1523/1796/1865 1522/1797/1866
f 1595/1798/1867 1596/1799/1868 1533/1800/1869 1532/1801/1870
f 1524/1765/1834 1525/1764/1833 1531/1802/1871 1530/1803/1872
f 1527/1775/1844 1526/1774/1843 1534/1804/1873 1535/1805/1874
f 1529/1793/1862 1528/1792/1861 1530/1806/1872 1531/1807/1871
f 1532/1801/1870 1533/1800/1869 1535/1808/1874 1534/1809/1873
f 1536/1781/1850 1537/1780/1849 1541/1810/1875 1540/1811/1876
f 1539/1785/1854 1538/1784/1853 1543/1812/1877 1542/1813/1878
f 1540/1814/1876 1541/1815/1875 1583/1816/1879 1582/1817/1880
f 1542/1818/1878 1543/1819/1877 1580/1820/1881 1581/1821/1882
f 1544/1822/1883 1545/1823/1884 1547/1824/1885 1546/1825/1886
f 1545/1823/1884 1544/1822/1883 1568/1826/1887 1569/1827/1888
f 1546/1825/1886 1547/1824/1885 1552/1828/1889 1553/1829/1890
f 1548/1830/1891 1549/1831/1892 1571/1832/1893 1570/1833/1894
f 1549/1831/1892 1548/1830/1891 1551/1834/1895 1550/1835/1896
f 1550/1835/1896 1551/1834/1895 1556/1836/1897 1557/1837/1898
f 1553/1829/1890 1552/1828/1889 1555/1838/1899 1554/1839/1900
f 1554/1839/1900 1555/1838/1899 1582/1817/1880 1583/1816/1879
f 1557/1837/1898 1556/1836/1897 1559/1840/1901 1558/1841/1902
f 1558/1841/1902 1559/1840/1901 1581/1821/1882 1580/1820/1881
f 1561/1842/1903 1560/1843/1904 1563/1844/1905 1562/1845/1906
f 1608/1846/1907 1609/1847/1908 1573/1848/1909 1572/1849/1910
f 1565/1850/1911 1564/1851/1912 1566/1852/1913 1567/1853/1914
f 1584/1854/1915 1585/1855/1916 1576/1856/1917 1577/1857/1918
f 1569/1827/1888 1568/1826/1887 1574/1858/1919 1575/1859/1920
f 1570/1833/1894 1571/1832/1893 1579/1860/1921 1578/1861/1922
f 1572/1849/1910 1573/1848/1909 1575/1862/1920 1574/1863/1919
f 1577/1857/1918 1576/1856/1917 1578/1864/1922 1579/1865/1921
f 1213/1345/1483 1324/1344/1482 1503/1766/1835 1500/1762/1831
f 1504/1770/1839 1506/1773/1842 1325/1347/1485 1214/1346/1484
f 1217/1353/1491 1221/1352/1490 1511/1778/1847 1508/1768/1837
f 1513/1777/1846 1514/1783/1852 1222/1355/1493 1218/1354/1492
f 1209/1407/1541 1278/1406/1540 1518/1788/1857 1516/1787/1856
f 1521/1794/1863 1522/1797/1866 1279/1409/1543 1210/1408/1542
f 1255/1394/1531 1213/1345/1483 1500/1762/1831 1524/1765/1834
f 1526/1774/1843 1504/1770/1839 1214/1346/1484 1258/1412/1546
f 1253/1391/1529 1254/1390/1528 1530/1806/1872 1528/1792/1861
f 1254/1395/1528 1255/1394/1531 1524/1765/1834 1530/1803/1872
f 1532/1801/1870 1534/1809/1873 1257/1434/1568 1256/1433/1567
f 1534/1804/1873 1526/1774/1843 1258/1412/1546 1257/1437/1568
f 1598/1791/1860 1599/1458/1585 1253/1391/1529 1528/1792/1861
f 1594/1460/1587 1595/1798/1867 1532/1801/1870 1256/1433/1567
f 1523/1796/1865 1520/1795/1864 1517/1786/1855 1519/1789/1858
f 1596/1799/1868 1597/1790/1859 1529/1793/1862 1533/1800/1869
f 1533/1800/1869 1529/1793/1862 1531/1807/1871 1535/1808/1874
f 1535/1805/1874 1531/1802/1871 1525/1764/1833 1527/1775/1844
f 1527/1775/1844 1525/1764/1833 1501/1763/1832 1505/1771/1840
f 1505/1771/1840 1501/1763/1832 1502/1767/1836 1507/1772/1841
f 1512/1776/1845 1509/1769/1838 1510/1779/1848 1515/1782/1851
f 1515/1782/1851 1510/1779/1848 1536/1781/1850 1538/1784/1853
f 1538/1784/1853 1536/1781/1850 1540/1811/1876 1543/1812/1877
f 1284/1470/1597 1222/1355/1493 1514/1783/1852 1539/1785/1854
f 1285/1471/1598 1284/1470/1597 1539/1785/1854 1542/1813/1878
f 1537/1780/1849 1511/1778/1847 1221/1352/1490 1286/1466/1593
f 1541/1810/1875 1537/1780/1849 1286/1466/1593 1287/1465/1592
f 1503/1766/1835 1324/1344/1482 1217/1353/1491 1508/1768/1837
f 1507/1772/1841 1502/1767/1836 1509/1769/1838 1512/1776/1845
f 1325/1347/1485 1506/1773/1842 1513/1777/1846 1218/1354/1492
f 1377/1553/1680 1544/1822/1883 1546/1825/1886 1467/1554/1681
f 1548/1830/1891 1378/1556/1683 1468/1559/1686 1551/1834/1895
f 1381/1561/1688 1553/1829/1890 1554/1839/1900 1385/1562/1689
f 1556/1836/1897 1382/1564/1691 1386/1567/1694 1559/1840/1901
f 1373/1615/1730 1561/1842/1903 1562/1845/1906 1435/1616/1731
f 1566/1852/1913 1564/1851/1912 1374/1618/1733 1436/1621/1736
f 1413/1604/1721 1568/1826/1887 1544/1822/1883 1377/1553/1680
f 1570/1833/1894 1416/1622/1737 1378/1556/1683 1548/1830/1891
f 1411/1599/1718 1572/1849/1910 1574/1863/1919 1412/1600/1719
f 1412/1603/1719 1574/1858/1919 1568/1826/1887 1413/1604/1721
f 1576/1856/1917 1414/1643/1752 1415/1646/1755 1578/1864/1922
f 1578/1861/1922 1415/1647/1755 1416/1622/1737 1570/1833/1894
f 1608/1846/1907 1572/1849/1910 1411/1599/1718 1607/1668/1765
f 1586/1670/1767 1414/1643/1752 1576/1856/1917 1585/1855/1916
f 1565/1850/1911 1567/1853/1914 1563/1844/1905 1560/1843/1904
f 1609/1847/1908 1584/1854/1915 1577/1857/1918 1573/1848/1909
f 1577/1857/1918 1579/1865/1921 1575/1862/1920 1573/1848/1909
f 1579/1860/1921 1571/1832/1893 1569/1827/1888 1575/1859/1920
f 1571/1832/1893 1549/1831/1892 1545/1823/1884 1569/1827/1888
f 1549/1831/1892 1550/1835/1896 1547/1824/1885 1545/1823/1884
f 1557/1837/1898 1558/1841/1902 1555/1838/1899 1552/1828/1889
f 1558/1841/1902 1580/1820/1881 1582/1817/1880 1555/1838/1899
f 1580/1820/1881 1543/1819/1877 1540/1814/1876 1582/1817/1880
f 1440/1682/1774 1581/1821/1882 1559/1840/1901 1386/1567/1694
f 1285/1681/1598 1542/1818/1878 1581/1821/1882 1440/1682/1774
f 1583/1816/1879 1441/1678/1772 1385/1562/1689 1554/1839/1900
f 1541/1815/1875 1287/1675/1592 1441/1678/1772 1583/1816/1879
f 1546/1825/1886 1553/1829/1890 1381/1561/1688 1467/1554/1681
f 1550/1835/1896 1557/1837/1898 1552/1828/1889 1547/1824/1885
f 1468/1559/1686 1382/1564/1691 1556/1836/1897 1551/1834/1895
f 1610/1866/1923 1611/1867/1924 1585/1855/1916 1584/1854/1915
f 1612/1868/1925 1586/1670/1767 1585/1855/1916 1611/1867/1924
f 1613/1869/1926 1587/1669/1766 1586/1670/1767 1612/1868/1925
f 1614/1870/1927 1588/1671/1768 1694/1672/1769 1695/1871/1928
f 1615/1872/1929 1589/1673/1770 1588/1671/1768 1614/1870/1927
f 1616/1873/1930 1590/1674/1591 1589/1673/1770 1615/1872/1929
f 1616/1874/1930 1617/1875/1931 1591/1463/1590 1590/1464/1591
f 1617/1875/1931 1618/1876/1932 1592/1461/1588 1591/1463/1590
f 1618/1876/1932 1665/1877/1933 1666/1462/1589 1592/1461/1588
f 1619/1878/1934 1620/1879/1935 1594/1460/1587 1593/1459/1586
f 1620/1879/1935 1621/1880/1936 1595/1798/1867 1594/1460/1587
f 1621/1880/1936 1622/1881/1937 1596/1799/1868 1595/1798/1867
f 1622/1881/1937 1623/1882/1938 1597/1790/1859 1596/1799/1868
f 1623/1882/1938 1624/1883/1939 1598/1791/1860 1597/1790/1859
f 1624/1883/1939 1625/1884/1940 1599/1458/1585 1598/1791/1860
f 1625/1884/1940 1626/1885/1941 1600/1457/1584 1599/1458/1585
f 1626/1885/1941 1627/1886/1942 1601/1456/1583 1600/1457/1584
f 1627/1886/1942 1628/1887/1943 1602/1454/1581 1601/1456/1583
f 1603/1455/1582 1602/1454/1581 1628/1887/1943 1629/1888/1944
f 1604/1665/1762 1603/1664/1582 1629/1889/1944 1630/1253/1945
f 1631/1252/1946 1605/1666/1763 1604/1665/1762 1630/1253/1945
f 1632/1251/1947 1606/1667/1764 1605/1666/1763 1631/1252/1946
f 1633/1250/1948 1607/1668/1765 1606/1667/1764 1632/1251/1947
f 1634/1249/1949 1608/1846/1907 1607/1668/1765 1633/1250/1948
f 1634/1249/1949 1635/1248/1950 1609/1847/1908 1608/1846/1907
f 1635/1248/1950 1610/1866/1923 1584/1854/1915 1609/1847/1908
f 1567/1853/1914 1566/1852/1913 1611/1867/1924 1610/1866/1923
f 1436/1621/1736 1612/1868/1925 1611/1867/1924 1566/1852/1913
f 1437/1620/1735 1613/1869/1926 1612/1868/1925 1436/1621/1736
f 1438/1629/1742 1614/1870/1927 1695/1871/1928 1696/1631/1744
f 1439/1627/1740 1615/1872/1929 1614/1870/1927 1438/1629/1742
f 1283/1626/1550 1616/1873/1930 1615/1872/1929 1439/1627/1740
f 1283/1416/1550 1282/1415/1549 1617/1875/1931 1616/1874/1930
f 1282/1415/1549 1281/1419/1553 1618/1876/1932 1617/1875/1931
f 1281/1419/1553 1664/1421/1555 1665/1877/1933 1618/1876/1932
f 1280/1410/1544 1279/1409/1543 1620/1879/1935 1619/1878/1934
f 1279/1409/1543 1522/1797/1866 1621/1880/1936 1620/1879/1935
f 1522/1797/1866 1523/1796/1865 1622/1881/1937 1621/1880/1936
f 1523/1796/1865 1519/1789/1858 1623/1882/1938 1622/1881/1937
f 1519/1789/1858 1518/1788/1857 1624/1883/1939 1623/1882/1938
f 1518/1788/1857 1278/1406/1540 1625/1884/1940 1624/1883/1939
f 1278/1406/1540 1277/1405/1539 1626/1885/1941 1625/1884/1940
f 1277/1405/1539 1276/1428/1562 1627/1886/1942 1626/1885/1941
f 1276/1428/1562 1275/1427/1561 1628/1887/1943 1627/1886/1942
f 1629/1888/1944 1628/1887/1943 1275/1427/1561 1274/1430/1564
f 1630/1253/1945 1629/1889/1944 1274/1640/1564 1432/1639/1751
f 1433/1638/1750 1631/1252/1946 1630/1253/1945 1432/1639/1751
f 1434/1617/1732 1632/1251/1947 1631/1252/1946 1433/1638/1750
f 1435/1616/1731 1633/1250/1948 1632/1251/1947 1434/1617/1732
f 1562/1845/1906 1634/1249/1949 1633/1250/1948 1435/1616/1731
f 1562/1845/1906 1563/1844/1905 1635/1248/1950 1634/1249/1949
f 1567/1853/1914 1610/1866/1923 1635/1248/1950 1563/1844/1905
f 1208/1404/1538 1209/1407/1541 1636/1247/1951 1637/1246/1952
f 1521/1794/1863 1210/1408/1542 1638/1245/1953 1639/1244/1954
f 1210/1408/1542 1211/1411/1545 1640/1243/1955 1638/1245/1953
f 1229/1414/1548 1201/1417/1551 1641/1242/1956 1642/1241/1957
f 1231/1418/1552 1229/1414/1548 1642/1241/1957 1643/1240/1958
f 1663/1420/1554 1231/1418/1552 1643/1240/1958 1662/1239/1959
f 1228/1426/1560 1230/1429/1563 1644/1238/1960 1645/1237/1961
f 1230/1429/1563 1208/1404/1538 1637/1246/1952 1644/1238/1960
f 1200/1431/1565 1228/1426/1560 1645/1237/1961 1646/1236/1962
f 1373/1615/1730 1372/1614/1729 1647/1235/1963 1648/1234/1964
f 1561/1842/1903 1373/1615/1730 1648/1234/1964 1649/1233/1965
f 1375/1619/1734 1374/1618/1733 1650/1232/1966 1651/1231/1967
f 1201/1625/1551 1393/1624/1739 1652/1230/1968 1641/1229/1956
f 1393/1624/1739 1395/1628/1741 1653/1228/1969 1652/1230/1968
f 1395/1628/1741 1697/1630/1743 1698/1227/1970 1653/1228/1969
f 1394/1637/1749 1392/1636/1748 1654/1226/1971 1655/1225/1972
f 1372/1614/1729 1394/1637/1749 1655/1225/1972 1647/1235/1963
f 1392/1636/1748 1200/1641/1565 1646/1224/1962 1654/1226/1971
f 1209/1407/1541 1516/1787/1856 1656/1223/1973 1636/1247/1951
f 1517/1786/1855 1520/1795/1864 1657/1222/1974 1658/1221/1975
f 1565/1850/1911 1560/1843/1904 1659/1220/1976 1660/1219/1977
f 1374/1618/1733 1564/1851/1912 1661/1218/1978 1650/1232/1966
f 1516/1787/1856 1517/1786/1855 1658/1221/1975 1656/1223/1973
f 1520/1795/1864 1521/1794/1863 1639/1244/1954 1657/1222/1974
f 1560/1843/1904 1561/1842/1903 1649/1233/1965 1659/1220/1976
f 1564/1851/1912 1565/1850/1911 1660/1219/1977 1661/1218/1978
f 1211/1411/1545 1663/1420/1554 1662/1239/1959 1640/1243/1955
f 1211/1411/1545 1280/1410/1544 1664/1421/1555 1663/1420/1554
f 1665/1877/1933 1664/1421/1555 1280/1410/1544 1619/1878/1934
f 1666/1462/1589 1665/1877/1933 1619/1878/1934 1593/1459/1586
f 1667/1439/1571 1666/1462/1589 1593/1459/1586 1259/1436/1570
f 1259/1436/1570 1260/1435/1569 1668/1440/1572 1667/1439/1571
f 1260/1438/1569 1261/1413/1547 1669/1425/1559 1668/1443/1572
f 1261/1413/1547 1215/1349/1487 1670/1364/1502 1669/1425/1559
f 1215/1349/1487 1326/1348/1486 1671/1365/1503 1670/1364/1502
f 1672/1372/1510 1671/1365/1503 1326/1348/1486 1219/1357/1495
f 1219/1357/1495 1223/1356/1494 1673/1373/1511 1672/1372/1510
f 1223/1356/1494 1225/1475/1602 1674/1476/1603 1673/1373/1511
f 1675/1491/1618 1674/1476/1603 1225/1475/1602 1305/1490/1617
f 1676/1506/1633 1675/1491/1618 1305/1490/1617 1319/1505/1632
f 1677/1544/1671 1676/1506/1633 1319/1505/1632 1337/1538/1665
f 1678/1532/1659 1677/1544/1671 1337/1538/1665 1352/1514/1641
f 1352/1514/1641 1351/1513/1640 1679/1533/1660 1678/1532/1659
f 1351/1513/1640 1354/1521/1648 1680/1534/1661 1679/1533/1660
f 1487/1725/1807 1681/1743/1818 1680/1744/1661 1354/1731/1648
f 1488/1724/1806 1682/1742/1817 1681/1743/1818 1487/1725/1807
f 1683/1754/1825 1682/1742/1817 1488/1724/1806 1477/1747/1820
f 1684/1716/1800 1683/1754/1825 1477/1747/1820 1463/1714/1798
f 1685/1701/1789 1684/1716/1800 1463/1714/1798 1453/1699/1787
f 1686/1686/1778 1685/1701/1789 1453/1699/1787 1389/1685/1777
f 1387/1566/1693 1687/1584/1707 1686/1686/1778 1389/1685/1777
f 1383/1565/1692 1688/1582/1705 1687/1584/1707 1387/1566/1693
f 1689/1575/1700 1688/1582/1705 1383/1565/1692 1469/1558/1685
f 1379/1557/1684 1690/1574/1699 1689/1575/1700 1469/1558/1685
f 1419/1623/1738 1691/1635/1747 1690/1574/1699 1379/1557/1684
f 1418/1648/1754 1692/1653/1759 1691/1635/1747 1419/1623/1738
f 1417/1644/1753 1693/1649/1756 1692/1652/1759 1418/1645/1754
f 1694/1672/1769 1693/1649/1756 1417/1644/1753 1587/1669/1766
f 1695/1871/1928 1694/1672/1769 1587/1669/1766 1613/1869/1926
f 1696/1631/1744 1695/1871/1928 1613/1869/1926 1437/1620/1735
f 1375/1619/1734 1697/1630/1743 1696/1631/1744 1437/1620/1735
f 1698/1227/1970 1697/1630/1743 1375/1619/1734 1651/1231/1967
g default
v 15.780652 2.390331 2.488415
v 18.225046 2.204497 0.604185
v 21.329159 2.868469 -1.874452
v 15.926417 4.725215 2.778396
v 18.602896 4.593307 0.614370
v 21.379833 4.940636 -1.880191
v 15.977899 7.005859 2.907124
v 18.654894 7.007693 0.602106
v 21.404911 7.007693 -1.885697
v 15.931030 9.290298 2.844912
v 18.602919 9.422036 0.586936
v 21.340403 9.072413 -1.896209
v 15.771438 11.532557 2.560932
v 18.225046 11.810211 0.591714
v 21.298424 11.143365 -1.893937
v 38.808395 0.738596 -1.768188
v 38.808395 3.873778 -1.768189
v 38.808395 7.007693 -1.768189
v 38.808395 10.140761 -1.768189
v 38.808395 13.276791 -1.768189
v 29.446667 2.115414 -1.769218
v 29.473679 4.559587 -1.769351
v 29.487997 7.007693 -1.769451
v 29.556368 9.448347 -1.766240
v 29.446674 11.899960 -1.769411
v 11.912484 3.210384 0.842605
v 11.917112 10.808117 0.832384
v 34.099487 1.546005 -1.768623
v 34.110104 4.274587 -1.768643
v 34.115131 7.007693 -1.768662
v 34.153854 9.737287 -1.766924
v 34.099491 12.469374 -1.768705
v 18.137764 3.093556 -2.072657
v 18.187809 5.068511 -2.083116
v 18.204920 7.007693 -2.093145
v 18.160690 8.945239 -2.100397
v 18.080803 10.915928 -2.108632
v 13.376342 3.220504 -0.718697
v 13.225267 10.798187 -0.806344
v 14.937031 10.917570 -1.716625
v 14.919464 8.914665 -1.761169
v 14.959431 7.007685 -1.860711
v 14.956797 5.100157 -1.851208
v 15.019426 3.098173 -1.813284
v 12.318089 10.767580 0.253608
v 12.494987 3.174455 0.023554
v 27.348833 2.391616 -1.772564
v 23.100840 2.743356 -1.808723
v 23.149261 4.874605 -1.812064
v 27.378933 4.701071 -1.772790
v 23.175785 7.007693 -1.815241
v 27.395760 7.007693 -1.772951
v 23.133518 9.143210 -1.819610
v 27.332588 9.318581 -1.775355
v 23.084379 11.269946 -1.819719
v 27.348827 11.622478 -1.772822
v 25.194077 2.551496 -1.782135
v 25.236094 4.778469 -1.783744
v 25.259115 7.007693 -1.785233
v 25.246658 9.230742 -1.790431
v 25.185795 11.462741 -1.786917
v 31.808777 1.880915 -1.765257
v 31.822472 4.441915 -1.765094
v 31.829468 7.007693 -1.764938
v 31.748997 9.578835 -1.768387
v 31.808769 12.134506 -1.764709
v 38.808395 5.440820 -1.768189
v 34.113159 5.640992 -1.768653
v 31.826588 5.724395 -1.765016
v 29.481039 5.783452 -1.769400
v 27.387268 5.854529 -1.772869
v 25.247622 5.893123 -1.784486
v 23.162487 5.941183 -1.813650
v 21.392391 5.974216 -1.882943
v 18.196365 6.038102 -2.088131
v 14.957230 6.053379 -1.855178
v 18.629034 5.800519 0.619031
v 15.952338 5.866960 2.841383
v 36.437992 1.167871 -1.768188
v 36.439060 4.087435 -1.768189
v 36.439236 5.547544 -1.768189
v 36.439415 7.007693 -1.768189
v 36.439060 9.926695 -1.768189
v 36.437992 12.847515 -1.768189
v 19.569561 2.999835 -1.975244
v 19.620951 5.010747 -1.983806
v 19.632372 6.009226 -1.987889
v 19.643787 7.007693 -1.991972
v 19.600414 9.003762 -1.997263
v 19.524763 11.010480 -2.004873
v 16.573847 10.836468 -2.029803
v 16.680563 8.887287 -2.091058
v 16.754648 7.007693 -2.133102
v 16.749744 6.066980 -2.127819
v 16.744839 5.126267 -2.122534
v 16.706713 3.172789 -2.111507
v 14.503310 2.585092 2.370873
v 13.110141 2.911187 1.866072
v 13.002596 5.124386 1.982786
v 14.518490 4.895595 2.615808
v 14.533762 5.948585 2.687970
v 13.011467 6.067513 2.038858
v 14.554976 7.004752 2.738217
v 13.025596 7.007562 2.049853
v 13.003284 8.890792 1.954817
v 14.523673 9.121288 2.658911
v 13.104548 10.910223 1.872348
v 14.497060 11.259352 2.433422
v 38.808395 2.306071 -1.768189
v 36.438526 2.627595 -1.768189
v 34.104874 2.909734 -1.768633
v 31.815754 3.160848 -1.765176
v 29.460253 3.337134 -1.769284
v 27.363884 3.546769 -1.772677
v 25.215084 3.664897 -1.782939
v 23.125050 3.808980 -1.810394
v 21.354496 3.904552 -1.877322
v 19.595257 4.005291 -1.979525
v 18.162786 4.081033 -2.077887
v 16.725777 4.149528 -2.117019
v 14.962288 4.093808 -1.835266
v 18.413973 3.397424 0.611029
v 15.833093 3.644864 2.695487
v 14.484995 3.888385 2.543982
v 13.026731 4.189151 1.919854
v 38.808395 8.574357 -1.768189
v 36.439236 8.467511 -1.768189
v 34.134579 8.372324 -1.767793
v 31.789398 8.294117 -1.766662
v 29.522268 8.228113 -1.767846
v 27.364174 8.163406 -1.774153
v 25.252888 8.119417 -1.787832
v 23.154652 8.075452 -1.817426
v 21.372658 8.040053 -1.890953
v 19.622101 8.005728 -1.994618
v 18.182804 7.976467 -2.096771
v 16.731577 7.947490 -2.134094
v 14.947457 7.961651 -1.860115
v 18.628904 8.214878 0.597853
v 15.950098 8.143173 2.900948
v 14.532840 8.059191 2.721177
v 13.011423 7.947750 2.021641
v 38.808395 11.708356 -1.768189
v 36.438526 11.386966 -1.768189
v 34.126743 11.104271 -1.767815
v 31.779026 10.856580 -1.766548
v 29.501213 10.674824 -1.767826
v 27.340708 10.470338 -1.774089
v 25.216227 10.346689 -1.788674
v 23.108948 10.206578 -1.819665
v 21.319412 10.107889 -1.895073
v 19.562588 10.007120 -2.001068
v 18.120747 9.930583 -2.104514
v 16.636557 9.861876 -2.064631
v 14.874834 9.920261 -1.795163
v 18.487720 10.654734 0.605007
v 15.861804 10.413872 2.738768
v 14.496013 10.148346 2.565653
v 13.024787 9.826043 1.901491
v 15.656462 2.384069 2.134479
v 15.756355 3.650404 2.107776
v 15.837006 4.741643 2.115469
v 15.853268 5.860329 2.113630
v 15.877359 7.007762 2.107407
v 15.853270 8.155287 2.113386
v 15.836969 9.290239 2.115723
v 15.815109 10.402521 2.104372
v 31.815777 3.160850 -2.263719
v 29.460693 3.337125 -2.267827
v 29.447102 2.115405 -2.267761
v 31.808800 1.880917 -2.263801
v 31.826618 5.724398 -2.263559
v 29.481503 5.783446 -2.267943
v 29.474133 4.559574 -2.267894
v 31.822498 4.441918 -2.263638
v 31.789402 8.294082 -2.265206
v 29.522709 8.228150 -2.266389
v 29.488462 7.007696 -2.267994
v 31.829494 7.007677 -2.263481
v 31.779022 10.856624 -2.265091
v 29.501656 10.674827 -2.266369
v 29.556787 9.448347 -2.264783
v 31.748974 9.578839 -2.266931
v 11.913111 4.238181 0.844567
v 11.914285 6.164928 0.881204
v 11.913734 5.262923 0.866340
v 11.915335 7.888564 0.874763
v 11.914812 7.030927 0.880270
v 11.916475 9.761707 0.836209
v 11.915852 8.738194 0.857371
v 36.438507 11.386933 -2.266733
v 34.126644 11.104275 -2.266358
v 34.153812 9.737288 -2.265467
v 36.439011 9.926695 -2.266732
v 12.803453 7.926447 0.311939
v 12.803747 7.008107 0.308143
v 12.803432 6.089794 0.311907
v 12.802425 5.172900 0.312230
v 17.692541 2.250350 0.587149
v 17.866140 3.434815 0.534134
v 18.037045 4.614368 0.511253
v 18.060398 5.805090 0.507117
v 18.084072 7.007606 0.503306
v 18.060282 8.210316 0.507062
v 18.037066 9.400997 0.510422
v 17.992481 10.580555 0.513649
v 19.636885 5.009855 -2.481842
v 19.648493 6.008423 -2.485913
v 18.208475 6.037168 -2.514486
v 18.199810 5.067505 -2.509475
v 19.638350 8.005392 -2.492637
v 18.195108 7.976060 -2.523121
v 18.217133 7.007023 -2.519497
v 19.660028 7.007123 -2.489990
v 19.579065 10.007056 -2.499072
v 18.133160 9.930218 -2.530861
v 18.173067 8.944854 -2.526746
v 19.616692 9.003560 -2.495281
v 36.438553 2.627594 -2.266732
v 34.104691 2.909737 -2.267176
v 34.099304 1.546008 -2.267166
v 36.438019 1.167871 -2.266732
v 36.439087 4.087434 -2.266732
v 36.439262 5.547544 -2.266732
v 34.112965 5.640994 -2.267196
v 34.109913 4.274582 -2.267186
v 36.439213 8.467544 -2.266732
v 34.134487 8.372323 -2.266336
v 34.114960 7.007694 -2.267205
v 36.439430 7.007709 -2.266732
v 19.610992 4.004312 -2.477573
v 18.174679 4.079956 -2.504249
v 18.149603 3.092479 -2.499022
v 19.585196 2.998857 -2.473299
v 12.802771 9.868900 0.310191
v 12.802465 8.844213 0.311910
v 12.802750 4.149033 0.310160
v 12.803816 3.189452 0.309715
v 13.274856 3.249455 -1.135618
v 15.187927 3.251099 -2.253475
v 15.204060 4.217100 -2.264903
v 13.266001 4.232809 -1.212396
v 15.220164 5.183070 -2.276312
v 13.261231 5.216697 -1.219884
v 15.222670 6.094873 -2.284244
v 13.258032 6.111449 -1.230083
v 15.225190 7.006840 -2.292237
v 13.251796 7.006404 -1.236558
v 15.202989 7.917793 -2.294149
v 13.235809 7.899637 -1.236031
v 15.180802 8.828564 -2.296141
v 13.216760 8.792843 -1.231772
v 15.144972 9.792350 -2.296042
v 13.196528 9.773424 -1.229609
v 14.926149 10.040754 -1.248146
v 14.885498 9.006521 -1.249807
v 14.881540 8.007057 -1.254607
v 14.883039 7.007381 -1.260504
v 14.881323 6.008407 -1.254358
v 14.884995 5.009051 -1.249214
v 14.927605 3.976514 -1.249993
v 14.969713 2.950274 -1.260107
v 13.421162 9.818542 -0.467570
v 13.392138 8.838194 -0.467719
v 13.386530 7.924640 -0.472859
v 13.380541 7.007406 -0.474623
v 13.386515 6.091899 -0.472879
v 13.391876 5.179382 -0.467470
v 13.420664 4.199816 -0.466985
v 13.472828 3.236032 -0.477729
v 12.120260 4.274290 0.016429
v 12.109020 3.300521 0.075114
v 12.102305 6.131984 0.015004
v 12.111031 5.260142 0.015965
v 12.083003 7.879150 0.013731
v 12.093072 7.005922 0.015984
v 12.060987 9.736295 0.011728
v 12.072636 8.751082 0.013102
v 16.732510 4.148471 -2.495513
v 16.713428 3.171732 -2.490000
v 16.756571 6.065993 -2.506309
v 16.751612 5.125245 -2.501026
v 16.739855 7.946950 -2.515151
v 16.761520 7.006930 -2.511592
v 16.681477 9.861341 -2.522769
v 16.718176 8.886749 -2.518711
v 23.107098 2.742975 -2.307206
v 25.196251 2.551280 -2.280671
v 25.217308 3.664710 -2.281475
v 23.131382 3.808599 -2.308875
v 25.238419 4.778316 -2.282279
v 23.155745 4.874252 -2.310542
v 25.250044 5.892982 -2.283020
v 23.169117 5.940859 -2.312125
v 25.261625 7.007467 -2.283766
v 23.182560 7.007337 -2.313713
v 25.255470 8.119108 -2.286364
v 23.161579 8.075065 -2.315896
v 25.249289 9.230699 -2.288962
v 23.140554 9.143128 -2.318079
v 25.218904 10.346940 -2.287205
v 23.116032 10.206800 -2.318131
v 21.366413 3.903868 -2.375592
v 21.340973 2.867786 -2.372727
v 21.404707 5.973650 -2.381195
v 21.391954 4.940011 -2.378452
v 21.385212 8.039641 -2.389190
v 21.417379 7.007204 -2.383941
v 21.332190 10.108048 -2.393300
v 21.353031 9.072287 -2.394442
v 27.364683 3.546746 -2.271219
v 27.349609 2.391560 -2.271106
v 27.388157 5.854486 -2.271411
v 27.379778 4.701022 -2.271333
v 27.365360 8.163285 -2.272694
v 27.396746 7.007611 -2.271492
v 27.341925 10.470491 -2.272629
v 27.333904 9.318584 -2.273895
v 38.808395 2.306071 -2.266732
v 38.808395 0.738594 -2.266732
v 38.808395 5.440820 -2.266732
v 38.808395 3.873778 -2.266732
v 38.808395 7.007693 -2.266732
v 38.808395 8.574357 -2.266732
v 38.808395 11.708356 -2.266732
v 38.808395 10.140761 -2.266732
v 13.458857 2.984852 1.625183
v 14.574854 2.591854 2.052874
v 14.622744 3.909409 2.026372
v 13.414600 4.206504 1.558243
v 14.640718 4.901129 2.031440
v 13.378073 5.129352 1.551620
v 14.648561 5.945358 2.029204
v 13.378292 6.068460 1.550040
v 14.668505 7.007657 2.023199
v 13.389845 7.007574 1.546819
v 14.648674 8.070175 2.028959
v 13.378304 7.946826 1.550043
v 14.641521 9.122252 2.032083
v 13.378685 8.885839 1.552690
v 14.646402 10.145414 2.026848
v 13.415129 9.806686 1.562109
v 36.438000 12.847482 -2.266732
v 38.808395 13.276791 -2.266732
v 34.099335 12.469378 -2.267249
v 31.808781 12.134551 -2.263252
v 29.447138 11.899962 -2.267954
v 27.349943 11.622597 -2.271364
v 25.188503 11.462962 -2.285447
v 23.091480 11.270168 -2.318183
v 21.311302 11.143526 -2.392160
v 19.541388 11.010419 -2.502867
v 18.093227 10.915564 -2.534978
v 16.603083 10.835932 -2.449628
v 15.019078 10.756186 -2.129369
v 13.184027 10.752882 -1.160614
v 12.029022 10.715411 0.067033
v 12.801493 10.828228 0.314978
v 13.468424 10.791523 -0.472203
v 14.965834 11.067511 -1.255549
v 17.818871 11.765038 0.557751
v 15.726852 11.522295 2.175859
v 14.619047 11.226803 2.092829
v 13.456337 10.848532 1.620682
v 37.645435 13.058615 -1.768189
v 37.645702 11.544877 -1.768189
v 37.645969 10.032002 -1.768189
v 37.646057 8.519985 -1.768189
v 37.646145 7.007693 -1.768189
v 37.646057 5.495192 -1.768189
v 37.645969 3.982533 -1.768189
v 37.645702 2.469888 -1.768189
v 37.645435 0.956771 -1.768188
v 37.645451 0.956770 -2.266732
v 37.645718 2.469888 -2.266732
v 37.645985 3.982533 -2.266732
v 37.646069 5.495192 -2.266732
v 37.646152 7.007701 -2.266732
v 37.646046 8.520002 -2.266732
v 37.645947 10.032002 -2.266732
v 37.645695 11.544859 -2.266733
v 37.645439 13.058599 -2.266732
v 12.531204 7.007626 0.885452
v 12.531551 7.885326 0.890046
v 12.531197 8.762333 0.890337
v 12.533829 9.752861 0.887683
v 12.569834 10.698853 0.887700
v 12.226076 10.808117 0.716158
v 12.221448 3.210384 0.724947
v 12.542456 3.313088 0.953336
v 12.536552 4.264060 0.884519
v 12.532890 5.253655 0.889463
v 12.532396 6.129879 0.889506
v 13.010254 10.796722 1.286175
v 12.165909 10.781482 1.292079
v 12.114907 9.793875 1.299551
v 12.104193 8.814493 1.334001
v 12.108004 7.918157 1.361912
v 12.114661 7.019245 1.376510
v 12.107470 6.116220 1.375668
v 12.102789 5.193655 1.352231
v 12.114197 4.213903 1.316632
v 12.164772 3.228885 1.308392
v 12.994907 3.273717 1.294995
v 12.970966 4.236239 1.226466
v 12.951073 5.191504 1.227137
v 12.951004 6.099169 1.226248
v 12.956116 7.007600 1.222388
v 12.950586 7.916076 1.226519
v 12.950531 8.824087 1.228228
v 12.969870 9.779774 1.230983
v 17.058147 2.547755 -0.954667
v 17.569510 2.372724 -0.131449
v 17.738480 3.525738 -0.147720
v 17.202909 3.653933 -0.957619
v 17.345043 4.760650 -0.951145
v 17.905352 4.672337 -0.153817
v 17.929193 5.834457 -0.153889
v 17.364466 5.880532 -0.951463
v 17.952141 7.007696 -0.156769
v 17.385607 7.007691 -0.953568
v 17.929144 8.180943 -0.153922
v 17.364492 8.134878 -0.951461
v 17.344107 9.254681 -0.951927
v 17.905687 9.343184 -0.152785
v 17.867016 10.491148 -0.150514
v 17.300838 10.382074 -0.942041
v 17.698042 11.644796 -0.139297
v 17.156981 11.474125 -0.939229
v 18.049747 2.328828 -0.359271
v 17.527031 2.481263 -1.179160
v 17.668707 3.573851 -1.179879
v 18.226891 3.501706 -0.380438
v 18.400755 4.639536 -0.379078
v 17.827501 4.709064 -1.168786
v 18.424677 5.823205 -0.391545
v 17.845745 5.857864 -1.179249
v 18.449724 7.007693 -0.410157
v 17.865643 7.006753 -1.194133
v 17.844137 8.157452 -1.185623
v 18.425564 8.192287 -0.399881
v 18.401968 9.376105 -0.391287
v 17.823027 9.328617 -1.178784
v 17.731165 10.467127 -1.176808
v 18.296469 10.580292 -0.386493
v 17.526867 11.534124 -1.187216
v 18.049604 11.686131 -0.374299
v 17.406252 2.257672 1.231662
v 16.690193 2.283429 1.844086
v 16.831991 3.454028 1.794134
v 17.573792 3.390155 1.168481
v 17.754457 4.613298 1.140549
v 16.970339 4.640043 1.791699
v 16.990997 5.810389 1.789414
v 17.779680 5.804966 1.134972
v 17.804699 7.007781 1.130518
v 17.017086 7.007825 1.783663
v 16.990879 8.205183 1.789300
v 17.779509 8.210468 1.134942
v 17.753706 9.412516 1.141071
v 16.969887 9.394445 1.791816
v 16.929358 10.563417 1.783055
v 17.709225 10.577221 1.142543
v 16.785170 11.720041 1.864767
v 17.527008 11.757605 1.232427
v 16.995153 2.271739 2.181742
v 17.815611 2.227197 1.515576
v 17.985559 3.423083 1.629238
v 17.115635 3.469402 2.364925
v 17.266062 4.614210 2.449037
v 18.165781 4.596372 1.710698
v 18.191902 5.809948 1.725110
v 17.294905 5.817140 2.490310
v 17.322756 7.007757 2.556321
v 18.212303 7.007703 1.774351
v 18.184149 8.210343 1.780525
v 17.292849 8.199445 2.559908
v 17.268415 9.400825 2.512248
v 18.159231 9.418929 1.736939
v 18.053669 10.643405 1.662935
v 17.165556 10.602957 2.414054
v 17.807827 11.787578 1.546856
v 16.983749 11.729191 2.241041
v 15.948574 10.173326 -1.363306
v 16.675741 10.279757 -1.267834
v 15.966833 9.107613 -1.377195
v 16.708244 9.181425 -1.282637
v 15.969786 8.064373 -1.381369
v 16.720163 8.100285 -1.285419
v 15.980179 7.007547 -1.386361
v 16.736164 7.007638 -1.289497
v 15.969709 5.950953 -1.381227
v 16.720106 5.915069 -1.285356
v 15.965687 4.895370 -1.377357
v 16.708023 4.826280 -1.282491
v 15.952343 3.840890 -1.366536
v 16.628590 3.747471 -1.271264
v 15.920603 2.770259 -1.356929
v 16.538588 2.658218 -1.256227
v 15.916153 11.245838 -1.353718
v 16.586079 11.361080 -1.252992
v 15.954994 9.108955 -1.821000
v 16.958582 9.225290 -1.656533
v 15.935389 10.185120 -1.803740
v 16.902374 10.325617 -1.643071
v 15.963947 7.007925 -1.833238
v 16.984531 7.007205 -1.672499
v 15.955226 8.068623 -1.826741
v 16.969429 8.115614 -1.664098
v 15.948234 4.898189 -1.832682
v 16.958649 4.799699 -1.660626
v 15.956015 5.946098 -1.826018
v 16.971176 5.899241 -1.660979
v 15.989868 2.763177 -1.769419
v 16.824352 2.621933 -1.611510
v 15.924617 3.808663 -1.820340
v 16.864424 3.681713 -1.653095
v 16.011852 11.081195 -1.765417
v 16.833891 11.285909 -1.610603
v 13.176170 3.411921 2.132680
v 12.643803 3.411921 1.531762
v 11.893155 3.411921 1.247078
v 11.096194 3.411921 1.343847
v 10.435483 3.411921 1.799900
v 10.062397 3.411921 2.510760
v 10.062397 3.411921 3.313579
v 10.435483 3.411921 4.024440
v 11.096194 3.411921 4.480492
v 11.893155 3.411921 4.577261
v 12.643803 3.411921 4.292580
v 13.176170 3.411921 3.691661
v 13.368299 3.411921 2.912170
v 13.176170 10.804349 2.132680
v 12.643803 10.804349 1.531759
v 11.893155 10.804349 1.247075
v 11.096194 10.804350 1.343850
v 10.435484 10.804350 1.799904
v 10.062393 10.804349 2.510757
v 10.062401 10.804349 3.313576
v 10.435479 10.804349 4.024440
v 11.096198 10.804353 4.480495
v 11.893159 10.804353 4.577265
v 12.643799 10.804349 4.292579
v 13.176174 10.804349 3.691661
v 13.368296 10.804349 2.912170
v 13.464093 7.785503 2.072295
v 13.464093 6.430767 2.072295
v 12.890488 7.785503 1.424824
v 12.890488 6.430767 1.424824
v 13.436956 8.923781 2.066939
v 13.350048 9.878635 2.082344
v 12.859693 8.923772 1.415338
v 12.783310 9.878618 1.442616
v 13.671103 7.785503 2.912170
v 13.671103 6.430767 2.912170
v 13.645286 8.923787 2.912170
v 13.554580 9.878641 2.912170
v 13.464093 7.785503 3.752045
v 13.464093 6.430767 3.752045
v 13.436956 8.923786 3.757402
v 13.350048 9.878632 3.741996
v 12.890488 7.785503 4.399516
v 12.890488 6.430767 4.399516
v 12.859693 8.923778 4.409003
v 12.783308 9.878608 4.381724
v 12.081689 7.785502 4.706257
v 12.081689 6.430766 4.706257
v 12.045736 8.923769 4.717704
v 11.984186 9.878592 4.684798
v 11.222982 7.785503 4.601995
v 11.222982 6.430767 4.601995
v 11.181553 8.923760 4.612776
v 11.135757 9.878565 4.581785
v 10.511085 7.785503 4.110612
v 10.511085 6.430767 4.110612
v 10.465109 8.923755 4.118259
v 10.432369 9.878549 4.096285
v 10.109091 7.785503 3.344678
v 10.109091 6.430767 3.344678
v 10.060552 8.923752 3.347438
v 10.035180 9.878543 3.339510
v 10.109091 7.785503 2.479662
v 10.109091 6.430767 2.479661
v 10.060552 8.923750 2.476901
v 10.035180 9.878544 2.484833
v 10.511084 7.785503 1.713727
v 10.511084 6.430767 1.713727
v 10.465109 8.923749 1.706082
v 10.432366 9.878554 1.728057
v 11.222981 7.785503 1.222344
v 11.222981 6.430767 1.222344
v 11.181548 8.923754 1.211562
v 11.135752 9.878572 1.242555
v 12.081689 7.785502 1.118083
v 12.081689 6.430766 1.118083
v 12.045737 8.923760 1.106639
v 11.984186 9.878596 1.139540
v 13.350048 4.337635 2.082344
v 13.436956 5.292489 2.066939
v 12.783306 4.337652 1.442616
v 12.859693 5.292499 1.415337
v 11.984186 4.337673 1.139542
v 12.045737 5.292509 1.106637
v 11.135752 4.337697 1.242554
v 11.181552 5.292517 1.211563
v 10.432366 4.337715 1.728058
v 10.465111 5.292521 1.706079
v 10.035180 4.337726 2.484832
v 10.060552 5.292520 2.476900
v 10.035180 4.337727 3.339507
v 10.060552 5.292518 3.347439
v 10.432366 4.337720 4.096281
v 10.465110 5.292515 4.118259
v 11.135753 4.337705 4.581785
v 11.181553 5.292509 4.612777
v 11.984186 4.337681 4.684798
v 12.045736 5.292500 4.717702
v 12.783307 4.337658 4.381724
v 12.859693 5.292492 4.409003
v 13.350048 4.337639 3.741997
v 13.436956 5.292485 3.757402
v 13.554580 4.337629 2.912170
v 13.645286 5.292482 2.912170
v 12.804872 3.075390 2.327552
v 12.405596 3.075390 1.876864
v 11.842610 3.075390 1.663351
v 11.244890 3.075390 1.735928
v 10.749356 3.075390 2.077968
v 10.469542 3.075390 2.611113
v 10.469542 3.075390 3.213227
v 10.749356 3.075390 3.746373
v 11.244890 3.075390 4.088411
v 11.842610 3.075390 4.160988
v 12.405596 3.075390 3.947478
v 12.804872 3.075390 3.496788
v 12.948969 3.075390 2.912170
v 12.405596 11.145376 1.876861
v 12.804872 11.145380 2.327549
v 11.842609 11.145380 1.663342
v 11.244890 11.145380 1.735925
v 10.749356 11.145380 2.077965
v 10.469538 11.145380 2.611106
v 10.469542 11.145376 3.213227
v 10.749349 11.145384 3.746367
v 11.244894 11.145384 4.088415
v 11.842610 11.145384 4.160992
v 12.405588 11.145380 3.947474
v 12.804872 11.145380 3.496792
v 12.948973 11.145380 2.912170
v 11.690978 3.075390 2.912170
v 11.690978 11.145384 2.912167
v -15.780652 2.390331 2.488415
v -18.225046 2.204497 0.604185
v -21.329159 2.868469 -1.874452
v -15.926417 4.725215 2.778396
v -18.602896 4.593307 0.614370
v -21.379833 4.940636 -1.880191
v -15.977899 7.005859 2.907124
v -18.654894 7.007693 0.602106
v -21.404911 7.007693 -1.885697
v -15.931030 9.290298 2.844912
v -18.602919 9.422036 0.586936
v -21.340403 9.072413 -1.896209
v -15.771438 11.532557 2.560932
v -18.225046 11.810211 0.591714
v -21.298424 11.143365 -1.893937
v -38.808395 0.738596 -1.768188
v -38.808395 3.873778 -1.768189
v -38.808395 7.007693 -1.768189
v -38.808395 10.140761 -1.768189
v -38.808395 13.276791 -1.768189
v -29.446667 2.115414 -1.769218
v -29.473679 4.559587 -1.769351
v -29.487997 7.007693 -1.769451
v -29.556368 9.448347 -1.766240
v -29.446674 11.899960 -1.769411
v -11.912484 3.210384 0.842605
v -11.917112 10.808117 0.832384
v -34.099487 1.546005 -1.768623
v -34.110104 4.274587 -1.768643
v -34.115131 7.007693 -1.768662
v -34.153854 9.737287 -1.766924
v -34.099491 12.469374 -1.768705
v -18.137764 3.093556 -2.072657
v -18.187809 5.068511 -2.083116
v -18.204920 7.007693 -2.093145
v -18.160690 8.945239 -2.100397
v -18.080803 10.915928 -2.108632
v -13.376342 3.220504 -0.718697
v -13.225267 10.798187 -0.806344
v -14.937031 10.917570 -1.716625
v -14.919464 8.914665 -1.761169
v -14.959431 7.007685 -1.860711
v -14.956797 5.100157 -1.851208
v -15.019426 3.098173 -1.813284
v -12.318089 10.767580 0.253608
v -12.494987 3.174455 0.023554
v -27.348833 2.391616 -1.772564
v -23.100840 2.743356 -1.808723
v -23.149261 4.874605 -1.812064
v -27.378933 4.701071 -1.772790
v -23.175785 7.007693 -1.815241
v -27.395760 7.007693 -1.772951
v -23.133518 9.143210 -1.819610
v -27.332588 9.318581 -1.775355
v -23.084379 11.269946 -1.819719
v -27.348827 11.622478 -1.772822
v -25.194077 2.551496 -1.782135
v -25.236094 4.778469 -1.783744
v -25.259115 7.007693 -1.785233
v -25.246658 9.230742 -1.790431
v -25.185795 11.462741 -1.786917
v -31.808777 1.880915 -1.765257
v -31.822472 4.441915 -1.765094
v -31.829468 7.007693 -1.764938
v -31.748997 9.578835 -1.768387
v -31.808769 12.134506 -1.764709
v -38.808395 5.440820 -1.768189
v -34.113159 5.640992 -1.768653
v -31.826588 5.724395 -1.765016
v -29.481039 5.783452 -1.769400
v -27.387268 5.854529 -1.772869
v -25.247622 5.893123 -1.784486
v -23.162487 5.941183 -1.813650
v -21.392391 5.974216 -1.882943
v -18.196365 6.038102 -2.088131
v -14.957230 6.053379 -1.855178
v -18.629034 5.800519 0.619031
v -15.952338 5.866960 2.841383
v -36.437992 1.167871 -1.768188
v -36.439060 4.087435 -1.768189
v -36.439236 5.547544 -1.768189
v -36.439415 7.007693 -1.768189
v -36.439060 9.926695 -1.768189
v -36.437992 12.847515 -1.768189
v -19.569561 2.999835 -1.975244
v -19.620951 5.010747 -1.983806
v -19.632372 6.009226 -1.987889
v -19.643787 7.007693 -1.991972
v -19.600414 9.003762 -1.997263
v -19.524763 11.010480 -2.004873
v -16.573847 10.836468 -2.029803
v -16.680563 8.887287 -2.091058
v -16.754648 7.007693 -2.133102
v -16.749744 6.066980 -2.127819
v -16.744839 5.126267 -2.122534
v -16.706713 3.172789 -2.111507
v -14.503310 2.585092 2.370873
v -13.110141 2.911187 1.866072
v -13.002596 5.124386 1.982786
v -14.518490 4.895595 2.615808
v -14.533762 5.948585 2.687970
v -13.011467 6.067513 2.038858
v -14.554976 7.004752 2.738217
v -13.025596 7.007562 2.049853
v -13.003284 8.890792 1.954817
v -14.523673 9.121288 2.658911
v -13.104548 10.910223 1.872348
v -14.497060 11.259352 2.433422
v -38.808395 2.306071 -1.768189
v -36.438526 2.627595 -1.768189
v -34.104874 2.909734 -1.768633
v -31.815754 3.160848 -1.765176
v -29.460253 3.337134 -1.769284
v -27.363884 3.546769 -1.772677
v -25.215084 3.664897 -1.782939
v -23.125050 3.808980 -1.810394
v -21.354496 3.904552 -1.877322
v -19.595257 4.005291 -1.979525
v -18.162786 4.081033 -2.077887
v -16.725777 4.149528 -2.117019
v -14.962288 4.093808 -1.835266
v -18.413973 3.397424 0.611029
v -15.833093 3.644864 2.695487
v -14.484995 3.888385 2.543982
v -13.026731 4.189151 1.919854
v -38.808395 8.574357 -1.768189
v -36.439236 8.467511 -1.768189
v -34.134579 8.372324 -1.767793
v -31.789398 8.294117 -1.766662
v -29.522268 8.228113 -1.767846
v -27.364174 8.163406 -1.774153
v -25.252888 8.119417 -1.787832
v -23.154652 8.075452 -1.817426
v -21.372658 8.040053 -1.890953
v -19.622101 8.005728 -1.994618
v -18.182804 7.976467 -2.096771
v -16.731577 7.947490 -2.134094
v -14.947457 7.961651 -1.860115
v -18.628904 8.214878 0.597853
v -15.950098 8.143173 2.900948
v -14.532840 8.059191 2.721177
v -13.011423 7.947750 2.021641
v -38.808395 11.708356 -1.768189
v -36.438526 11.386966 -1.768189
v -34.126743 11.104271 -1.767815
v -31.779026 10.856580 -1.766548
v -29.501213 10.674824 -1.767826
v -27.340708 10.470338 -1.774089
v -25.216227 10.346689 -1.788674
v -23.108948 10.206578 -1.819665
v -21.319412 10.107889 -1.895073
v -19.562588 10.007120 -2.001068
v -18.120747 9.930583 -2.104514
v -16.636557 9.861876 -2.064631
v -14.874834 9.920261 -1.795163
v -18.487720 10.654734 0.605007
v -15.861804 10.413872 2.738768
v -14.496013 10.148346 2.565653
v -13.024787 9.826043 1.901491
v -15.656462 2.384068 2.134480
v -15.756355 3.650403 2.107777
v -15.837006 4.741642 2.115470
v -15.853268 5.860328 2.113631
v -15.877359 7.007761 2.107408
v -15.853270 8.155285 2.113387
v -15.836969 9.290237 2.115723
v -15.815109 10.402519 2.104372
v -31.815777 3.160850 -2.263719
v -29.460693 3.337125 -2.267827
v -29.447102 2.115405 -2.267761
v -31.808800 1.880917 -2.263801
v -31.826618 5.724398 -2.263559
v -29.481503 5.783446 -2.267943
v -29.474133 4.559574 -2.267894
v -31.822498 4.441918 -2.263638
v -31.789402 8.294082 -2.265206
v -29.522709 8.228150 -2.266389
v -29.488462 7.007696 -2.267994
v -31.829494 7.007677 -2.263481
v -31.779022 10.856624 -2.265091
v -29.501656 10.674827 -2.266369
v -29.556787 9.448347 -2.264783
v -31.748974 9.578839 -2.266931
v -11.913111 4.238181 0.844567
v -11.914285 6.164928 0.881204
v -11.913734 5.262923 0.866340
v -11.915335 7.888564 0.874763
v -11.914812 7.030927 0.880270
v -11.916475 9.761707 0.836209
v -11.915852 8.738194 0.857371
v -36.438507 11.386933 -2.266733
v -34.126644 11.104275 -2.266358
v -34.153812 9.737288 -2.265467
v -36.439011 9.926695 -2.266732
v -12.803453 7.926445 0.311940
v -12.803747 7.008106 0.308144
v -12.803432 6.089793 0.311908
v -12.802425 5.172899 0.312230
v -17.692541 2.250349 0.587149
v -17.866140 3.434814 0.534134
v -18.037045 4.614367 0.511253
v -18.060398 5.805089 0.507118
v -18.084072 7.007604 0.503307
v -18.060282 8.210314 0.507062
v -18.037066 9.400995 0.510422
v -17.992481 10.580553 0.513649
v -19.636885 5.009855 -2.481842
v -19.648493 6.008423 -2.485913
v -18.208475 6.037168 -2.514486
v -18.199810 5.067505 -2.509475
v -19.638350 8.005392 -2.492637
v -18.195108 7.976060 -2.523121
v -18.217133 7.007023 -2.519497
v -19.660028 7.007123 -2.489990
v -19.579065 10.007056 -2.499072
v -18.133160 9.930218 -2.530861
v -18.173067 8.944854 -2.526746
v -19.616692 9.003560 -2.495281
v -36.438553 2.627594 -2.266732
v -34.104691 2.909737 -2.267176
v -34.099304 1.546008 -2.267166
v -36.438019 1.167871 -2.266732
v -36.439087 4.087434 -2.266732
v -36.439262 5.547544 -2.266732
v -34.112965 5.640994 -2.267196
v -34.109913 4.274582 -2.267186
v -36.439213 8.467544 -2.266732
v -34.134487 8.372323 -2.266336
v -34.114960 7.007694 -2.267205
v -36.439430 7.007709 -2.266732
v -19.610992 4.004312 -2.477573
v -18.174679 4.079956 -2.504249
v -18.149603 3.092479 -2.499022
v -19.585196 2.998857 -2.473299
v -12.802771 9.868898 0.310192
v -12.802465 8.844212 0.311910
v -12.802750 4.149031 0.310160
v -12.803816 3.189451 0.309715
v -13.274856 3.249455 -1.135618
v -15.187927 3.251099 -2.253475
v -15.204060 4.217100 -2.264903
v -13.266001 4.232809 -1.212396
v -15.220164 5.183070 -2.276312
v -13.261231 5.216697 -1.219884
v -15.222670 6.094873 -2.284244
v -13.258032 6.111449 -1.230083
v -15.225190 7.006840 -2.292237
v -13.251796 7.006404 -1.236558
v -15.202989 7.917793 -2.294149
v -13.235809 7.899637 -1.236031
v -15.180802 8.828564 -2.296141
v -13.216760 8.792843 -1.231772
v -15.144972 9.792350 -2.296042
v -13.196528 9.773424 -1.229609
v -14.926149 10.040752 -1.248146
v -14.885498 9.006519 -1.249806
v -14.881540 8.007055 -1.254606
v -14.883039 7.007380 -1.260504
v -14.881323 6.008405 -1.254357
v -14.884995 5.009049 -1.249214
v -14.927605 3.976512 -1.249992
v -14.969713 2.950273 -1.260106
v -13.421162 9.818541 -0.467569
v -13.392138 8.838192 -0.467719
v -13.386530 7.924638 -0.472859
v -13.380541 7.007404 -0.474623
v -13.386515 6.091898 -0.472879
v -13.391876 5.179380 -0.467469
v -13.420664 4.199815 -0.466984
v -13.472828 3.236030 -0.477729
v -12.120260 4.274290 0.016429
v -12.109020 3.300521 0.075114
v -12.102305 6.131984 0.015004
v -12.111031 5.260142 0.015965
v -12.083003 7.879150 0.013731
v -12.093072 7.005922 0.015984
v -12.060987 9.736295 0.011728
v -12.072636 8.751082 0.013102
v -16.732510 4.148471 -2.495513
v -16.713428 3.171732 -2.490000
v -16.756571 6.065993 -2.506309
v -16.751612 5.125245 -2.501026
v -16.739855 7.946950 -2.515151
v -16.761520 7.006930 -2.511592
v -16.681477 9.861341 -2.522769
v -16.718176 8.886749 -2.518711
v -23.107098 2.742975 -2.307206
v -25.196251 2.551280 -2.280671
v -25.217308 3.664710 -2.281475
v -23.131382 3.808599 -2.308875
v -25.238419 4.778316 -2.282279
v -23.155745 4.874252 -2.310542
v -25.250044 5.892982 -2.283020
v -23.169117 5.940859 -2.312125
v -25.261625 7.007467 -2.283766
v -23.182560 7.007337 -2.313713
v -25.255470 8.119108 -2.286364
v -23.161579 8.075065 -2.315896
v -25.249289 9.230699 -2.288962
v -23.140554 9.143128 -2.318079
v -25.218904 10.346940 -2.287205
v -23.116032 10.206800 -2.318131
v -21.366413 3.903868 -2.375592
v -21.340973 2.867786 -2.372727
v -21.404707 5.973650 -2.381195
v -21.391954 4.940011 -2.378452
v -21.385212 8.039641 -2.389190
v -21.417379 7.007204 -2.383941
v -21.332190 10.108048 -2.393300
v -21.353031 9.072287 -2.394442
v -27.364683 3.546746 -2.271219
v -27.349609 2.391560 -2.271106
v -27.388157 5.854486 -2.271411
v -27.379778 4.701022 -2.271333
v -27.365360 8.163285 -2.272694
v -27.396746 7.007611 -2.271492
v -27.341925 10.470491 -2.272629
v -27.333904 9.318584 -2.273895
v -38.808395 2.306071 -2.266732
v -38.808395 0.738594 -2.266732
v -38.808395 5.440820 -2.266732
v -38.808395 3.873778 -2.266732
v -38.808395 7.007693 -2.266732
v -38.808395 8.574357 -2.266732
v -38.808395 11.708356 -2.266732
v -38.808395 10.140761 -2.266732
v -13.458857 2.984850 1.625183
v -14.574854 2.591852 2.052875
v -14.622744 3.909407 2.026373
v -13.414600 4.206502 1.558244
v -14.640718 4.901127 2.031440
v -13.378073 5.129350 1.551621
v -14.648561 5.945356 2.029204
v -13.378292 6.068458 1.550040
v -14.668505 7.007656 2.023200
v -13.389845 7.007572 1.546820
v -14.648674 8.070173 2.028959
v -13.378304 7.946825 1.550044
v -14.641521 9.122250 2.032084
v -13.378685 8.885838 1.552690
v -14.646402 10.145412 2.026848
v -13.415129 9.806684 1.562109
v -36.438000 12.847482 -2.266732
v -38.808395 13.276791 -2.266732
v -34.099335 12.469378 -2.267249
v -31.808781 12.134551 -2.263252
v -29.447138 11.899962 -2.267954
v -27.349943 11.622597 -2.271364
v -25.188503 11.462962 -2.285447
v -23.091480 11.270168 -2.318183
v -21.311302 11.143526 -2.392160
v -19.541388 11.010419 -2.502867
v -18.093227 10.915564 -2.534978
v -16.603083 10.835932 -2.449628
v -15.019078 10.756186 -2.129369
v -13.184027 10.752882 -1.160614
v -12.029022 10.715411 0.067033
v -12.801493 10.828226 0.314979
v -13.468424 10.791521 -0.472202
v -14.965834 11.067509 -1.255549
v -17.818871 11.765036 0.557752
v -15.726852 11.522293 2.175859
v -14.619047 11.226801 2.092830
v -13.456337 10.848530 1.620682
v -37.645435 13.058615 -1.768189
v -37.645702 11.544877 -1.768189
v -37.645969 10.032002 -1.768189
v -37.646057 8.519985 -1.768189
v -37.646145 7.007693 -1.768189
v -37.646057 5.495192 -1.768189
v -37.645969 3.982533 -1.768189
v -37.645702 2.469888 -1.768189
v -37.645435 0.956771 -1.768188
v -37.645451 0.956770 -2.266732
v -37.645718 2.469888 -2.266732
v -37.645985 3.982533 -2.266732
v -37.646069 5.495192 -2.266732
v -37.646152 7.007701 -2.266732
v -37.646046 8.520002 -2.266732
v -37.645947 10.032002 -2.266732
v -37.645695 11.544859 -2.266733
v -37.645439 13.058599 -2.266732
v -12.531204 7.007624 0.885453
v -12.531551 7.885325 0.890046
v -12.531197 8.762331 0.890338
v -12.533829 9.752859 0.887683
v -12.569834 10.698851 0.887700
v -12.226076 10.808117 0.716158
v -12.221448 3.210384 0.724947
v -12.542456 3.313087 0.953336
v -12.536552 4.264059 0.884519
v -12.532890 5.253654 0.889464
v -12.532396 6.129877 0.889506
v -13.010254 10.796721 1.286176
v -12.165909 10.781482 1.292079
v -12.114907 9.793875 1.299551
v -12.104193 8.814493 1.334001
v -12.108004 7.918157 1.361912
v -12.114661 7.019245 1.376510
v -12.107470 6.116220 1.375668
v -12.102789 5.193655 1.352231
v -12.114197 4.213903 1.316632
v -12.164772 3.228885 1.308392
v -12.994907 3.273716 1.294996
v -12.970966 4.236238 1.226467
v -12.951073 5.191502 1.227137
v -12.951004 6.099167 1.226248
v -12.956116 7.007598 1.222388
v -12.950586 7.916075 1.226520
v -12.950531 8.824085 1.228228
v -12.969870 9.779772 1.230983
v -17.058147 2.547754 -0.954667
v -17.569510 2.372722 -0.131449
v -17.738480 3.525736 -0.147719
v -17.202909 3.653931 -0.957619
v -17.345043 4.760649 -0.951145
v -17.905352 4.672336 -0.153817
v -17.929193 5.834455 -0.153888
v -17.364466 5.880531 -0.951462
v -17.952141 7.007694 -0.156768
v -17.385607 7.007690 -0.953567
v -17.929144 8.180941 -0.153921
v -17.364492 8.134876 -0.951461
v -17.344107 9.254679 -0.951927
v -17.905687 9.343182 -0.152785
v -17.867016 10.491146 -0.150513
v -17.300838 10.382072 -0.942040
v -17.698042 11.644794 -0.139296
v -17.156981 11.474123 -0.939229
v -18.049747 2.328828 -0.359271
v -17.527031 2.481263 -1.179160
v -17.668707 3.573851 -1.179879
v -18.226891 3.501706 -0.380438
v -18.400755 4.639536 -0.379078
v -17.827501 4.709064 -1.168786
v -18.424677 5.823205 -0.391545
v -17.845745 5.857864 -1.179249
v -18.449724 7.007693 -0.410157
v -17.865643 7.006753 -1.194133
v -17.844137 8.157452 -1.185623
v -18.425564 8.192287 -0.399881
v -18.401968 9.376105 -0.391287
v -17.823027 9.328617 -1.178784
v -17.731165 10.467127 -1.176808
v -18.296469 10.580292 -0.386493
v -17.526867 11.534124 -1.187216
v -18.049604 11.686131 -0.374299
v -17.406252 2.257670 1.231662
v -16.690193 2.283427 1.844086
v -16.831991 3.454026 1.794134
v -17.573792 3.390154 1.168482
v -17.754457 4.613297 1.140550
v -16.970339 4.640041 1.791700
v -16.990997 5.810388 1.789414
v -17.779680 5.804965 1.134973
v -17.804699 7.007780 1.130519
v -17.017086 7.007823 1.783664
v -16.990879 8.205181 1.789301
v -17.779509 8.210466 1.134942
v -17.753706 9.412514 1.141072
v -16.969887 9.394444 1.791816
v -16.929358 10.563416 1.783055
v -17.709225 10.577219 1.142543
v -16.785170 11.720039 1.864767
v -17.527008 11.757603 1.232428
v -16.995153 2.271739 2.181742
v -17.815611 2.227197 1.515576
v -17.985559 3.423083 1.629238
v -17.115635 3.469402 2.364925
v -17.266062 4.614210 2.449037
v -18.165781 4.596372 1.710698
v -18.191902 5.809948 1.725110
v -17.294905 5.817140 2.490310
v -17.322756 7.007757 2.556321
v -18.212303 7.007703 1.774351
v -18.184149 8.210343 1.780525
v -17.292849 8.199445 2.559908
v -17.268415 9.400825 2.512248
v -18.159231 9.418929 1.736939
v -18.053669 10.643405 1.662935
v -17.165556 10.602957 2.414054
v -17.807827 11.787578 1.546856
v -16.983749 11.729191 2.241041
v -15.948574 10.173325 -1.363306
v -16.675741 10.279755 -1.267833
v -15.966833 9.107611 -1.377195
v -16.708244 9.181423 -1.282636
v -15.969786 8.064371 -1.381369
v -16.720163 8.100283 -1.285419
v -15.980179 7.007546 -1.386360
v -16.736164 7.007637 -1.289497
v -15.969709 5.950951 -1.381227
v -16.720106 5.915068 -1.285355
v -15.965687 4.895369 -1.377357
v -16.708023 4.826278 -1.282490
v -15.952343 3.840889 -1.366535
v -16.628590 3.747470 -1.271264
v -15.920603 2.770258 -1.356929
v -16.538588 2.658216 -1.256226
v -15.916153 11.245836 -1.353717
v -16.586079 11.361078 -1.252992
v -15.954994 9.108955 -1.821000
v -16.958582 9.225290 -1.656533
v -15.935389 10.185120 -1.803740
v -16.902374 10.325617 -1.643071
v -15.963947 7.007925 -1.833238
v -16.984531 7.007205 -1.672499
v -15.955226 8.068623 -1.826741
v -16.969429 8.115614 -1.664098
v -15.948234 4.898189 -1.832682
v -16.958649 4.799699 -1.660626
v -15.956015 5.946098 -1.826018
v -16.971176 5.899241 -1.660979
v -15.989868 2.763177 -1.769419
v -16.824352 2.621933 -1.611510
v -15.924617 3.808663 -1.820340
v -16.864424 3.681713 -1.653095
v -16.011852 11.081195 -1.765417
v -16.833891 11.285909 -1.610603
v -13.176170 3.411921 2.132679
v -12.643803 3.411921 1.531762
v -11.893155 3.411921 1.247078
v -11.096194 3.411921 1.343846
v -10.435483 3.411921 1.799900
v -10.062397 3.411921 2.510760
v -10.062397 3.411921 3.313579
v -10.435483 3.411921 4.024440
v -11.096194 3.411921 4.480492
v -11.893155 3.411921 4.577261
v -12.643803 3.411921 4.292580
v -13.176170 3.411921 3.691660
v -13.368299 3.411921 2.912170
v -13.176170 10.804349 2.132680
v -12.643803 10.804349 1.531760
v -11.893155 10.804349 1.247076
v -11.096194 10.804350 1.343849
v -10.435484 10.804350 1.799903
v -10.062394 10.804349 2.510758
v -10.062400 10.804349 3.313577
v -10.435480 10.804349 4.024440
v -11.096197 10.804352 4.480494
v -11.893158 10.804352 4.577264
v -12.643800 10.804349 4.292579
v -13.176173 10.804349 3.691660
v -13.368297 10.804349 2.912170
v -13.464093 7.785503 2.072295
v -13.464093 6.430767 2.072295
v -12.890488 7.785503 1.424824
v -12.890488 6.430767 1.424824
v -13.436956 8.923781 2.066939
v -13.350048 9.878635 2.082343
v -12.859693 8.923772 1.415337
v -12.783309 9.878618 1.442616
v -13.671103 7.785503 2.912170
v -13.671103 6.430767 2.912170
v -13.645286 8.923787 2.912170
v -13.554580 9.878641 2.912170
v -13.464093 7.785503 3.752045
v -13.464093 6.430767 3.752045
v -13.436956 8.923786 3.757402
v -13.350048 9.878632 3.741996
v -12.890488 7.785503 4.399516
v -12.890488 6.430767 4.399516
v -12.859693 8.923778 4.409003
v -12.783308 9.878609 4.381724
v -12.081689 7.785502 4.706257
v -12.081689 6.430766 4.706257
v -12.045736 8.923769 4.717703
v -11.984186 9.878592 4.684798
v -11.222982 7.785503 4.601995
v -11.222982 6.430767 4.601995
v -11.181553 8.923760 4.612776
v -11.135756 9.878565 4.581785
v -10.511085 7.785503 4.110612
v -10.511085 6.430767 4.110612
v -10.465109 8.923755 4.118259
v -10.432368 9.878549 4.096284
v -10.109091 7.785503 3.344678
v -10.109091 6.430767 3.344678
v -10.060552 8.923752 3.347438
v -10.035180 9.878543 3.339509
v -10.109091 7.785503 2.479661
v -10.109091 6.430767 2.479661
v -10.060552 8.923750 2.476900
v -10.035180 9.878544 2.484833
v -10.511084 7.785503 1.713727
v -10.511084 6.430767 1.713727
v -10.465109 8.923749 1.706081
v -10.432366 9.878554 1.728057
v -11.222981 7.785503 1.222344
v -11.222981 6.430767 1.222344
v -11.181549 8.923754 1.211562
v -11.135752 9.878572 1.242555
v -12.081689 7.785502 1.118082
v -12.081689 6.430766 1.118082
v -12.045737 8.923760 1.106638
v -11.984186 9.878596 1.139540
v -13.350048 4.337635 2.082343
v -13.436956 5.292489 2.066939
v -12.783306 4.337652 1.442616
v -12.859693 5.292499 1.415337
v -11.984186 4.337673 1.139542
v -12.045737 5.292509 1.106637
v -11.135752 4.337697 1.242554
v -11.181552 5.292517 1.211562
v -10.432366 4.337715 1.728058
v -10.465111 5.292521 1.706079
v -10.035180 4.337726 2.484832
v -10.060552 5.292520 2.476900
v -10.035180 4.337727 3.339507
v -10.060552 5.292518 3.347439
v -10.432366 4.337720 4.096281
v -10.465110 5.292515 4.118259
v -11.135753 4.337705 4.581785
v -11.181553 5.292509 4.612777
v -11.984186 4.337681 4.684798
v -12.045736 5.292500 4.717702
v -12.783307 4.337658 4.381724
v -12.859693 5.292492 4.409003
v -13.350048 4.337639 3.741997
v -13.436956 5.292485 3.757402
v -13.554580 4.337629 2.912170
v -13.645286 5.292482 2.912170
v -12.804872 3.075390 2.327552
v -12.405596 3.075390 1.876864
v -11.842610 3.075390 1.663351
v -11.244890 3.075390 1.735927
v -10.749356 3.075390 2.077967
v -10.469542 3.075390 2.611113
v -10.469542 3.075390 3.213227
v -10.749356 3.075390 3.746373
v -11.244890 3.075390 4.088411
v -11.842610 3.075390 4.160988
v -12.405596 3.075390 3.947477
v -12.804872 3.075390 3.496788
v -12.948969 3.075390 2.912170
v -12.405596 11.145377 1.876862
v -12.804872 11.145380 2.327549
v -11.842609 11.145380 1.663344
v -11.244890 11.145380 1.735926
v -10.749356 11.145380 2.077965
v -10.469539 11.145380 2.611107
v -10.469542 11.145377 3.213227
v -10.749351 11.145383 3.746368
v -11.244893 11.145383 4.088414
v -11.842610 11.145383 4.160991
v -12.405590 11.145380 3.947474
v -12.804872 11.145380 3.496791
v -12.948972 11.145380 2.912170
v -11.690978 3.075390 2.912170
v -11.690978 11.145383 2.912168
vt 0.146369 0.791333
vt 0.146477 0.766776
vt 0.191728 0.771354
vt 0.191329 0.794746
vt 0.146023 0.840552
vt 0.146143 0.815944
vt 0.191042 0.818247
vt 0.190860 0.841709
vt 0.146760 0.889783
vt 0.145961 0.865150
vt 0.190709 0.865137
vt 0.190053 0.888460
vt 0.147126 0.938792
vt 0.147597 0.914362
vt 0.189436 0.911753
vt 0.190544 0.935134
vt 0.057924 0.949495
vt 0.057743 0.921444
vt 0.101583 0.917586
vt 0.102241 0.943782
vt 0.779224 0.816209
vt 0.571153 0.829046
vt 0.569052 0.842996
vt 0.779340 0.867953
vt 0.748966 0.787394
vt 0.576754 0.802871
vt 0.573754 0.815561
vt 0.761676 0.799019
vt 0.378398 0.828305
vt 0.405134 0.829816
vt 0.404759 0.847734
vt 0.377986 0.846970
vt 0.378140 0.884289
vt 0.377690 0.865629
vt 0.404524 0.865648
vt 0.404988 0.883546
vt 0.379737 0.921801
vt 0.378716 0.902968
vt 0.405599 0.901447
vt 0.406726 0.919659
vt 0.057566 0.781244
vt 0.057542 0.753303
vt 0.102399 0.760405
vt 0.102340 0.786583
vt 0.057543 0.809231
vt 0.102246 0.812779
vt 0.102189 0.839004
vt 0.057527 0.837267
vt 0.057617 0.893397
vt 0.057544 0.865331
vt 0.102175 0.865232
vt 0.101857 0.891412
vt 0.379217 0.809478
vt 0.380179 0.790587
vt 0.406992 0.793305
vt 0.405969 0.811569
vt 0.763835 0.883686
vt 0.567493 0.857475
vt 0.566767 0.874364
vt 0.753959 0.896461
vt 0.728768 0.769528
vt 0.582811 0.777441
vt 0.580051 0.789514
vt 0.737748 0.777211
vt 0.500579 0.798736
vt 0.499706 0.816256
vt 0.460332 0.815396
vt 0.461041 0.798051
vt 0.499562 0.833766
vt 0.499453 0.849723
vt 0.459500 0.849238
vt 0.459740 0.832788
vt 0.499436 0.865704
vt 0.499711 0.881629
vt 0.459761 0.882091
vt 0.459375 0.865680
vt 0.500068 0.897536
vt 0.500487 0.914941
vt 0.461086 0.915635
vt 0.460260 0.898439
vt 0.582811 0.858371
vt 0.607302 0.861827
vt 0.607784 0.876504
vt 0.582760 0.873459
vt 0.585443 0.831241
vt 0.609148 0.834042
vt 0.608008 0.847795
vt 0.583895 0.844640
vt 0.589853 0.805862
vt 0.612646 0.807374
vt 0.610744 0.820530
vt 0.587533 0.818308
vt 0.595769 0.780708
vt 0.618361 0.780952
vt 0.615415 0.794078
vt 0.592749 0.792984
vt 0.914946 0.662645
vt 0.530414 0.799723
vt 0.529494 0.817022
vt 0.529600 0.834554
vt 0.529700 0.850072
vt 0.529856 0.865645
vt 0.529955 0.881205
vt 0.530100 0.896709
vt 0.530251 0.914206
vt 0.433267 0.795754
vt 0.432401 0.813521
vt 0.431702 0.831329
vt 0.431411 0.848492
vt 0.431237 0.865663
vt 0.431680 0.882801
vt 0.432254 0.899912
vt 0.433281 0.917614
vt 0.313084 0.784376
vt 0.312414 0.804720
vt 0.272557 0.801671
vt 0.273117 0.780409
vt 0.311771 0.824996
vt 0.311393 0.845250
vt 0.271689 0.844135
vt 0.272026 0.822908
vt 0.311049 0.865485
vt 0.311417 0.885751
vt 0.271449 0.886494
vt 0.271398 0.865345
vt 0.311812 0.906058
vt 0.312308 0.926344
vt 0.272054 0.928914
vt 0.271532 0.907651
vt 0.346881 0.787271
vt 0.346048 0.806950
vt 0.345311 0.826555
vt 0.344899 0.846073
vt 0.344584 0.865575
vt 0.345194 0.885066
vt 0.345898 0.904601
vt 0.346467 0.924263
vt 0.231972 0.776993
vt 0.231519 0.799101
vt 0.231108 0.821174
vt 0.230868 0.843209
vt 0.230637 0.865209
vt 0.231209 0.887243
vt 0.231784 0.909249
vt 0.231631 0.931174
vt 0.012241 0.775018
vt 0.012342 0.745123
vt 0.034496 0.749319
vt 0.034460 0.778215
vt 0.011960 0.835179
vt 0.012086 0.805036
vt 0.034386 0.807196
vt 0.034329 0.836259
vt 0.034328 0.865372
vt 0.011930 0.865398
vt 0.012005 0.895628
vt 0.034402 0.894494
vt 0.012397 0.956024
vt 0.012168 0.925834
vt 0.034543 0.923600
vt 0.923514 0.662571
vt 0.717141 0.775186
vt 0.725958 0.786650
vt 0.709806 0.791371
vt 0.704177 0.777839
vt 0.733792 0.797560
vt 0.741683 0.812050
vt 0.718912 0.818223
vt 0.714313 0.803381
vt 0.747910 0.831353
vt 0.721861 0.835861
vt 0.748719 0.855773
vt 0.722496 0.855063
vt 0.743988 0.874762
vt 0.738129 0.889402
vt 0.716879 0.888354
vt 0.720313 0.872767
vt 0.696342 0.793042
vt 0.693453 0.779910
vt 0.701393 0.820767
vt 0.698746 0.806004
vt 0.703257 0.855102
vt 0.702880 0.837514
vt 0.699327 0.888145
vt 0.034744 0.952702
vt 0.034991 0.981802
vt 0.012660 0.986199
vt 0.102943 0.969927
vt 0.058150 0.977536
vt 0.146699 0.963204
vt 0.191676 0.958457
vt 0.231472 0.953067
vt 0.272554 0.950194
vt 0.312795 0.946722
vt 0.347127 0.944043
vt 0.380930 0.940724
vt 0.408083 0.937906
vt 0.435436 0.935320
vt 0.464543 0.932902
vt 0.501515 0.932331
vt 0.701827 0.872179
vt 0.811682 0.958202
vt 0.567249 0.890379
vt 0.556486 0.888795
vt 0.583867 0.888457
vt 0.608933 0.891126
vt 0.713009 0.903699
vt 0.336664 0.592741
vt 0.292101 0.596076
vt 0.291844 0.572963
vt 0.336532 0.568527
vt 0.336868 0.641239
vt 0.292494 0.642357
vt 0.292355 0.619203
vt 0.336791 0.616977
vt 0.336165 0.689854
vt 0.293274 0.688606
vt 0.292626 0.665517
vt 0.336923 0.665517
vt 0.335968 0.738332
vt 0.292876 0.734894
vt 0.293919 0.711691
vt 0.335400 0.714159
vt 0.424119 0.748366
vt 0.380383 0.743018
vt 0.380896 0.717157
vt 0.424128 0.720740
vt 0.105950 0.627737
vt 0.106164 0.646627
vt 0.078986 0.647178
vt 0.078825 0.628835
vt 0.105971 0.684398
vt 0.078735 0.683836
vt 0.079145 0.665520
vt 0.106381 0.665516
vt 0.104843 0.722245
vt 0.077558 0.720792
vt 0.078308 0.702164
vt 0.105559 0.703279
vt 0.424118 0.582652
vt 0.379970 0.587990
vt 0.379868 0.562191
vt 0.424108 0.555037
vt 0.424129 0.610270
vt 0.424132 0.637893
vt 0.380127 0.639661
vt 0.380069 0.613811
vt 0.424132 0.693135
vt 0.380532 0.691334
vt 0.380164 0.665517
vt 0.424135 0.665517
vt 0.105465 0.608729
vt 0.078362 0.610162
vt 0.077855 0.591517
vt 0.104983 0.589725
vt 0.051280 0.611521
vt 0.050921 0.593114
vt 0.051746 0.647730
vt 0.051664 0.629933
vt 0.051455 0.683267
vt 0.051874 0.665499
vt 0.049599 0.719384
vt 0.050449 0.701032
vt 0.171794 0.584850
vt 0.211391 0.581214
vt 0.211791 0.602277
vt 0.172256 0.605005
vt 0.172715 0.625162
vt 0.212188 0.623343
vt 0.212406 0.644431
vt 0.172965 0.645339
vt 0.173218 0.665516
vt 0.212624 0.665517
vt 0.212505 0.686549
vt 0.172817 0.685716
vt 0.172417 0.705918
vt 0.212387 0.707574
vt 0.211811 0.728685
vt 0.171951 0.726030
vt 0.138760 0.606819
vt 0.138277 0.587230
vt 0.139479 0.645964
vt 0.139241 0.626410
vt 0.139102 0.685047
vt 0.139715 0.665516
vt 0.138092 0.724155
vt 0.138492 0.704578
vt 0.252441 0.600042
vt 0.252156 0.578188
vt 0.252884 0.643701
vt 0.252726 0.621880
vt 0.252447 0.687381
vt 0.253044 0.665517
vt 0.252002 0.731025
vt 0.251849 0.709236
vt 0.468953 0.576570
vt 0.446956 0.579669
vt 0.446951 0.551043
vt 0.468953 0.546916
vt 0.468953 0.635874
vt 0.446963 0.636903
vt 0.446961 0.608286
vt 0.468953 0.606228
vt 0.446965 0.665517
vt 0.468953 0.665517
vt 0.468953 0.695156
vt 0.446963 0.694127
vt 0.468953 0.754446
vt 0.446956 0.751354
vt 0.446961 0.722732
vt 0.468953 0.724790
vt 0.016138 0.720665
vt 0.016701 0.701701
vt 0.017465 0.683580
vt 0.017648 0.665549
vt 0.017561 0.647449
vt 0.017564 0.629402
vt 0.017688 0.610388
vt 0.018739 0.591682
vt 0.526203 0.577847
vt 0.923788 0.703500
vt 0.561113 0.571605
vt 0.560257 0.600995
vt 0.526203 0.607037
vt 0.526254 0.626774
vt 0.560570 0.622416
vt 0.560664 0.644098
vt 0.526888 0.646223
vt 0.560985 0.665314
vt 0.527255 0.665307
vt 0.560403 0.686228
vt 0.526847 0.684274
vt 0.526310 0.703357
vt 0.560126 0.707356
vt 0.559596 0.728067
vt 0.526541 0.722423
vt 0.915302 0.703579
vt 0.589533 0.597500
vt 0.590848 0.569574
vt 0.589415 0.643277
vt 0.589945 0.620166
vt 0.588397 0.687874
vt 0.589196 0.665775
vt 0.446951 0.779991
vt 0.468953 0.784119
vt 0.379868 0.768843
vt 0.424108 0.775997
vt 0.336531 0.762508
vt 0.291844 0.758071
vt 0.252156 0.752822
vt 0.211234 0.749798
vt 0.171481 0.746142
vt 0.137692 0.743732
vt 0.104125 0.741205
vt 0.076761 0.739398
vt 0.048363 0.737765
vt 0.017113 0.739404
vt 0.587414 0.732514
vt 0.588178 0.710224
vt 0.802601 0.958126
vt 0.915879 0.742475
vt 0.924062 0.742394
vt 0.924253 0.780390
vt 0.916400 0.780464
vt 0.872664 0.776748
vt 0.861263 0.773479
vt 0.871658 0.736107
vt 0.883677 0.739472
vt 0.862814 0.934439
vt 0.871349 0.931666
vt 0.879921 0.943129
vt 0.872761 0.946391
vt 0.857324 0.909585
vt 0.847743 0.907319
vt 0.843452 0.854270
vt 0.852773 0.862683
vt 0.864026 0.869894
vt 0.863289 0.910286
vt 0.859451 0.942638
vt 0.559719 0.751038
vt 0.860796 0.816535
vt 0.850748 0.813180
vt 0.903653 0.668795
vt 0.896882 0.666365
vt 0.908166 0.644823
vt 0.911159 0.646690
vt 0.894984 0.699661
vt 0.885047 0.696724
vt 0.915431 0.642502
vt 0.917418 0.641392
vt 0.916767 0.799141
vt 0.924245 0.799069
vt 0.924341 0.816494
vt 0.916997 0.816565
vt 0.899226 0.943237
vt 0.898336 0.936548
vt 0.913590 0.924617
vt 0.917280 0.928281
vt 0.785380 0.645625
vt 0.793770 0.645625
vt 0.793770 0.672003
vt 0.785380 0.672003
vt 0.785380 0.698384
vt 0.793770 0.698384
vt 0.793770 0.724754
vt 0.785380 0.724754
vt 0.793770 0.751121
vt 0.785380 0.751121
vt 0.793770 0.777485
vt 0.785380 0.777485
vt 0.785380 0.803844
vt 0.793770 0.803844
vt 0.793770 0.830224
vt 0.785380 0.830224
vt 0.924634 0.909904
vt 0.930886 0.911792
vt 0.793770 0.856618
vt 0.785380 0.856618
vt 0.802666 0.936615
vt 0.811743 0.936645
vt 0.811823 0.914323
vt 0.802738 0.914284
vt 0.802917 0.871094
vt 0.812007 0.871144
vt 0.803223 0.828855
vt 0.812320 0.828920
vt 0.803502 0.785523
vt 0.812601 0.785585
vt 0.803702 0.746909
vt 0.812799 0.746966
vt 0.803847 0.707349
vt 0.812945 0.707387
vt 0.803610 0.668899
vt 0.812708 0.668859
vt 0.802606 0.636318
vt 0.811699 0.636179
vt 0.800926 0.603909
vt 0.810015 0.603705
vt 0.800636 0.577427
vt 0.808416 0.577287
vt 0.802495 0.550231
vt 0.810141 0.549748
vt 0.808413 0.521363
vt 0.816529 0.520214
vt 0.826797 0.488232
vt 0.833314 0.489121
vt 0.849519 0.467345
vt 0.852906 0.472718
vt 0.864353 0.477419
vt 0.853891 0.481597
vt 0.861295 0.471039
vt 0.839421 0.493545
vt 0.825244 0.521242
vt 0.894866 0.537208
vt 0.887874 0.536369
vt 0.886333 0.515616
vt 0.892582 0.513557
vt 0.877403 0.493699
vt 0.882393 0.487540
vt 0.863565 0.465568
vt 0.586651 0.755659
vt 0.528251 0.744788
vt 0.871839 0.470171
vt 0.697128 0.903652
vt 0.732109 0.903769
vt 0.723829 0.773997
vt 0.732076 0.782299
vt 0.741551 0.793097
vt 0.751564 0.806656
vt 0.761766 0.826341
vt 0.762286 0.859386
vt 0.872261 0.952855
vt 0.490825 0.586150
vt 0.502325 0.586224
vt 0.502478 0.607785
vt 0.491491 0.608508
vt 0.503272 0.628412
vt 0.492463 0.630020
vt 0.503928 0.647372
vt 0.493074 0.648522
vt 0.504238 0.665765
vt 0.493350 0.666178
vt 0.504201 0.684004
vt 0.493554 0.683606
vt 0.504087 0.702187
vt 0.493605 0.700909
vt 0.531392 0.931565
vt 0.544462 0.798005
vt 0.544652 0.816272
vt 0.545119 0.834517
vt 0.545479 0.850546
vt 0.545588 0.865990
vt 0.545562 0.881281
vt 0.545348 0.896374
vt 0.871550 0.485507
vt 0.845273 0.572009
vt 0.882290 0.952173
vt 0.888636 0.939551
vt 0.504162 0.722169
vt 0.895581 0.841970
vt 0.753971 0.878275
vt 0.746289 0.892545
vt 0.739810 0.905714
vt 0.658398 0.781820
vt 0.657259 0.795254
vt 0.645656 0.795258
vt 0.646782 0.781817
vt 0.656774 0.808824
vt 0.645202 0.808777
vt 0.656187 0.822801
vt 0.644093 0.822559
vt 0.655620 0.837542
vt 0.643252 0.836846
vt 0.654861 0.852614
vt 0.642325 0.851354
vt 0.654052 0.867627
vt 0.641530 0.865937
vt 0.653156 0.882213
vt 0.840966 0.578445
vt 0.826139 0.568552
vt 0.830637 0.561732
vt 0.858101 0.574548
vt 0.493823 0.721832
vt 0.505246 0.742515
vt 0.494447 0.743362
vt 0.707308 0.578156
vt 0.705205 0.601400
vt 0.685032 0.599820
vt 0.686254 0.574693
vt 0.702592 0.624535
vt 0.683406 0.622878
vt 0.701911 0.647276
vt 0.682802 0.645968
vt 0.700848 0.669753
vt 0.682021 0.668842
vt 0.699679 0.692097
vt 0.680817 0.691531
vt 0.698113 0.714770
vt 0.640908 0.880465
vt 0.651824 0.896804
vt 0.639631 0.894475
vt 0.666677 0.781566
vt 0.665277 0.794829
vt 0.664665 0.808495
vt 0.664443 0.822763
vt 0.664075 0.837880
vt 0.663567 0.853441
vt 0.679349 0.714119
vt 0.697200 0.737003
vt 0.678146 0.737281
vt 0.697791 0.758796
vt 0.677641 0.759941
vt 0.664870 0.571576
vt 0.664249 0.597315
vt 0.663740 0.621511
vt 0.662867 0.644837
vt 0.900190 0.832044
vt 0.858656 0.582006
vt 0.882118 0.555901
vt 0.919941 0.838213
vt 0.915301 0.848415
vt 0.662349 0.667973
vt 0.936048 0.850937
vt 0.662683 0.868935
vt 0.661508 0.883929
vt 0.660561 0.898943
vt 0.683194 0.781433
vt 0.683754 0.793657
vt 0.673107 0.794154
vt 0.674040 0.781964
vt 0.684444 0.807441
vt 0.672559 0.808251
vt 0.685790 0.822016
vt 0.672931 0.822684
vt 0.686307 0.838109
vt 0.672834 0.838087
vt 0.686326 0.854795
vt 0.672541 0.853984
vt 0.685132 0.871317
vt 0.671623 0.869960
vt 0.683227 0.887176
vt 0.888957 0.559554
vt 0.876154 0.574536
vt 0.870459 0.569336
vt 0.825054 0.551131
vt 0.661403 0.690918
vt 0.660439 0.713750
vt 0.658653 0.737226
vt 0.657063 0.760806
vt 0.642855 0.570641
vt 0.641393 0.596631
vt 0.617626 0.595946
vt 0.619241 0.569616
vt 0.640828 0.620558
vt 0.617924 0.619578
vt 0.639887 0.644146
vt 0.616901 0.643368
vt 0.638571 0.667119
vt 0.616027 0.666467
vt 0.637479 0.689921
vt 0.615024 0.689208
vt 0.818241 0.555333
vt 0.670115 0.885063
vt 0.682129 0.902765
vt 0.669687 0.900419
vt 0.622031 0.878020
vt 0.622288 0.863562
vt 0.632262 0.864750
vt 0.631796 0.879194
vt 0.631263 0.893358
vt 0.622289 0.892496
vt 0.622874 0.849478
vt 0.632863 0.850475
vt 0.624005 0.835381
vt 0.633906 0.836164
vt 0.625214 0.821526
vt 0.634948 0.822131
vt 0.626910 0.807989
vt 0.636375 0.808420
vt 0.628867 0.794632
vt 0.927556 0.858131
vt 0.932565 0.872119
vt 0.637206 0.712806
vt 0.942512 0.870291
vt 0.815246 0.539955
vt 0.823405 0.538812
vt 0.614791 0.712165
vt 0.636667 0.736329
vt 0.614057 0.735562
vt 0.635392 0.759858
vt 0.612890 0.758839
vt 0.737813 0.714188
vt 0.735929 0.735675
vt 0.716165 0.736328
vt 0.717488 0.714551
vt 0.719219 0.692732
vt 0.739677 0.693427
vt 0.732304 0.753487
vt 0.714924 0.755687
vt 0.741082 0.672128
vt 0.720478 0.670842
vt 0.721706 0.648794
vt 0.742430 0.650643
vt 0.743448 0.629195
vt 0.722599 0.626649
vt 0.724555 0.603698
vt 0.744418 0.606610
vt 0.743276 0.584488
vt 0.725114 0.581240
vt 0.758966 0.712308
vt 0.757763 0.732653
vt 0.761447 0.673534
vt 0.243853 0.418518
vt 0.243192 0.441760
vt 0.228411 0.441335
vt 0.228044 0.418518
vt 0.259022 0.418302
vt 0.258250 0.442416
vt 0.242402 0.461002
vt 0.227908 0.460162
vt 0.214048 0.441167
vt 0.213844 0.418697
vt 0.227957 0.399372
vt 0.243036 0.398617
vt 0.258540 0.397441
vt 0.257282 0.462326
vt 0.241363 0.477072
vt 0.227128 0.475930
vt 0.213679 0.459787
vt 0.199834 0.441195
vt 0.199627 0.418817
vt 0.213410 0.399829
vt 0.241963 0.381887
vt 0.227127 0.383121
vt 0.257161 0.379911
vt 0.255893 0.478977
vt 0.240049 0.493162
vt 0.226095 0.491916
vt 0.213026 0.475418
vt 0.199549 0.459788
vt 0.199064 0.400036
vt 0.212571 0.383822
vt 0.240493 0.365081
vt 0.255001 0.362855
vt 0.253898 0.495242
vt 0.212104 0.491334
vt 0.198991 0.475401
vt 0.198177 0.384140
vt 0.211296 0.367386
vt 0.198109 0.491249
vt 0.196813 0.367903
vt 0.156486 0.419077
vt 0.156781 0.441884
vt 0.142192 0.442133
vt 0.141898 0.419210
vt 0.170979 0.418979
vt 0.171256 0.441613
vt 0.156843 0.460905
vt 0.142406 0.461264
vt 0.127539 0.442328
vt 0.127277 0.419375
vt 0.141582 0.400116
vt 0.156015 0.400037
vt 0.171185 0.460471
vt 0.170412 0.400046
vt 0.156744 0.476753
vt 0.142546 0.477165
vt 0.127906 0.461493
vt 0.112883 0.442457
vt 0.112672 0.419551
vt 0.127164 0.400302
vt 0.141206 0.384278
vt 0.155382 0.384169
vt 0.170879 0.476230
vt 0.169612 0.384180
vt 0.156427 0.492453
vt 0.142618 0.492839
vt 0.128327 0.477412
vt 0.113402 0.461601
vt 0.098257 0.442542
vt 0.098116 0.419698
vt 0.112800 0.400550
vt 0.127102 0.384531
vt 0.170276 0.491967
vt 0.168383 0.368312
vt 0.128831 0.493076
vt 0.114097 0.477508
vt 0.098896 0.461653
vt 0.098486 0.400768
vt 0.113103 0.384864
vt 0.115044 0.493179
vt 0.099875 0.477558
vt 0.099176 0.385141
vt 0.113560 0.369511
vt 0.101257 0.493262
vt 0.100174 0.369823
vt 0.069010 0.442641
vt 0.069047 0.419741
vt 0.083592 0.419772
vt 0.083644 0.442594
vt 0.069728 0.400636
vt 0.084181 0.400835
vt 0.069636 0.462010
vt 0.084356 0.461755
vt 0.071165 0.384705
vt 0.085244 0.385174
vt 0.071123 0.478367
vt 0.085608 0.477757
vt 0.073491 0.369251
vt 0.086818 0.369830
vt 0.087468 0.493543
vt 0.073688 0.494338
vt 0.185596 0.441361
vt 0.185356 0.418903
vt 0.185409 0.460057
vt 0.184757 0.400076
vt 0.184958 0.475724
vt 0.183868 0.384216
vt 0.184164 0.491511
vt 0.182506 0.368172
vt 0.154432 0.368454
vt 0.140643 0.368704
vt 0.127029 0.369085
vt 0.225884 0.366503
vt 0.099650 0.530783
vt 0.120130 0.535831
vt 0.099755 0.540823
vt 0.104408 0.521943
vt 0.104505 0.549665
vt 0.090677 0.543102
vt 0.090593 0.528551
vt 0.112724 0.516319
vt 0.097429 0.515705
vt 0.112803 0.555249
vt 0.097567 0.555933
vt 0.122665 0.515233
vt 0.109493 0.507546
vt 0.122674 0.556336
vt 0.109632 0.563973
vt 0.131912 0.518856
vt 0.123913 0.506034
vt 0.131872 0.552773
vt 0.123903 0.565460
vt 0.138400 0.526286
vt 0.137240 0.511349
vt 0.138364 0.545386
vt 0.137133 0.560283
vt 0.140716 0.535843
vt 0.146549 0.522081
vt 0.146480 0.549624
vt 0.149872 0.535864
vt 0.169946 0.529997
vt 0.190425 0.535044
vt 0.170047 0.540039
vt 0.174702 0.521152
vt 0.174796 0.548886
vt 0.161021 0.542303
vt 0.160940 0.527777
vt 0.183019 0.515526
vt 0.167763 0.514953
vt 0.183095 0.554473
vt 0.167896 0.555115
vt 0.192963 0.514435
vt 0.179804 0.506803
vt 0.192972 0.555564
vt 0.179940 0.563147
vt 0.202215 0.518059
vt 0.194200 0.505288
vt 0.202175 0.551999
vt 0.194191 0.564638
vt 0.208709 0.525493
vt 0.207512 0.510591
vt 0.208674 0.544608
vt 0.207408 0.559471
vt 0.211027 0.535057
vt 0.216814 0.521308
vt 0.216747 0.548822
vt 0.220135 0.535077
vt 0.637571 0.795017
vt 0.545102 0.933147
vt 0.631121 0.781062
vt 0.639273 0.781458
vt 0.754316 0.752650
vt 0.764421 0.613083
vt 0.545101 0.914580
vt 0.763724 0.592046
vt 0.883464 0.844214
vt 0.762782 0.653949
vt 0.882817 0.834836
vt 0.763811 0.634158
vt 0.867656 0.844961
vt 0.940704 0.890953
vt 0.932009 0.891168
vt 0.873477 0.851655
vt 0.760155 0.692925
vt 0.555930 0.872245
vt 0.747820 0.907721
vt 0.559124 0.840917
vt 0.557097 0.855138
vt 0.571672 0.788897
vt 0.567917 0.801656
vt 0.564354 0.813963
vt 0.561473 0.827273
vt 0.573911 0.777016
vt 0.146369 0.791333
vt 0.146477 0.766776
vt 0.191728 0.771354
vt 0.191329 0.794746
vt 0.146023 0.840552
vt 0.146143 0.815944
vt 0.191042 0.818247
vt 0.190860 0.841709
vt 0.146760 0.889783
vt 0.145961 0.865150
vt 0.190709 0.865137
vt 0.190053 0.888460
vt 0.147126 0.938792
vt 0.147597 0.914362
vt 0.189436 0.911753
vt 0.190544 0.935134
vt 0.057924 0.949495
vt 0.057743 0.921444
vt 0.101583 0.917586
vt 0.102241 0.943782
vt 0.561473 0.827273
vt 0.571153 0.829046
vt 0.569052 0.842996
vt 0.559124 0.840917
vt 0.567917 0.801656
vt 0.576754 0.802871
vt 0.573754 0.815561
vt 0.564354 0.813963
vt 0.378398 0.828305
vt 0.405134 0.829816
vt 0.404759 0.847734
vt 0.377986 0.846970
vt 0.378140 0.884289
vt 0.377690 0.865629
vt 0.404524 0.865648
vt 0.404988 0.883546
vt 0.379737 0.921801
vt 0.378716 0.902968
vt 0.405599 0.901447
vt 0.406726 0.919659
vt 0.057566 0.781244
vt 0.057542 0.753303
vt 0.102399 0.760405
vt 0.102340 0.786583
vt 0.057543 0.809231
vt 0.102246 0.812779
vt 0.102189 0.839004
vt 0.057527 0.837267
vt 0.057617 0.893397
vt 0.057544 0.865331
vt 0.102175 0.865232
vt 0.101857 0.891412
vt 0.379217 0.809478
vt 0.380179 0.790587
vt 0.406992 0.793305
vt 0.405969 0.811569
vt 0.557097 0.855138
vt 0.567493 0.857475
vt 0.566767 0.874364
vt 0.555930 0.872245
vt 0.573911 0.777016
vt 0.582811 0.777441
vt 0.580051 0.789514
vt 0.571672 0.788897
vt 0.500579 0.798736
vt 0.499706 0.816256
vt 0.460332 0.815396
vt 0.461041 0.798051
vt 0.499562 0.833766
vt 0.499453 0.849723
vt 0.459500 0.849238
vt 0.459740 0.832788
vt 0.499436 0.865704
vt 0.499711 0.881629
vt 0.459761 0.882091
vt 0.459375 0.865680
vt 0.500068 0.897536
vt 0.500487 0.914941
vt 0.461086 0.915635
vt 0.460260 0.898439
vt 0.582811 0.858371
vt 0.607302 0.861827
vt 0.607784 0.876504
vt 0.582760 0.873459
vt 0.585443 0.831241
vt 0.609148 0.834042
vt 0.608008 0.847795
vt 0.583895 0.844640
vt 0.589853 0.805862
vt 0.612646 0.807374
vt 0.610744 0.820530
vt 0.587533 0.818308
vt 0.595769 0.780708
vt 0.618361 0.780952
vt 0.615415 0.794078
vt 0.592749 0.792984
vt 0.530414 0.799723
vt 0.529494 0.817022
vt 0.529600 0.834554
vt 0.529700 0.850072
vt 0.529856 0.865645
vt 0.529955 0.881205
vt 0.530100 0.896709
vt 0.530251 0.914206
vt 0.433267 0.795754
vt 0.432401 0.813521
vt 0.431702 0.831329
vt 0.431411 0.848492
vt 0.431237 0.865663
vt 0.431680 0.882801
vt 0.432254 0.899912
vt 0.433281 0.917614
vt 0.313084 0.784376
vt 0.312414 0.804720
vt 0.272557 0.801671
vt 0.273117 0.780409
vt 0.311771 0.824996
vt 0.311393 0.845250
vt 0.271689 0.844135
vt 0.272026 0.822908
vt 0.311049 0.865485
vt 0.311417 0.885751
vt 0.271449 0.886494
vt 0.271398 0.865345
vt 0.311812 0.906058
vt 0.312308 0.926344
vt 0.272054 0.928914
vt 0.271532 0.907651
vt 0.346881 0.787271
vt 0.346048 0.806950
vt 0.345311 0.826555
vt 0.344899 0.846073
vt 0.344584 0.865575
vt 0.345194 0.885066
vt 0.345898 0.904601
vt 0.346467 0.924263
vt 0.231972 0.776993
vt 0.231519 0.799101
vt 0.231108 0.821174
vt 0.230868 0.843209
vt 0.230637 0.865209
vt 0.231209 0.887243
vt 0.231784 0.909249
vt 0.231631 0.931174
vt 0.012241 0.775018
vt 0.012342 0.745123
vt 0.034496 0.749319
vt 0.034460 0.778215
vt 0.011960 0.835179
vt 0.012086 0.805036
vt 0.034386 0.807196
vt 0.034329 0.836259
vt 0.034328 0.865372
vt 0.011930 0.865398
vt 0.012005 0.895628
vt 0.034402 0.894494
vt 0.012397 0.956024
vt 0.012168 0.925834
vt 0.034543 0.923600
vt 0.034744 0.952702
vt 0.717141 0.775186
vt 0.725958 0.786650
vt 0.709806 0.791371
vt 0.704177 0.777839
vt 0.733792 0.797560
vt 0.741683 0.812050
vt 0.718912 0.818223
vt 0.714313 0.803381
vt 0.747910 0.831353
vt 0.721861 0.835861
vt 0.748719 0.855773
vt 0.722496 0.855063
vt 0.743988 0.874762
vt 0.738129 0.889402
vt 0.716879 0.888354
vt 0.720313 0.872767
vt 0.696342 0.793042
vt 0.693453 0.779910
vt 0.701393 0.820767
vt 0.698746 0.806004
vt 0.703257 0.855102
vt 0.702880 0.837514
vt 0.699327 0.888145
vt 0.701827 0.872179
vt 0.034991 0.981802
vt 0.012660 0.986199
vt 0.102943 0.969927
vt 0.058150 0.977536
vt 0.146699 0.963204
vt 0.191676 0.958457
vt 0.231472 0.953067
vt 0.272554 0.950194
vt 0.312795 0.946722
vt 0.347127 0.944043
vt 0.380930 0.940724
vt 0.408083 0.937906
vt 0.435436 0.935320
vt 0.464543 0.932902
vt 0.501515 0.932331
vt 0.531392 0.931565
vt 0.567249 0.890379
vt 0.556486 0.888795
vt 0.583867 0.888457
vt 0.608933 0.891126
vt 0.713009 0.903699
vt 0.697128 0.903652
vt 0.732109 0.903769
vt 0.336664 0.592741
vt 0.292101 0.596076
vt 0.291844 0.572963
vt 0.336532 0.568527
vt 0.336868 0.641239
vt 0.292494 0.642357
vt 0.292355 0.619203
vt 0.336791 0.616977
vt 0.336165 0.689854
vt 0.293274 0.688606
vt 0.292626 0.665517
vt 0.336923 0.665517
vt 0.335968 0.738332
vt 0.292876 0.734894
vt 0.293919 0.711691
vt 0.335400 0.714159
vt 0.424119 0.748366
vt 0.380383 0.743018
vt 0.380896 0.717157
vt 0.424128 0.720740
vt 0.105950 0.627737
vt 0.106164 0.646627
vt 0.078986 0.647178
vt 0.078825 0.628835
vt 0.105971 0.684398
vt 0.078735 0.683836
vt 0.079145 0.665520
vt 0.106381 0.665516
vt 0.104843 0.722245
vt 0.077558 0.720792
vt 0.078308 0.702164
vt 0.105559 0.703279
vt 0.424118 0.582652
vt 0.379970 0.587990
vt 0.379868 0.562191
vt 0.424108 0.555037
vt 0.424129 0.610270
vt 0.424132 0.637893
vt 0.380127 0.639661
vt 0.380069 0.613811
vt 0.424132 0.693135
vt 0.380532 0.691334
vt 0.380164 0.665517
vt 0.424135 0.665517
vt 0.105465 0.608729
vt 0.078362 0.610162
vt 0.077855 0.591517
vt 0.104983 0.589725
vt 0.051280 0.611521
vt 0.050921 0.593114
vt 0.051746 0.647730
vt 0.051664 0.629933
vt 0.051455 0.683267
vt 0.051874 0.665499
vt 0.049599 0.719384
vt 0.050449 0.701032
vt 0.171794 0.584850
vt 0.211391 0.581214
vt 0.211791 0.602277
vt 0.172256 0.605005
vt 0.172715 0.625162
vt 0.212188 0.623343
vt 0.212406 0.644431
vt 0.172965 0.645339
vt 0.173218 0.665516
vt 0.212624 0.665517
vt 0.212505 0.686549
vt 0.172817 0.685716
vt 0.172417 0.705918
vt 0.212387 0.707574
vt 0.211811 0.728685
vt 0.171951 0.726030
vt 0.138760 0.606819
vt 0.138277 0.587230
vt 0.139479 0.645964
vt 0.139241 0.626410
vt 0.139102 0.685047
vt 0.139715 0.665516
vt 0.138092 0.724155
vt 0.138492 0.704578
vt 0.252441 0.600042
vt 0.252156 0.578188
vt 0.252884 0.643701
vt 0.252726 0.621880
vt 0.252447 0.687381
vt 0.253044 0.665517
vt 0.252002 0.731025
vt 0.251849 0.709236
vt 0.468953 0.576570
vt 0.446956 0.579669
vt 0.446951 0.551043
vt 0.468953 0.546916
vt 0.468953 0.635874
vt 0.446963 0.636903
vt 0.446961 0.608286
vt 0.468953 0.606228
vt 0.446965 0.665517
vt 0.468953 0.665517
vt 0.468953 0.695156
vt 0.446963 0.694127
vt 0.468953 0.754446
vt 0.446956 0.751354
vt 0.446961 0.722732
vt 0.468953 0.724790
vt 0.016138 0.720665
vt 0.016701 0.701701
vt 0.017465 0.683580
vt 0.017648 0.665549
vt 0.017561 0.647449
vt 0.017564 0.629402
vt 0.017688 0.610388
vt 0.018739 0.591682
vt 0.526203 0.577847
vt 0.561113 0.571605
vt 0.560257 0.600995
vt 0.526203 0.607037
vt 0.526254 0.626774
vt 0.560570 0.622416
vt 0.560664 0.644098
vt 0.526888 0.646223
vt 0.560985 0.665314
vt 0.527255 0.665307
vt 0.560403 0.686228
vt 0.526847 0.684274
vt 0.526310 0.703357
vt 0.560126 0.707356
vt 0.559596 0.728067
vt 0.526541 0.722423
vt 0.589533 0.597500
vt 0.590848 0.569574
vt 0.589415 0.643277
vt 0.589945 0.620166
vt 0.588397 0.687874
vt 0.589196 0.665775
vt 0.587414 0.732514
vt 0.588178 0.710224
vt 0.446951 0.779991
vt 0.468953 0.784119
vt 0.379868 0.768843
vt 0.424108 0.775997
vt 0.336531 0.762508
vt 0.291844 0.758071
vt 0.252156 0.752822
vt 0.211234 0.749798
vt 0.171481 0.746142
vt 0.137692 0.743732
vt 0.104125 0.741205
vt 0.076761 0.739398
vt 0.048363 0.737765
vt 0.017113 0.739404
vt 0.559719 0.751038
vt 0.586651 0.755659
vt 0.528251 0.744788
vt 0.914946 0.662645
vt 0.923514 0.662571
vt 0.923788 0.703500
vt 0.915302 0.703579
vt 0.915879 0.742475
vt 0.924062 0.742394
vt 0.924253 0.780390
vt 0.916400 0.780464
vt 0.872664 0.776748
vt 0.861263 0.773479
vt 0.871658 0.736107
vt 0.883677 0.739472
vt 0.862814 0.934439
vt 0.871349 0.931666
vt 0.879921 0.943129
vt 0.872761 0.946391
vt 0.857324 0.909585
vt 0.847743 0.907319
vt 0.843452 0.854270
vt 0.852773 0.862683
vt 0.864026 0.869894
vt 0.863289 0.910286
vt 0.859451 0.942638
vt 0.860796 0.816535
vt 0.850748 0.813180
vt 0.903653 0.668795
vt 0.896882 0.666365
vt 0.908166 0.644823
vt 0.911159 0.646690
vt 0.894984 0.699661
vt 0.885047 0.696724
vt 0.915431 0.642502
vt 0.917418 0.641392
vt 0.916767 0.799141
vt 0.924245 0.799069
vt 0.924341 0.816494
vt 0.916997 0.816565
vt 0.785380 0.645625
vt 0.793770 0.645625
vt 0.793770 0.672003
vt 0.785380 0.672003
vt 0.785380 0.698384
vt 0.793770 0.698384
vt 0.793770 0.724754
vt 0.785380 0.724754
vt 0.793770 0.751121
vt 0.785380 0.751121
vt 0.793770 0.777485
vt 0.785380 0.777485
vt 0.785380 0.803844
vt 0.793770 0.803844
vt 0.793770 0.830224
vt 0.785380 0.830224
vt 0.899226 0.943237
vt 0.898336 0.936548
vt 0.913590 0.924617
vt 0.917280 0.928281
vt 0.924634 0.909904
vt 0.930886 0.911792
vt 0.793770 0.856618
vt 0.785380 0.856618
vt 0.811682 0.958202
vt 0.802601 0.958126
vt 0.802666 0.936615
vt 0.811743 0.936645
vt 0.811823 0.914323
vt 0.802738 0.914284
vt 0.802917 0.871094
vt 0.812007 0.871144
vt 0.803223 0.828855
vt 0.812320 0.828920
vt 0.803502 0.785523
vt 0.812601 0.785585
vt 0.803702 0.746909
vt 0.812799 0.746966
vt 0.803847 0.707349
vt 0.812945 0.707387
vt 0.803610 0.668899
vt 0.812708 0.668859
vt 0.802606 0.636318
vt 0.811699 0.636179
vt 0.800926 0.603909
vt 0.810015 0.603705
vt 0.800636 0.577427
vt 0.808416 0.577287
vt 0.802495 0.550231
vt 0.810141 0.549748
vt 0.808413 0.521363
vt 0.816529 0.520214
vt 0.826797 0.488232
vt 0.833314 0.489121
vt 0.849519 0.467345
vt 0.852906 0.472718
vt 0.864353 0.477419
vt 0.853891 0.481597
vt 0.861295 0.471039
vt 0.839421 0.493545
vt 0.825244 0.521242
vt 0.894866 0.537208
vt 0.887874 0.536369
vt 0.886333 0.515616
vt 0.892582 0.513557
vt 0.877403 0.493699
vt 0.882393 0.487540
vt 0.863565 0.465568
vt 0.872261 0.952855
vt 0.871839 0.470171
vt 0.871550 0.485507
vt 0.723829 0.773997
vt 0.728768 0.769528
vt 0.737748 0.777211
vt 0.732076 0.782299
vt 0.748966 0.787394
vt 0.741551 0.793097
vt 0.761676 0.799019
vt 0.751564 0.806656
vt 0.779224 0.816209
vt 0.761766 0.826341
vt 0.779340 0.867953
vt 0.762286 0.859386
vt 0.763835 0.883686
vt 0.753971 0.878275
vt 0.753959 0.896461
vt 0.746289 0.892545
vt 0.747820 0.907721
vt 0.739810 0.905714
vt 0.490825 0.586150
vt 0.502325 0.586224
vt 0.502478 0.607785
vt 0.491491 0.608508
vt 0.503272 0.628412
vt 0.492463 0.630020
vt 0.503928 0.647372
vt 0.493074 0.648522
vt 0.504238 0.665765
vt 0.493350 0.666178
vt 0.504201 0.684004
vt 0.493554 0.683606
vt 0.504087 0.702187
vt 0.493605 0.700909
vt 0.504162 0.722169
vt 0.493823 0.721832
vt 0.505246 0.742515
vt 0.494447 0.743362
vt 0.882290 0.952173
vt 0.888636 0.939551
vt 0.544462 0.798005
vt 0.544652 0.816272
vt 0.545119 0.834517
vt 0.545479 0.850546
vt 0.545588 0.865990
vt 0.545562 0.881281
vt 0.545348 0.896374
vt 0.545101 0.914580
vt 0.545102 0.933147
vt 0.895581 0.841970
vt 0.900190 0.832044
vt 0.919941 0.838213
vt 0.915301 0.848415
vt 0.658398 0.781820
vt 0.657259 0.795254
vt 0.645656 0.795258
vt 0.646782 0.781817
vt 0.656774 0.808824
vt 0.645202 0.808777
vt 0.656187 0.822801
vt 0.644093 0.822559
vt 0.655620 0.837542
vt 0.643252 0.836846
vt 0.654861 0.852614
vt 0.642325 0.851354
vt 0.654052 0.867627
vt 0.641530 0.865937
vt 0.653156 0.882213
vt 0.640908 0.880465
vt 0.651824 0.896804
vt 0.639631 0.894475
vt 0.845273 0.572009
vt 0.840966 0.578445
vt 0.826139 0.568552
vt 0.830637 0.561732
vt 0.707308 0.578156
vt 0.705205 0.601400
vt 0.685032 0.599820
vt 0.686254 0.574693
vt 0.702592 0.624535
vt 0.683406 0.622878
vt 0.701911 0.647276
vt 0.682802 0.645968
vt 0.700848 0.669753
vt 0.682021 0.668842
vt 0.699679 0.692097
vt 0.680817 0.691531
vt 0.698113 0.714770
vt 0.679349 0.714119
vt 0.697200 0.737003
vt 0.678146 0.737281
vt 0.697791 0.758796
vt 0.677641 0.759941
vt 0.666677 0.781566
vt 0.665277 0.794829
vt 0.664665 0.808495
vt 0.664443 0.822763
vt 0.664075 0.837880
vt 0.663567 0.853441
vt 0.662683 0.868935
vt 0.661508 0.883929
vt 0.660561 0.898943
vt 0.664870 0.571576
vt 0.664249 0.597315
vt 0.663740 0.621511
vt 0.662867 0.644837
vt 0.662349 0.667973
vt 0.661403 0.690918
vt 0.660439 0.713750
vt 0.658653 0.737226
vt 0.657063 0.760806
vt 0.936048 0.850937
vt 0.927556 0.858131
vt 0.858101 0.574548
vt 0.858656 0.582006
vt 0.932565 0.872119
vt 0.942512 0.870291
vt 0.940704 0.890953
vt 0.932009 0.891168
vt 0.683194 0.781433
vt 0.683754 0.793657
vt 0.673107 0.794154
vt 0.674040 0.781964
vt 0.684444 0.807441
vt 0.672559 0.808251
vt 0.685790 0.822016
vt 0.672931 0.822684
vt 0.686307 0.838109
vt 0.672834 0.838087
vt 0.686326 0.854795
vt 0.672541 0.853984
vt 0.685132 0.871317
vt 0.671623 0.869960
vt 0.683227 0.887176
vt 0.670115 0.885063
vt 0.682129 0.902765
vt 0.669687 0.900419
vt 0.882118 0.555901
vt 0.888957 0.559554
vt 0.876154 0.574536
vt 0.870459 0.569336
vt 0.642855 0.570641
vt 0.641393 0.596631
vt 0.617626 0.595946
vt 0.619241 0.569616
vt 0.640828 0.620558
vt 0.617924 0.619578
vt 0.639887 0.644146
vt 0.616901 0.643368
vt 0.638571 0.667119
vt 0.616027 0.666467
vt 0.637479 0.689921
vt 0.615024 0.689208
vt 0.637206 0.712806
vt 0.614791 0.712165
vt 0.636667 0.736329
vt 0.614057 0.735562
vt 0.635392 0.759858
vt 0.612890 0.758839
vt 0.622031 0.878020
vt 0.622288 0.863562
vt 0.632262 0.864750
vt 0.631796 0.879194
vt 0.631263 0.893358
vt 0.622289 0.892496
vt 0.622874 0.849478
vt 0.632863 0.850475
vt 0.624005 0.835381
vt 0.633906 0.836164
vt 0.625214 0.821526
vt 0.634948 0.822131
vt 0.626910 0.807989
vt 0.636375 0.808420
vt 0.628867 0.794632
vt 0.637571 0.795017
vt 0.631121 0.781062
vt 0.639273 0.781458
vt 0.873477 0.851655
vt 0.867656 0.844961
vt 0.882817 0.834836
vt 0.883464 0.844214
vt 0.825054 0.551131
vt 0.818241 0.555333
vt 0.815246 0.539955
vt 0.823405 0.538812
vt 0.737813 0.714188
vt 0.735929 0.735675
vt 0.716165 0.736328
vt 0.717488 0.714551
vt 0.719219 0.692732
vt 0.739677 0.693427
vt 0.732304 0.753487
vt 0.714924 0.755687
vt 0.741082 0.672128
vt 0.720478 0.670842
vt 0.721706 0.648794
vt 0.742430 0.650643
vt 0.743448 0.629195
vt 0.722599 0.626649
vt 0.724555 0.603698
vt 0.744418 0.606610
vt 0.743276 0.584488
vt 0.725114 0.581240
vt 0.758966 0.712308
vt 0.757763 0.732653
vt 0.761447 0.673534
vt 0.760155 0.692925
vt 0.763811 0.634158
vt 0.762782 0.653949
vt 0.763724 0.592046
vt 0.764421 0.613083
vt 0.754316 0.752650
vt 0.169946 0.529997
vt 0.190425 0.535044
vt 0.170047 0.540039
vt 0.099650 0.530783
vt 0.120130 0.535831
vt 0.099755 0.540823
vt 0.243192 0.441760
vt 0.243853 0.418518
vt 0.259022 0.418302
vt 0.258250 0.442416
vt 0.228411 0.441335
vt 0.228044 0.418518
vt 0.069010 0.442641
vt 0.069047 0.419741
vt 0.083592 0.419772
vt 0.083644 0.442594
vt 0.242402 0.461002
vt 0.241363 0.477072
vt 0.227128 0.475930
vt 0.227908 0.460162
vt 0.257282 0.462326
vt 0.255893 0.478977
vt 0.071123 0.478367
vt 0.069636 0.462010
vt 0.084356 0.461755
vt 0.085608 0.477757
vt 0.214048 0.441167
vt 0.213844 0.418697
vt 0.213026 0.475418
vt 0.213679 0.459787
vt 0.199834 0.441195
vt 0.199627 0.418817
vt 0.198991 0.475401
vt 0.199549 0.459788
vt 0.185596 0.441361
vt 0.185356 0.418903
vt 0.184958 0.475724
vt 0.185409 0.460057
vt 0.171256 0.441613
vt 0.170979 0.418979
vt 0.170879 0.476230
vt 0.171185 0.460471
vt 0.156781 0.441884
vt 0.156486 0.419077
vt 0.156744 0.476753
vt 0.156843 0.460905
vt 0.142192 0.442133
vt 0.141898 0.419210
vt 0.142546 0.477165
vt 0.142406 0.461264
vt 0.127539 0.442328
vt 0.127277 0.419375
vt 0.128327 0.477412
vt 0.127906 0.461493
vt 0.112883 0.442457
vt 0.112672 0.419551
vt 0.114097 0.477508
vt 0.113402 0.461601
vt 0.098257 0.442542
vt 0.098116 0.419698
vt 0.099875 0.477558
vt 0.098896 0.461653
vt 0.241963 0.381887
vt 0.243036 0.398617
vt 0.227957 0.399372
vt 0.227127 0.383121
vt 0.257161 0.379911
vt 0.258540 0.397441
vt 0.069728 0.400636
vt 0.071165 0.384705
vt 0.085244 0.385174
vt 0.084181 0.400835
vt 0.099176 0.385141
vt 0.098486 0.400768
vt 0.113103 0.384864
vt 0.112800 0.400550
vt 0.127102 0.384531
vt 0.127164 0.400302
vt 0.141206 0.384278
vt 0.141582 0.400116
vt 0.155382 0.384169
vt 0.156015 0.400037
vt 0.169612 0.384180
vt 0.170412 0.400046
vt 0.183868 0.384216
vt 0.184757 0.400076
vt 0.198177 0.384140
vt 0.199064 0.400036
vt 0.212571 0.383822
vt 0.213410 0.399829
vt 0.240493 0.365081
vt 0.255001 0.362855
vt 0.073491 0.369251
vt 0.086818 0.369830
vt 0.100174 0.369823
vt 0.113560 0.369511
vt 0.127029 0.369085
vt 0.140643 0.368704
vt 0.154432 0.368454
vt 0.168383 0.368312
vt 0.182506 0.368172
vt 0.196813 0.367903
vt 0.211296 0.367386
vt 0.225884 0.366503
vt 0.240049 0.493162
vt 0.226095 0.491916
vt 0.212104 0.491334
vt 0.198109 0.491249
vt 0.184164 0.491511
vt 0.170276 0.491967
vt 0.156427 0.492453
vt 0.142618 0.492839
vt 0.128831 0.493076
vt 0.115044 0.493179
vt 0.101257 0.493262
vt 0.087468 0.493543
vt 0.073688 0.494338
vt 0.253898 0.495242
vt 0.216814 0.521308
vt 0.220135 0.535077
vt 0.211027 0.535057
vt 0.208709 0.525493
vt 0.216747 0.548822
vt 0.208674 0.544608
vt 0.207408 0.559471
vt 0.202175 0.551999
vt 0.194191 0.564638
vt 0.192972 0.555564
vt 0.179940 0.563147
vt 0.183095 0.554473
vt 0.167896 0.555115
vt 0.174796 0.548886
vt 0.161021 0.542303
vt 0.160940 0.527777
vt 0.167763 0.514953
vt 0.174702 0.521152
vt 0.179804 0.506803
vt 0.183019 0.515526
vt 0.194200 0.505288
vt 0.192963 0.514435
vt 0.207512 0.510591
vt 0.202215 0.518059
vt 0.149872 0.535864
vt 0.146480 0.549624
vt 0.138364 0.545386
vt 0.140716 0.535843
vt 0.137133 0.560283
vt 0.131872 0.552773
vt 0.123903 0.565460
vt 0.122674 0.556336
vt 0.109632 0.563973
vt 0.112803 0.555249
vt 0.097567 0.555933
vt 0.104505 0.549665
vt 0.090677 0.543102
vt 0.090593 0.528551
vt 0.097429 0.515705
vt 0.104408 0.521943
vt 0.109493 0.507546
vt 0.112724 0.516319
vt 0.123913 0.506034
vt 0.122665 0.515233
vt 0.137240 0.511349
vt 0.131912 0.518856
vt 0.146549 0.522081
vt 0.138400 0.526286
vn 0.000095 0.000013 -1.000000
vn -0.000025 0.000015 -1.000000
vn 0.001661 -0.000045 -0.999999
vn 0.001682 -0.000048 -0.999999
vn 0.000113 0.000017 -1.000000
vn 0.000104 0.000015 -1.000000
vn 0.001729 -0.000038 -0.999999
vn 0.001771 -0.000028 -0.999998
vn 0.000004 -0.000193 -1.000000
vn 0.000077 -0.000089 -1.000000
vn 0.001768 0.000014 -0.999999
vn 0.001683 0.000055 -0.999999
vn 0.000012 0.000239 -1.000000
vn -0.000074 0.000016 -1.000000
vn 0.001543 0.000034 -0.999999
vn 0.001651 0.000019 -0.999999
vn -0.000070 -0.000204 -1.000000
vn -0.000226 -0.000014 -1.000000
vn -0.000159 0.000021 -1.000000
vn -0.000367 0.000012 -1.000000
vn 0.987481 0.000327 -0.157740
vn 0.847059 0.000042 0.531499
vn 0.846270 -0.002699 0.532748
vn 0.987230 0.001462 -0.159294
vn 0.987378 0.002758 -0.158355
vn 0.843303 0.004668 0.537418
vn 0.846444 0.002859 0.532469
vn 0.987156 -0.000748 -0.159759
vn 0.041165 -0.004734 -0.999141
vn 0.006654 -0.005179 -0.999965
vn 0.007142 -0.005080 -0.999962
vn 0.041893 -0.004396 -0.999112
vn 0.042295 -0.002492 -0.999102
vn 0.042567 -0.003442 -0.999088
vn 0.007748 -0.004186 -0.999961
vn 0.008034 -0.003295 -0.999962
vn 0.043246 -0.001149 -0.999064
vn 0.042430 -0.001832 -0.999098
vn 0.008390 -0.003517 -0.999959
vn 0.001330 0.005739 -0.999983
vn 0.000123 -0.000003 -1.000000
vn 0.000112 -0.000002 -1.000000
vn -0.000535 0.000013 -1.000000
vn -0.000622 0.000014 -1.000000
vn 0.000126 -0.000003 -1.000000
vn -0.000640 0.000013 -1.000000
vn -0.000658 0.000012 -1.000000
vn 0.000129 -0.000002 -1.000000
vn -0.000122 0.000199 -1.000000
vn 0.000069 0.000098 -1.000000
vn -0.000585 0.000004 -1.000000
vn -0.000313 -0.000001 -1.000000
vn 0.040235 -0.005071 -0.999177
vn 0.040372 -0.005057 -0.999172
vn 0.006093 -0.005273 -0.999968
vn 0.006062 -0.005279 -0.999968
vn 0.987620 -0.001592 -0.156861
vn 0.843024 -0.004606 0.537856
vn 0.837922 -0.012988 0.545635
vn 0.984383 -0.008324 -0.175842
vn 0.982204 -0.015412 -0.187182
vn 0.834455 0.017753 0.550790
vn 0.839583 0.012726 0.543082
vn 0.987751 -0.004215 -0.155982
vn -0.601244 -0.042018 -0.797960
vn -0.595600 -0.024353 -0.802912
vn -0.351611 -0.015339 -0.936021
vn -0.356479 -0.024887 -0.933972
vn -0.593625 -0.007971 -0.804702
vn -0.591662 -0.008793 -0.806139
vn -0.340902 -0.007796 -0.940066
vn -0.343349 -0.006966 -0.939182
vn -0.591606 -0.009767 -0.806168
vn -0.593003 -0.010770 -0.805128
vn -0.340873 -0.008726 -0.940069
vn -0.338654 -0.008232 -0.940875
vn -0.596296 -0.011460 -0.802683
vn -0.595861 0.020390 -0.802829
vn -0.342539 0.037289 -0.938763
vn -0.343435 -0.009617 -0.939127
vn 0.598261 -0.010380 0.801234
vn 0.331340 -0.010145 0.943457
vn 0.332209 -0.011939 0.943130
vn 0.593255 -0.015792 0.804860
vn 0.598896 0.000011 0.800827
vn 0.325146 0.000051 0.945664
vn 0.326688 -0.005363 0.945117
vn 0.597866 -0.005234 0.801579
vn 0.598301 0.010279 0.801205
vn 0.331669 0.009595 0.943347
vn 0.326430 0.005448 0.945206
vn 0.597832 0.005315 0.801604
vn 0.578253 0.014629 0.815727
vn 0.308445 0.007222 0.951215
vn 0.332379 0.010385 0.943089
vn 0.593659 0.014848 0.804580
vn -0.838566 -0.031216 -0.543906
vn -0.832831 -0.019265 -0.553191
vn -0.840654 -0.006586 -0.541533
vn -0.842708 -0.007386 -0.538321
vn -0.844463 -0.008805 -0.535542
vn -0.845790 -0.010098 -0.533421
vn -0.848870 -0.010366 -0.528500
vn -0.847593 0.002135 -0.530643
vn -0.079791 -0.005616 -0.996796
vn -0.080178 -0.005640 -0.996765
vn -0.077510 -0.005791 -0.996975
vn -0.075932 -0.005946 -0.997095
vn -0.074497 -0.005528 -0.997206
vn -0.075136 -0.005135 -0.997160
vn -0.075858 -0.005557 -0.997103
vn -0.091462 0.031545 -0.995309
vn 0.023340 -0.002107 -0.999725
vn 0.024085 -0.002143 -0.999708
vn 0.008750 -0.000927 -0.999961
vn 0.008381 -0.000904 -0.999964
vn 0.024636 -0.001981 -0.999695
vn 0.025250 -0.001821 -0.999680
vn 0.009549 -0.000806 -0.999954
vn 0.009143 -0.000866 -0.999958
vn 0.025679 -0.002029 -0.999668
vn 0.026358 -0.002231 -0.999650
vn 0.010236 -0.001787 -0.999946
vn 0.009892 -0.001297 -0.999950
vn 0.026721 -0.000474 -0.999643
vn 0.026940 0.001275 -0.999636
vn 0.010619 0.001279 -0.999943
vn 0.010430 -0.000252 -0.999946
vn 0.046778 -0.003938 -0.998898
vn 0.047496 -0.003977 -0.998864
vn 0.048264 -0.003634 -0.998828
vn 0.049071 -0.003289 -0.998790
vn 0.049538 -0.002849 -0.998768
vn 0.050003 -0.002404 -0.998746
vn 0.050324 -0.000737 -0.998733
vn 0.050925 0.000940 -0.998702
vn 0.002987 -0.000273 -0.999996
vn 0.003159 -0.000285 -0.999995
vn 0.003336 -0.000260 -0.999994
vn 0.003514 -0.000236 -0.999994
vn 0.003864 -0.000453 -0.999992
vn 0.004652 -0.000671 -0.999989
vn 0.005167 0.000005 -0.999987
vn 0.004797 0.000637 -0.999988
vn -0.000000 -0.000000 -1.000000
vn 0.000000 -0.000000 -1.000000
vn -0.000000 -0.000000 -1.000000
vn -0.000000 -0.000000 -1.000000
vn -0.000000 0.000000 -1.000000
vn -0.000000 -0.000000 -1.000000
vn -0.000000 -0.000000 -1.000000
vn -0.000000 0.000000 -1.000000
vn -0.000000 0.000000 -1.000000
vn -0.000000 0.000000 -1.000000
vn -0.000000 0.000000 -1.000000
vn -0.000000 0.000000 -1.000000
vn 0.000000 -0.000000 -1.000000
vn -0.000000 -0.000000 -1.000000
vn -0.000000 -0.000000 -1.000000
vn 0.000000 -0.000000 -1.000000
vn 0.391589 -0.034655 -0.919488
vn 0.426296 -0.014117 -0.904474
vn 0.219437 -0.015789 -0.975499
vn 0.196169 -0.029432 -0.980128
vn 0.429371 0.001787 -0.903127
vn 0.423085 -0.006236 -0.906068
vn 0.215297 -0.005711 -0.976532
vn 0.217000 -0.000151 -0.976172
vn 0.420394 -0.000017 -0.907342
vn 0.212026 -0.000091 -0.977264
vn 0.422715 0.006537 -0.906239
vn 0.214954 0.005928 -0.976606
vn 0.427215 -0.001834 -0.904148
vn 0.429157 0.015019 -0.903105
vn 0.212548 0.026945 -0.976779
vn 0.215813 -0.001336 -0.976434
vn -0.103859 0.000160 -0.994592
vn -0.106445 -0.013806 -0.994223
vn -0.106679 -0.001438 -0.994293
vn -0.111580 0.008095 -0.993723
vn -0.106889 0.001553 -0.994270
vn -0.109228 -0.000097 -0.994017
vn -0.117982 0.020354 -0.992807
vn -0.108563 -0.005703 -0.994073
vn 0.000000 0.000000 -1.000000
vn 0.000000 0.000000 -1.000000
vn -0.000478 -0.000017 -1.000000
vn 0.000045 -0.000188 -1.000000
vn -0.000095 0.000251 -1.000000
vn 0.001724 0.000024 -0.999999
vn 0.004246 0.000587 -0.999991
vn 0.010557 0.001287 -0.999943
vn 0.026571 0.001274 -0.999646
vn 0.050993 0.000966 -0.998699
vn 0.044350 -0.001090 -0.999015
vn -0.005287 0.014848 -0.999876
vn -0.109499 0.070100 -0.991512
vn -0.364300 0.085121 -0.927384
vn -0.599127 0.052516 -0.798930
vn -0.858940 0.013407 -0.511901
vn 0.831177 -0.018347 0.555705
vn 0.979743 -0.013671 -0.199792
vn 0.578909 -0.016348 0.815228
vn 0.309894 -0.008985 0.950729
vn 0.183572 0.060394 -0.981149
vn -0.134674 0.049427 -0.989657
vn 0.411491 0.045364 -0.910284
vn -0.000095 -0.000013 1.000000
vn -0.001682 0.000048 0.999999
vn -0.001661 0.000045 0.999999
vn 0.000025 -0.000015 1.000000
vn -0.000113 -0.000017 1.000000
vn -0.001771 0.000028 0.999998
vn -0.001729 0.000038 0.999999
vn -0.000104 -0.000015 1.000000
vn -0.000004 0.000193 1.000000
vn -0.001683 -0.000055 0.999999
vn -0.001768 -0.000014 0.999998
vn -0.000078 0.000089 1.000000
vn -0.000012 -0.000239 1.000000
vn -0.001651 -0.000019 0.999999
vn -0.001543 -0.000034 0.999999
vn 0.000074 -0.000016 1.000000
vn 0.000070 0.000204 1.000000
vn 0.000367 -0.000013 1.000000
vn 0.000159 -0.000021 1.000000
vn 0.000226 0.000014 1.000000
vn -0.063121 0.005124 0.997993
vn -0.063897 0.004615 0.997946
vn -0.048691 0.005449 0.998799
vn -0.048291 0.005871 0.998816
vn -0.064336 0.001998 0.997926
vn -0.044560 -0.003967 0.998999
vn -0.049088 0.003573 0.998788
vn -0.064311 0.003307 0.997925
vn -0.065276 0.000283 0.997867
vn -0.021049 -0.005528 0.999763
vn -0.033752 -0.007108 0.999405
vn -0.064394 0.001152 0.997924
vn -0.000123 0.000003 1.000000
vn 0.000622 -0.000014 1.000000
vn 0.000535 -0.000012 1.000000
vn -0.000112 0.000003 1.000000
vn -0.000126 0.000003 1.000000
vn -0.000129 0.000002 1.000000
vn 0.000658 -0.000012 1.000000
vn 0.000640 -0.000013 1.000000
vn 0.000122 -0.000199 1.000000
vn 0.000313 0.000002 1.000000
vn 0.000585 -0.000004 1.000000
vn -0.000069 -0.000098 1.000000
vn -0.062346 0.005629 0.998039
vn -0.047700 0.006286 0.998842
vn -0.047963 0.006286 0.998829
vn -0.061790 0.005597 0.998073
vn 0.076445 0.010014 0.997024
vn 0.079973 0.012151 0.996723
vn 0.071279 0.005139 0.997443
vn 0.072232 0.006517 0.997367
vn 0.078894 -0.021294 0.996656
vn 0.070699 0.003893 0.997490
vn 0.103815 -0.016418 0.994461
vn 0.094411 -0.022997 0.995268
vn -0.023348 0.002107 0.999725
vn -0.008384 0.000905 0.999964
vn -0.008753 0.000928 0.999961
vn -0.024092 0.002144 0.999707
vn -0.024643 0.001981 0.999694
vn -0.009146 0.000867 0.999958
vn -0.009551 0.000806 0.999954
vn -0.025257 0.001821 0.999679
vn -0.025686 0.002029 0.999668
vn -0.009894 0.001297 0.999950
vn -0.010239 0.001788 0.999946
vn -0.026365 0.002231 0.999650
vn -0.026729 0.000474 0.999643
vn -0.010433 0.000253 0.999946
vn -0.010622 -0.001278 0.999943
vn -0.026948 -0.001275 0.999636
vn -0.047491 0.003976 0.998864
vn -0.046774 0.003937 0.998898
vn -0.049065 0.003288 0.998790
vn -0.048258 0.003633 0.998828
vn -0.049998 0.002404 0.998746
vn -0.049532 0.002849 0.998769
vn -0.050920 -0.000940 0.998702
vn -0.050320 0.000736 0.998733
vn -0.003160 0.000285 0.999995
vn -0.002987 0.000273 0.999996
vn -0.003514 0.000236 0.999994
vn -0.003337 0.000260 0.999994
vn -0.004652 0.000671 0.999989
vn -0.003864 0.000453 0.999992
vn -0.004798 -0.000637 0.999988
vn -0.005168 -0.000005 0.999987
vn 0.000000 0.000000 1.000000
vn 0.000000 0.000000 1.000000
vn 0.000000 0.000000 1.000000
vn 0.000000 0.000000 1.000000
vn 0.000000 0.000000 1.000000
vn -0.000000 0.000000 1.000000
vn 0.000000 0.000000 1.000000
vn 0.000000 0.000000 1.000000
vn -0.000000 0.000000 1.000000
vn -0.000000 0.000000 1.000000
vn 0.000000 0.000000 1.000000
vn -0.000000 0.000000 1.000000
vn -0.000000 0.000000 1.000000
vn -0.000000 0.000000 1.000000
vn -0.000000 0.000000 1.000000
vn -0.000000 0.000000 1.000000
vn 0.359854 -0.025835 0.932651
vn 0.376346 -0.028160 0.926051
vn 0.380718 -0.039285 0.923857
vn 0.387115 0.007567 0.922001
vn 0.378945 0.006985 0.925393
vn 0.368645 0.009090 0.929526
vn 0.375285 0.001967 0.926908
vn 0.523096 -0.020791 0.852020
vn -0.431229 -0.083888 0.898334
vn -0.252542 -0.122005 0.959863
vn -0.269486 -0.093275 0.958477
vn -0.456428 -0.068844 0.887093
vn -0.468396 -0.051598 0.882010
vn -0.263565 -0.060632 0.962734
vn -0.263138 -0.046382 0.963643
vn -0.473445 -0.028575 0.880360
vn -0.268090 -0.012564 0.963312
vn -0.480232 0.000171 0.877142
vn -0.281318 0.032196 0.959074
vn -0.484235 0.030370 0.874411
vn -0.482710 0.053410 0.874150
vn -0.287167 0.064400 0.955713
vn -0.288411 0.090331 0.953236
vn -0.472871 0.063167 0.878864
vn 0.048829 -0.123059 0.991197
vn 0.055840 -0.159225 0.985662
vn 0.070246 -0.055516 0.995984
vn 0.067515 -0.068520 0.995363
vn 0.061972 0.029009 0.997656
vn 0.072579 -0.024304 0.997067
vn 0.046294 0.124966 0.991080
vn 0.056384 0.072404 0.995780
vn -0.000000 0.000000 1.000000
vn -0.000000 0.000000 1.000000
vn 0.000478 0.000017 1.000000
vn -0.000045 0.000188 1.000000
vn 0.000095 -0.000251 1.000000
vn -0.001724 -0.000024 0.999999
vn -0.004247 -0.000588 0.999991
vn -0.010560 -0.001287 0.999943
vn -0.026580 -0.001273 0.999646
vn -0.050989 -0.000967 0.998699
vn -0.065807 0.000246 0.997832
vn -0.015805 -0.006183 0.999856
vn 0.110766 -0.037564 0.993136
vn 0.399998 -0.038962 0.915687
vn -0.268134 0.108952 0.957201
vn 0.053299 0.157881 0.986019
vn -0.453790 0.071075 0.888270
vn -0.113760 -0.993508 -0.000064
vn -0.113776 -0.993506 -0.000064
vn -0.121479 -0.992594 -0.000009
vn -0.121481 -0.992594 -0.000009
vn -0.152235 -0.988344 0.000021
vn -0.152237 -0.988344 0.000021
vn -0.163919 -0.986474 0.000013
vn -0.163920 -0.986474 0.000013
vn -0.060619 -0.998161 0.000782
vn -0.060628 -0.998160 0.000781
vn -0.070440 -0.997516 -0.000099
vn -0.070547 -0.997508 -0.000107
vn 0.066749 -0.995904 0.060986
vn 0.066833 -0.994913 0.075380
vn 0.095201 -0.995153 -0.024644
vn 0.074642 -0.982640 0.169843
vn -0.170602 -0.965106 -0.198658
vn -0.169150 -0.963365 -0.208126
vn -0.072910 -0.977529 -0.197793
vn -0.131662 -0.968795 -0.210004
vn -0.238776 -0.957731 -0.160428
vn -0.229472 -0.960755 -0.155859
vn -0.094576 -0.992087 -0.082580
vn -0.138389 -0.984609 -0.106737
vn -0.178938 -0.970056 -0.164234
vn -0.190076 -0.972766 -0.132656
vn -0.043036 -0.993558 -0.104836
vn -0.044379 -0.994641 -0.093378
vn -0.081855 -0.996644 -0.000193
vn -0.081693 -0.996657 -0.000193
vn -0.082556 -0.996586 -0.000060
vn -0.082510 -0.996590 -0.000059
vn -0.072408 -0.997375 -0.000299
vn -0.072466 -0.997371 -0.000302
vn -0.102033 -0.994781 -0.000020
vn -0.101981 -0.994786 -0.000019
vn -0.178200 -0.983994 -0.000003
vn -0.178201 -0.983994 -0.000003
vn -0.184388 -0.982853 0.000000
vn -0.184388 -0.982853 0.000000
vn 1.000000 0.000001 0.000000
vn 1.000000 0.000001 0.000000
vn 1.000000 0.000001 0.000000
vn 1.000000 0.000001 0.000000
vn 1.000000 0.000000 0.000000
vn 1.000000 0.000000 0.000000
vn 1.000000 0.000000 0.000000
vn 1.000000 0.000000 0.000000
vn 1.000000 0.000000 0.000000
vn 1.000000 0.000000 0.000000
vn 1.000000 0.000000 0.000000
vn 1.000000 0.000000 0.000000
vn 1.000000 0.000000 0.000000
vn 1.000000 0.000000 0.000000
vn 1.000000 0.000000 0.000000
vn 1.000000 0.000000 0.000000
vn -0.084517 -0.895583 -0.436793
vn -0.122096 -0.922119 -0.367137
vn -0.172855 -0.974910 -0.140254
vn -0.172852 -0.974958 -0.139928
vn -0.130194 -0.991102 0.027674
vn -0.117045 -0.992587 0.032747
vn 1.000000 0.000000 0.000000
vn 1.000000 0.000000 0.000000
vn -0.184394 0.982852 -0.000018
vn -0.184394 0.982852 -0.000018
vn -0.178206 0.983993 -0.000035
vn -0.178206 0.983993 -0.000035
vn -0.163919 0.986474 -0.000019
vn -0.163918 0.986474 -0.000019
vn -0.152222 0.988346 0.000033
vn -0.152218 0.988347 0.000033
vn -0.121481 0.992594 0.000034
vn -0.121484 0.992593 0.000034
vn -0.114072 0.993473 -0.000042
vn -0.114054 0.993475 -0.000042
vn -0.102045 0.994780 -0.000015
vn -0.102111 0.994773 -0.000015
vn -0.082461 0.996594 -0.000198
vn -0.082397 0.996600 -0.000196
vn -0.081878 0.996642 -0.000724
vn -0.082064 0.996627 -0.000719
vn -0.072781 0.997347 -0.001580
vn -0.072716 0.997351 -0.001562
vn -0.070609 0.997501 -0.002283
vn -0.070735 0.997493 -0.002278
vn -0.059577 0.998219 -0.003059
vn -0.059324 0.998234 -0.003084
vn -0.046663 0.994862 -0.089844
vn -0.044779 0.992504 -0.113713
vn -0.084111 0.971929 -0.219725
vn -0.126970 0.962013 -0.241681
vn -0.165038 0.960254 -0.225112
vn -0.153284 0.973611 -0.169072
vn -0.121142 0.987549 -0.100360
vn -0.116746 0.987900 -0.102097
vn 0.057505 0.996640 -0.058329
vn -0.031360 0.999410 -0.013979
vn -0.013889 0.999769 0.016379
vn 0.052314 0.987619 0.147890
vn -0.128145 0.987954 -0.086751
vn -0.131976 0.987271 -0.088759
vn -0.181776 0.963977 -0.194182
vn -0.181884 0.958933 -0.217638
vn -0.192784 0.980949 -0.023928
vn -0.193886 0.980682 -0.025888
vn -0.191189 0.964295 -0.183252
vn -0.187663 0.962983 -0.193509
vn -0.111070 0.961495 -0.251377
vn -0.071108 0.970833 -0.228972
vn 0.071349 0.992104 -0.103145
vn 0.108416 -0.991208 -0.075851
vn 0.049714 0.987614 -0.148818
vn 0.011544 0.983846 -0.178646
vn 0.591467 -0.037996 -0.805434
vn 0.603878 -0.014693 -0.796941
vn 0.614771 0.006076 -0.788683
vn 0.614169 -0.003704 -0.789166
vn 0.612292 0.000260 -0.790632
vn 0.613562 0.004333 -0.789635
vn 0.613790 -0.004242 -0.789458
vn 0.618097 -0.000742 -0.786102
vn 0.618726 0.010118 -0.785541
vn -0.900107 -0.024541 0.434976
vn -0.651117 -0.048296 0.757439
vn -0.690060 -0.044720 0.722369
vn -0.914070 -0.020070 0.405059
vn -0.715519 -0.032652 0.697830
vn -0.929346 -0.010157 0.369070
vn -0.720060 -0.010200 0.693836
vn -0.930615 -0.000240 0.365999
vn -0.719867 0.005763 0.694088
vn -0.929091 0.002523 0.369842
vn -0.716143 0.019267 0.697687
vn -0.929470 0.004245 0.368874
vn -0.710830 0.034165 0.702533
vn -0.927848 0.011669 0.372776
vn -0.693741 0.040597 0.719080
vn -0.913245 0.020412 0.406900
vn -0.669306 0.043234 0.741728
vn -0.899703 0.025261 0.435772
vn 0.066034 -0.964723 -0.254852
vn -0.007200 -0.882190 -0.470838
vn -0.969432 -0.001205 -0.245356
vn -0.970826 -0.001443 -0.239781
vn -0.973908 -0.002208 -0.226934
vn -0.977085 -0.003859 -0.212813
vn -0.979444 -0.005597 -0.201638
vn -0.981420 -0.006926 -0.191747
vn -0.983257 -0.007482 -0.182071
vn -0.985721 -0.009298 -0.168128
vn -0.987310 -0.011244 -0.158406
vn -0.072327 0.990201 -0.119463
vn -0.072327 0.990201 -0.119463
vn -0.201197 -0.974397 -0.100347
vn -0.201197 -0.974397 -0.100347
vn -0.165825 -0.983430 -0.073268
vn -0.163049 -0.983095 -0.083303
vn -0.139118 -0.984334 -0.108318
vn -0.137319 -0.984461 -0.109449
vn -0.910281 0.135306 0.391256
vn -0.900241 0.130704 0.415311
vn -0.701383 0.093465 0.706630
vn -0.721030 0.100199 0.685621
vn -0.902966 0.072620 0.423532
vn -0.694092 0.050032 0.718146
vn -0.903644 0.018137 0.427901
vn -0.685979 0.013595 0.727494
vn -0.903688 -0.000014 0.428192
vn -0.686656 0.000009 0.726983
vn -0.903571 -0.018192 0.428053
vn -0.686282 -0.013641 0.727208
vn -0.903212 -0.026209 0.428393
vn -0.686314 -0.021521 0.726987
vn -0.900520 -0.082851 0.426849
vn -0.689173 -0.061678 0.721967
vn -0.901250 -0.133073 0.412358
vn -0.693264 -0.095943 0.714269
vn -0.165528 0.981567 -0.095532
vn -0.170707 0.981204 -0.089992
vn -0.179232 0.977159 -0.114174
vn -0.175922 0.975472 -0.132312
vn 0.698112 -0.096158 -0.709502
vn 0.677534 -0.090426 -0.729912
vn 0.910786 -0.137332 -0.389369
vn 0.918547 -0.140023 -0.369683
vn 0.670362 -0.051401 -0.740252
vn 0.916386 -0.078035 -0.392616
vn 0.660506 -0.018601 -0.750591
vn 0.917276 -0.022884 -0.397595
vn 0.657901 -0.001668 -0.753103
vn 0.916590 -0.001621 -0.399824
vn 0.657927 0.016975 -0.752890
vn 0.915725 0.020700 -0.401273
vn 0.663781 0.035807 -0.747069
vn 0.915831 0.051012 -0.398310
vn 0.673895 0.090263 -0.733293
vn 0.910200 0.137369 -0.390724
vn 0.684211 0.130759 -0.717466
vn 0.903602 0.197077 -0.380348
vn -0.969379 0.147878 0.196050
vn -0.969120 0.145782 0.198882
vn -0.976148 0.085380 0.199611
vn -0.980459 0.019907 0.195714
vn -0.980655 -0.000028 0.195747
vn -0.980467 -0.019836 0.195682
vn -0.980477 -0.028055 0.194622
vn -0.975729 -0.096996 0.196327
vn -0.969174 -0.146687 0.197952
vn 0.978708 -0.160980 0.127345
vn 0.980510 -0.160428 0.113414
vn 0.989704 -0.090338 0.111023
vn 0.993395 -0.023647 0.112285
vn 0.994096 -0.001060 0.108500
vn 0.993443 0.023516 0.111886
vn 0.992026 0.060098 0.110779
vn 0.980763 0.157996 0.114638
vn 0.965773 0.227746 0.124158
vn -0.096679 -0.992470 -0.075208
vn -0.094569 -0.993125 -0.068982
vn -0.119795 0.990319 -0.070118
vn -0.120651 0.990091 -0.071852
vn -0.063248 -0.997937 -0.011028
vn -0.063938 -0.997891 -0.011230
vn -0.065159 -0.997791 0.012986
vn -0.070699 -0.997258 0.021863
vn -0.444192 0.019916 -0.895710
vn -0.455775 0.036270 -0.889356
vn -0.771143 0.088295 -0.630510
vn -0.765254 0.075901 -0.639238
vn -0.461571 0.029553 -0.886611
vn -0.771993 0.055897 -0.633168
vn -0.454921 0.005825 -0.890513
vn -0.768427 0.013211 -0.639801
vn -0.457129 -0.000073 -0.889401
vn -0.769621 -0.000064 -0.638501
vn -0.454774 -0.005785 -0.890588
vn -0.768213 -0.013258 -0.640058
vn -0.455334 -0.013508 -0.890218
vn -0.768086 -0.021285 -0.639993
vn -0.464495 -0.009267 -0.885527
vn -0.776473 -0.051009 -0.628083
vn -0.457960 0.003973 -0.888964
vn -0.762834 -0.065831 -0.643234
vn -0.118539 0.992899 0.009988
vn -0.118521 0.992901 0.009981
vn -0.079131 0.996760 -0.014413
vn -0.082730 0.996439 -0.016316
vn 0.783797 -0.167711 0.597943
vn 0.788116 -0.161025 0.594091
vn 0.419214 -0.148919 0.895591
vn 0.422109 -0.173713 0.889746
vn 0.806752 -0.089658 0.584048
vn 0.440361 -0.082017 0.894067
vn 0.816857 -0.032677 0.575914
vn 0.445568 -0.049465 0.893881
vn 0.823574 -0.009571 0.567129
vn 0.453174 -0.023240 0.891119
vn 0.823712 0.026613 0.566384
vn 0.448657 0.028307 0.893255
vn 0.818452 0.069008 0.570416
vn 0.445377 0.077405 0.891991
vn 0.799724 0.158835 0.578975
vn 0.431099 0.152494 0.889325
vn 0.779441 0.222486 0.585638
vn 0.422378 0.199198 0.884261
vn -0.910823 -0.073548 -0.406193
vn -0.912033 -0.025199 -0.409341
vn -0.912749 -0.017140 -0.408160
vn -0.913189 -0.000059 -0.407537
vn -0.912759 0.017011 -0.408144
vn -0.910051 0.069458 -0.408635
vn -0.905610 0.119027 -0.407066
vn -0.906473 0.113063 -0.406845
vn -0.908607 -0.113947 -0.401807
vn 0.008637 -0.010266 0.999910
vn 0.014150 -0.008008 0.999868
vn -0.297566 -0.013471 0.954606
vn -0.302052 -0.029204 0.952844
vn -0.312305 -0.039472 0.949161
vn -0.007052 -0.009735 0.999928
vn 0.014762 -0.004733 0.999880
vn -0.297060 -0.007046 0.954833
vn 0.012986 0.000072 0.999916
vn -0.298327 0.000037 0.954464
vn 0.014751 0.004764 0.999880
vn -0.296808 0.007096 0.954911
vn 0.014725 0.007188 0.999866
vn -0.302384 0.019020 0.952996
vn 0.008852 0.009198 0.999919
vn -0.309734 0.036070 0.950139
vn -0.008076 0.009115 0.999926
vn -0.328917 0.040878 0.943474
vn -0.228387 -0.966247 -0.119184
vn -0.223489 -0.968345 -0.111180
vn -0.170646 -0.984546 -0.039367
vn -0.169739 -0.984920 -0.033492
vn -0.149905 0.946603 -0.285431
vn -0.153403 0.952210 -0.264127
vn -0.162286 0.923365 -0.347937
vn -0.164795 0.923032 -0.347642
vn 0.068897 0.014945 -0.997512
vn 0.057595 0.029541 -0.997903
vn 0.333969 0.041644 -0.941664
vn 0.328847 0.019273 -0.944187
vn 0.325051 0.010695 -0.945636
vn 0.083896 0.018315 -0.996306
vn 0.073207 0.049674 -0.996079
vn 0.361247 0.060287 -0.930519
vn 0.096797 -0.001034 -0.995304
vn 0.324538 -0.001162 -0.945872
vn 0.328130 -0.009404 -0.944586
vn 0.097119 -0.003531 -0.995267
vn 0.096115 -0.007504 -0.995342
vn 0.337895 -0.020689 -0.940957
vn 0.339136 -0.043422 -0.939735
vn 0.093808 -0.026708 -0.995232
vn 0.112613 -0.038619 -0.992888
vn 0.362314 -0.052148 -0.930596
vn -0.366033 -0.926218 -0.090219
vn 0.000000 -1.000000 0.000000
vn -0.366033 -0.926218 0.090218
vn -0.370135 0.924488 0.091227
vn 0.000000 1.000000 -0.000002
vn -0.370133 0.924489 -0.091227
vn 0.885918 0.008657 -0.463762
vn 0.885918 -0.008657 -0.463762
vn 0.569612 -0.003940 -0.821904
vn 0.569612 0.003940 -0.821904
vn 0.999946 0.010354 0.000000
vn 0.999946 -0.010354 0.000000
vn 0.122792 0.002752 -0.992429
vn 0.122792 -0.002751 -0.992429
vn 0.884658 0.050065 -0.463545
vn 0.877558 0.135690 -0.459871
vn 0.989645 0.143537 -0.000001
vn 0.998478 0.055156 -0.000000
vn 0.568681 0.035903 -0.821774
vn 0.565302 0.113766 -0.817001
vn 0.121955 0.015814 -0.992410
vn 0.121495 0.082460 -0.989161
vn 0.885918 0.008657 0.463762
vn 0.885918 -0.008657 0.463762
vn 0.877557 0.135689 0.459872
vn 0.884658 0.050065 0.463545
vn 0.569612 0.003940 0.821905
vn 0.569612 -0.003940 0.821905
vn 0.565301 0.113767 0.817002
vn 0.568681 0.035904 0.821775
vn 0.122792 -0.002752 0.992429
vn 0.122792 0.002752 0.992429
vn 0.121496 0.082460 0.989161
vn 0.121955 0.015814 0.992410
vn -0.352588 -0.009906 0.935726
vn -0.352588 0.009906 0.935726
vn -0.352945 0.048799 0.934371
vn -0.353325 -0.005649 0.935484
vn -0.747411 -0.015875 0.664172
vn -0.747411 0.015875 0.664172
vn -0.747719 0.020637 0.663694
vn -0.747661 -0.023527 0.663663
vn -0.970631 -0.019261 0.239801
vn -0.970631 0.019261 0.239801
vn -0.970849 0.004658 0.239647
vn -0.970309 -0.033648 0.239518
vn -0.970631 -0.019261 -0.239800
vn -0.970631 0.019261 -0.239800
vn -0.970849 0.004657 -0.239646
vn -0.970309 -0.033648 -0.239518
vn -0.747412 -0.015875 -0.664171
vn -0.747412 0.015875 -0.664171
vn -0.747720 0.020638 -0.663693
vn -0.747663 -0.023526 -0.663662
vn -0.352588 -0.009906 -0.935726
vn -0.352588 0.009906 -0.935726
vn -0.352946 0.048801 -0.934370
vn -0.353325 -0.005649 -0.935484
vn 0.877557 -0.135689 -0.459872
vn 0.884658 -0.050065 -0.463545
vn 0.998478 -0.055156 -0.000000
vn 0.989645 -0.143537 -0.000000
vn 0.565301 -0.113767 -0.817002
vn 0.568681 -0.035904 -0.821774
vn 0.121496 -0.082461 -0.989161
vn 0.121956 -0.015814 -0.992410
vn -0.352945 -0.048800 -0.934371
vn -0.353324 0.005649 -0.935484
vn -0.747721 -0.020637 -0.663693
vn -0.747662 0.023526 -0.663663
vn -0.970849 -0.004658 -0.239647
vn -0.970309 0.033648 -0.239518
vn -0.970849 -0.004658 0.239647
vn -0.970309 0.033648 0.239518
vn -0.747721 -0.020638 0.663693
vn -0.747661 0.023526 0.663663
vn -0.352946 -0.048800 0.934370
vn -0.353325 0.005649 0.935484
vn 0.121495 -0.082461 0.989161
vn 0.121955 -0.015814 0.992410
vn 0.565300 -0.113768 0.817002
vn 0.568680 -0.035904 0.821775
vn 0.877557 -0.135689 0.459872
vn 0.884658 -0.050065 0.463545
vn 0.816899 -0.380520 -0.433451
vn 0.522956 -0.363838 -0.770804
vn 0.104226 -0.340009 -0.934629
vn -0.344855 -0.314376 -0.884445
vn -0.719871 -0.292914 -0.629276
vn -0.932448 -0.280726 -0.227450
vn -0.932448 -0.280726 0.227451
vn -0.719871 -0.292912 0.629276
vn -0.344855 -0.314375 0.884445
vn 0.104225 -0.340008 0.934629
vn 0.522956 -0.363836 0.770805
vn 0.816900 -0.380520 0.433451
vn 0.922293 -0.386492 0.000000
vn 0.817199 0.379713 -0.433594
vn 0.922635 0.385674 -0.000001
vn 0.817198 0.379711 0.433597
vn 0.523146 0.363057 0.771043
vn 0.104285 0.339273 0.934890
vn -0.344913 0.313694 0.884665
vn -0.720005 0.292278 0.629418
vn -0.932619 0.280120 0.227498
vn -0.932619 0.280119 -0.227498
vn -0.720003 0.292280 -0.629419
vn -0.344915 0.313694 -0.884664
vn 0.104280 0.339274 -0.934890
vn 0.523146 0.363059 -0.771043
vn 0.376988 -0.926218 -0.000000
vn 0.333805 -0.926218 -0.175196
vn 0.333805 -0.926219 0.175195
vn 0.214153 -0.926218 0.310255
vn 0.045440 -0.926219 0.374239
vn -0.133681 -0.926218 0.352489
vn -0.282179 -0.926218 0.249990
vn -0.282179 -0.926218 -0.249989
vn -0.133681 -0.926219 -0.352489
vn 0.045441 -0.926219 -0.374238
vn 0.214153 -0.926218 -0.310255
vn 0.337543 0.924489 -0.177160
vn 0.381212 0.924488 -0.000000
vn 0.216553 0.924488 -0.313729
vn 0.045951 0.924488 -0.378432
vn -0.135180 0.924488 -0.356437
vn -0.285339 0.924488 -0.252791
vn -0.285343 0.924489 0.252785
vn -0.135180 0.924489 0.356436
vn 0.045954 0.924489 0.378429
vn 0.216553 0.924489 0.313727
vn 0.337543 0.924488 0.177160
vn -0.000095 0.000013 -1.000000
vn -0.001682 -0.000048 -0.999999
vn -0.001661 -0.000045 -0.999999
vn 0.000025 0.000015 -1.000000
vn -0.000113 0.000017 -1.000000
vn -0.001771 -0.000028 -0.999998
vn -0.001729 -0.000038 -0.999999
vn -0.000104 0.000015 -1.000000
vn -0.000004 -0.000193 -1.000000
vn -0.001683 0.000055 -0.999999
vn -0.001768 0.000014 -0.999999
vn -0.000078 -0.000089 -1.000000
vn -0.000012 0.000239 -1.000000
vn -0.001651 0.000019 -0.999999
vn -0.001543 0.000034 -0.999999
vn 0.000074 0.000016 -1.000000
vn 0.000070 -0.000204 -1.000000
vn 0.000367 0.000012 -1.000000
vn 0.000159 0.000021 -1.000000
vn 0.000226 -0.000014 -1.000000
vn -0.987481 0.000327 -0.157740
vn -0.987230 0.001462 -0.159294
vn -0.846270 -0.002699 0.532748
vn -0.847059 0.000042 0.531500
vn -0.987378 0.002758 -0.158355
vn -0.987156 -0.000748 -0.159759
vn -0.846444 0.002859 0.532469
vn -0.843303 0.004668 0.537418
vn -0.041165 -0.004734 -0.999141
vn -0.041893 -0.004396 -0.999112
vn -0.007142 -0.005080 -0.999962
vn -0.006654 -0.005179 -0.999965
vn -0.042295 -0.002492 -0.999102
vn -0.008034 -0.003295 -0.999962
vn -0.007748 -0.004186 -0.999961
vn -0.042567 -0.003442 -0.999088
vn -0.043246 -0.001149 -0.999064
vn -0.001330 0.005739 -0.999983
vn -0.008390 -0.003517 -0.999959
vn -0.042430 -0.001832 -0.999098
vn -0.000123 -0.000003 -1.000000
vn 0.000622 0.000014 -1.000000
vn 0.000535 0.000013 -1.000000
vn -0.000112 -0.000002 -1.000000
vn -0.000126 -0.000003 -1.000000
vn -0.000129 -0.000002 -1.000000
vn 0.000658 0.000012 -1.000000
vn 0.000640 0.000013 -1.000000
vn 0.000122 0.000199 -1.000000
vn 0.000313 -0.000001 -1.000000
vn 0.000585 0.000004 -1.000000
vn -0.000069 0.000098 -1.000000
vn -0.040235 -0.005071 -0.999177
vn -0.006062 -0.005279 -0.999968
vn -0.006093 -0.005273 -0.999968
vn -0.040372 -0.005057 -0.999172
vn -0.987619 -0.001592 -0.156861
vn -0.984383 -0.008324 -0.175842
vn -0.837922 -0.012988 0.545635
vn -0.843024 -0.004606 0.537856
vn -0.982204 -0.015412 -0.187182
vn -0.987751 -0.004215 -0.155982
vn -0.839583 0.012726 0.543082
vn -0.834455 0.017754 0.550790
vn 0.601244 -0.042018 -0.797960
vn 0.356479 -0.024886 -0.933972
vn 0.351611 -0.015339 -0.936021
vn 0.595600 -0.024353 -0.802912
vn 0.593625 -0.007971 -0.804702
vn 0.343349 -0.006966 -0.939182
vn 0.340902 -0.007796 -0.940067
vn 0.591662 -0.008793 -0.806139
vn 0.591606 -0.009767 -0.806168
vn 0.338654 -0.008232 -0.940875
vn 0.340873 -0.008726 -0.940069
vn 0.593003 -0.010770 -0.805128
vn 0.596296 -0.011460 -0.802683
vn 0.343435 -0.009617 -0.939127
vn 0.342539 0.037289 -0.938763
vn 0.595861 0.020390 -0.802829
vn -0.598261 -0.010381 0.801234
vn -0.593255 -0.015792 0.804860
vn -0.332209 -0.011939 0.943130
vn -0.331340 -0.010145 0.943457
vn -0.598896 0.000011 0.800827
vn -0.597866 -0.005234 0.801579
vn -0.326688 -0.005363 0.945117
vn -0.325146 0.000051 0.945664
vn -0.598301 0.010279 0.801205
vn -0.597832 0.005315 0.801604
vn -0.326430 0.005448 0.945206
vn -0.331669 0.009595 0.943347
vn -0.578253 0.014629 0.815727
vn -0.593659 0.014848 0.804580
vn -0.332379 0.010385 0.943089
vn -0.308445 0.007222 0.951215
vn 0.832832 -0.019265 -0.553191
vn 0.838566 -0.031216 -0.543906
vn 0.842708 -0.007386 -0.538321
vn 0.840654 -0.006586 -0.541533
vn 0.845790 -0.010098 -0.533421
vn 0.844463 -0.008805 -0.535542
vn 0.847593 0.002135 -0.530643
vn 0.848870 -0.010366 -0.528500
vn 0.080178 -0.005640 -0.996765
vn 0.079791 -0.005616 -0.996796
vn 0.075932 -0.005946 -0.997095
vn 0.077510 -0.005791 -0.996975
vn 0.075136 -0.005135 -0.997160
vn 0.074497 -0.005528 -0.997206
vn 0.091462 0.031545 -0.995309
vn 0.075858 -0.005557 -0.997103
vn -0.023340 -0.002107 -0.999725
vn -0.008381 -0.000904 -0.999964
vn -0.008750 -0.000927 -0.999961
vn -0.024085 -0.002143 -0.999708
vn -0.024636 -0.001981 -0.999695
vn -0.009143 -0.000866 -0.999958
vn -0.009549 -0.000806 -0.999954
vn -0.025250 -0.001821 -0.999680
vn -0.025679 -0.002029 -0.999668
vn -0.009892 -0.001297 -0.999950
vn -0.010236 -0.001787 -0.999946
vn -0.026358 -0.002231 -0.999650
vn -0.026721 -0.000474 -0.999643
vn -0.010430 -0.000252 -0.999946
vn -0.010619 0.001279 -0.999943
vn -0.026940 0.001275 -0.999636
vn -0.047496 -0.003977 -0.998864
vn -0.046778 -0.003938 -0.998898
vn -0.049070 -0.003289 -0.998790
vn -0.048264 -0.003634 -0.998828
vn -0.050003 -0.002404 -0.998746
vn -0.049538 -0.002849 -0.998768
vn -0.050925 0.000940 -0.998702
vn -0.050324 -0.000737 -0.998733
vn -0.003159 -0.000285 -0.999995
vn -0.002987 -0.000273 -0.999996
vn -0.003514 -0.000236 -0.999994
vn -0.003336 -0.000260 -0.999994
vn -0.004652 -0.000671 -0.999989
vn -0.003864 -0.000453 -0.999992
vn -0.004797 0.000637 -0.999988
vn -0.005167 0.000005 -0.999987
vn 0.000000 -0.000000 -1.000000
vn 0.000000 -0.000000 -1.000000
vn 0.000000 -0.000000 -1.000000
vn 0.000000 -0.000000 -1.000000
vn 0.000000 0.000000 -1.000000
vn 0.000000 0.000000 -1.000000
vn 0.000000 -0.000000 -1.000000
vn 0.000000 -0.000000 -1.000000
vn 0.000000 0.000000 -1.000000
vn -0.000000 0.000000 -1.000000
vn 0.000000 0.000000 -1.000000
vn 0.000000 0.000000 -1.000000
vn -0.000000 -0.000000 -1.000000
vn -0.000000 -0.000000 -1.000000
vn 0.000000 -0.000000 -1.000000
vn 0.000000 -0.000000 -1.000000
vn -0.391589 -0.034655 -0.919487
vn -0.196169 -0.029432 -0.980128
vn -0.219438 -0.015789 -0.975499
vn -0.426296 -0.014117 -0.904474
vn -0.429371 0.001787 -0.903127
vn -0.217000 -0.000151 -0.976172
vn -0.215297 -0.005711 -0.976532
vn -0.423085 -0.006236 -0.906069
vn -0.212026 -0.000091 -0.977264
vn -0.420394 -0.000017 -0.907342
vn -0.214954 0.005928 -0.976606
vn -0.422715 0.006537 -0.906239
vn -0.427215 -0.001834 -0.904148
vn -0.215813 -0.001336 -0.976434
vn -0.212548 0.026945 -0.976779
vn -0.429157 0.015019 -0.903105
vn 0.103859 0.000160 -0.994592
vn 0.106445 -0.013806 -0.994223
vn 0.106679 -0.001438 -0.994293
vn 0.111580 0.008095 -0.993722
vn 0.106889 0.001553 -0.994270
vn 0.109228 -0.000097 -0.994017
vn 0.117982 0.020354 -0.992807
vn 0.108563 -0.005703 -0.994073
vn -0.000000 0.000000 -1.000000
vn -0.000000 0.000000 -1.000000
vn 0.000478 -0.000017 -1.000000
vn -0.000045 -0.000188 -1.000000
vn 0.000095 0.000251 -1.000000
vn -0.001723 0.000024 -0.999999
vn -0.004246 0.000587 -0.999991
vn -0.010557 0.001287 -0.999943
vn -0.026571 0.001274 -0.999646
vn -0.050993 0.000966 -0.998699
vn -0.044350 -0.001090 -0.999015
vn 0.005287 0.014847 -0.999876
vn 0.109498 0.070100 -0.991512
vn 0.364299 0.085121 -0.927384
vn 0.599127 0.052516 -0.798930
vn 0.858940 0.013407 -0.511901
vn -0.979743 -0.013671 -0.199792
vn -0.831177 -0.018347 0.555706
vn -0.578908 -0.016348 0.815229
vn -0.309894 -0.008985 0.950729
vn -0.183572 0.060394 -0.981149
vn 0.134674 0.049427 -0.989657
vn -0.411492 0.045364 -0.910284
vn 0.000095 -0.000013 1.000000
vn -0.000025 -0.000015 1.000000
vn 0.001661 0.000045 0.999999
vn 0.001682 0.000048 0.999999
vn 0.000113 -0.000017 1.000000
vn 0.000104 -0.000015 1.000000
vn 0.001729 0.000038 0.999999
vn 0.001771 0.000028 0.999998
vn 0.000004 0.000193 1.000000
vn 0.000078 0.000089 1.000000
vn 0.001768 -0.000014 0.999998
vn 0.001683 -0.000055 0.999999
vn 0.000012 -0.000239 1.000000
vn -0.000074 -0.000016 1.000000
vn 0.001544 -0.000034 0.999999
vn 0.001651 -0.000019 0.999999
vn -0.000070 0.000204 1.000000
vn -0.000226 0.000014 1.000000
vn -0.000159 -0.000021 1.000000
vn -0.000367 -0.000013 1.000000
vn 0.063121 0.005124 0.997993
vn 0.048291 0.005871 0.998816
vn 0.048691 0.005449 0.998799
vn 0.063897 0.004615 0.997946
vn 0.064336 0.001998 0.997926
vn 0.064311 0.003307 0.997925
vn 0.049088 0.003573 0.998788
vn 0.044560 -0.003967 0.998999
vn 0.065276 0.000283 0.997867
vn 0.064394 0.001152 0.997924
vn 0.033752 -0.007108 0.999405
vn 0.021049 -0.005528 0.999763
vn 0.000123 0.000003 1.000000
vn 0.000112 0.000003 1.000000
vn -0.000535 -0.000012 1.000000
vn -0.000622 -0.000014 1.000000
vn 0.000126 0.000003 1.000000
vn -0.000640 -0.000013 1.000000
vn -0.000658 -0.000012 1.000000
vn 0.000129 0.000002 1.000000
vn -0.000122 -0.000199 1.000000
vn 0.000069 -0.000098 1.000000
vn -0.000585 -0.000004 1.000000
vn -0.000313 0.000002 1.000000
vn 0.062346 0.005629 0.998039
vn 0.061790 0.005597 0.998073
vn 0.047963 0.006286 0.998829
vn 0.047700 0.006286 0.998842
vn -0.079973 0.012151 0.996723
vn -0.076445 0.010014 0.997024
vn -0.072232 0.006517 0.997367
vn -0.071279 0.005139 0.997443
vn -0.070699 0.003893 0.997490
vn -0.078894 -0.021294 0.996656
vn -0.094411 -0.022997 0.995268
vn -0.103815 -0.016418 0.994461
vn 0.023348 0.002107 0.999725
vn 0.024092 0.002144 0.999707
vn 0.008753 0.000928 0.999961
vn 0.008384 0.000905 0.999964
vn 0.024643 0.001981 0.999694
vn 0.025257 0.001821 0.999679
vn 0.009551 0.000806 0.999954
vn 0.009146 0.000867 0.999958
vn 0.025686 0.002029 0.999668
vn 0.026365 0.002231 0.999650
vn 0.010239 0.001788 0.999946
vn 0.009894 0.001297 0.999950
vn 0.026729 0.000474 0.999643
vn 0.026948 -0.001275 0.999636
vn 0.010622 -0.001278 0.999943
vn 0.010433 0.000253 0.999946
vn 0.046774 0.003937 0.998898
vn 0.047491 0.003976 0.998864
vn 0.048258 0.003633 0.998828
vn 0.049065 0.003288 0.998790
vn 0.049532 0.002849 0.998769
vn 0.049998 0.002404 0.998746
vn 0.050320 0.000736 0.998733
vn 0.050920 -0.000940 0.998702
vn 0.002987 0.000273 0.999996
vn 0.003160 0.000285 0.999995
vn 0.003337 0.000260 0.999994
vn 0.003514 0.000236 0.999994
vn 0.003864 0.000453 0.999992
vn 0.004652 0.000671 0.999989
vn 0.005168 -0.000005 0.999987
vn 0.004798 -0.000637 0.999988
vn -0.000000 0.000000 1.000000
vn 0.000000 0.000000 1.000000
vn -0.000000 0.000000 1.000000
vn -0.000000 0.000000 1.000000
vn 0.000000 0.000000 1.000000
vn -0.000000 0.000000 1.000000
vn -0.000000 0.000000 1.000000
vn 0.000000 0.000000 1.000000
vn 0.000000 0.000000 1.000000
vn 0.000000 0.000000 1.000000
vn -0.000000 0.000000 1.000000
vn 0.000000 0.000000 1.000000
vn 0.000000 0.000000 1.000000
vn 0.000000 0.000000 1.000000
vn 0.000000 0.000000 1.000000
vn 0.000000 0.000000 1.000000
vn -0.376346 -0.028160 0.926051
vn -0.359854 -0.025835 0.932651
vn -0.387115 0.007567 0.922001
vn -0.380718 -0.039285 0.923856
vn -0.378945 0.006984 0.925393
vn -0.368644 0.009090 0.929526
vn -0.523096 -0.020791 0.852020
vn -0.375285 0.001967 0.926908
vn 0.431229 -0.083888 0.898334
vn 0.456428 -0.068844 0.887093
vn 0.269486 -0.093275 0.958477
vn 0.252542 -0.122005 0.959863
vn 0.468396 -0.051598 0.882010
vn 0.473445 -0.028575 0.880360
vn 0.263138 -0.046382 0.963643
vn 0.263565 -0.060632 0.962734
vn 0.480232 0.000171 0.877142
vn 0.268090 -0.012564 0.963312
vn 0.484235 0.030370 0.874411
vn 0.281318 0.032196 0.959074
vn 0.482710 0.053410 0.874150
vn 0.472871 0.063167 0.878865
vn 0.288411 0.090331 0.953236
vn 0.287167 0.064400 0.955713
vn -0.048829 -0.123059 0.991197
vn -0.055840 -0.159225 0.985662
vn -0.070246 -0.055516 0.995984
vn -0.067515 -0.068520 0.995363
vn -0.061972 0.029009 0.997656
vn -0.072579 -0.024304 0.997067
vn -0.046294 0.124966 0.991080
vn -0.056384 0.072404 0.995780
vn 0.000000 0.000000 1.000000
vn 0.000000 0.000000 1.000000
vn -0.000478 0.000017 1.000000
vn 0.000045 0.000188 1.000000
vn -0.000095 -0.000251 1.000000
vn 0.001724 -0.000024 0.999999
vn 0.004247 -0.000588 0.999991
vn 0.010560 -0.001287 0.999943
vn 0.026580 -0.001273 0.999646
vn 0.050989 -0.000967 0.998699
vn 0.065807 0.000246 0.997832
vn 0.015805 -0.006184 0.999856
vn -0.110766 -0.037564 0.993136
vn -0.399998 -0.038962 0.915688
vn 0.268134 0.108952 0.957201
vn -0.053299 0.157882 0.986019
vn 0.453790 0.071075 0.888270
vn 0.113760 -0.993508 -0.000064
vn 0.121480 -0.992594 -0.000009
vn 0.121479 -0.992594 -0.000009
vn 0.113776 -0.993506 -0.000064
vn 0.152235 -0.988344 0.000021
vn 0.163919 -0.986474 0.000013
vn 0.163919 -0.986474 0.000013
vn 0.152237 -0.988344 0.000021
vn 0.060619 -0.998161 0.000782
vn 0.070547 -0.997508 -0.000107
vn 0.070440 -0.997516 -0.000099
vn 0.060628 -0.998160 0.000781
vn -0.066746 -0.995905 0.060983
vn -0.074639 -0.982641 0.169841
vn -0.095199 -0.995153 -0.024643
vn -0.066829 -0.994913 0.075377
vn 0.170602 -0.965106 -0.198658
vn 0.131662 -0.968795 -0.210005
vn 0.072910 -0.977529 -0.197793
vn 0.169150 -0.963365 -0.208126
vn 0.238776 -0.957731 -0.160430
vn 0.138391 -0.984609 -0.106740
vn 0.094578 -0.992086 -0.082583
vn 0.229473 -0.960755 -0.155861
vn 0.178938 -0.970056 -0.164234
vn 0.190076 -0.972766 -0.132656
vn 0.043036 -0.993558 -0.104836
vn 0.044379 -0.994641 -0.093378
vn 0.081855 -0.996644 -0.000193
vn 0.082510 -0.996590 -0.000059
vn 0.082556 -0.996586 -0.000060
vn 0.081693 -0.996658 -0.000193
vn 0.072408 -0.997375 -0.000299
vn 0.072466 -0.997371 -0.000302
vn 0.102033 -0.994781 -0.000020
vn 0.101981 -0.994786 -0.000019
vn 0.178200 -0.983994 -0.000003
vn 0.184388 -0.982853 0.000000
vn 0.184388 -0.982854 0.000000
vn 0.178201 -0.983994 -0.000003
vn -1.000000 0.000000 0.000000
vn -1.000000 0.000000 0.000000
vn -1.000000 0.000000 0.000000
vn -1.000000 0.000000 0.000000
vn -1.000000 0.000000 0.000000
vn -1.000000 0.000000 0.000000
vn -1.000000 0.000000 0.000000
vn -1.000000 0.000000 0.000000
vn -1.000000 0.000000 0.000000
vn -1.000000 0.000000 0.000000
vn -1.000000 0.000000 0.000000
vn -1.000000 0.000000 0.000000
vn -1.000000 0.000000 0.000000
vn -1.000000 0.000000 0.000000
vn -1.000000 0.000000 0.000000
vn -1.000000 0.000000 0.000000
vn 0.084518 -0.895584 -0.436791
vn 0.172853 -0.974958 -0.139924
vn 0.172856 -0.974911 -0.140250
vn 0.122097 -0.922120 -0.367134
vn 0.117044 -0.992587 0.032750
vn 0.130194 -0.991102 0.027678
vn -1.000000 0.000000 0.000000
vn -1.000000 0.000000 0.000000
vn 0.184394 0.982852 -0.000018
vn 0.178206 0.983993 -0.000035
vn 0.178206 0.983993 -0.000035
vn 0.184394 0.982852 -0.000018
vn 0.163919 0.986474 -0.000019
vn 0.152218 0.988347 0.000034
vn 0.152222 0.988346 0.000034
vn 0.163918 0.986474 -0.000019
vn 0.121484 0.992593 0.000035
vn 0.121481 0.992594 0.000035
vn 0.114054 0.993475 -0.000041
vn 0.114072 0.993473 -0.000041
vn 0.102111 0.994773 -0.000015
vn 0.102045 0.994780 -0.000015
vn 0.082397 0.996600 -0.000196
vn 0.082461 0.996594 -0.000198
vn 0.082064 0.996627 -0.000720
vn 0.081878 0.996642 -0.000725
vn 0.072716 0.997351 -0.001562
vn 0.072781 0.997347 -0.001580
vn 0.070735 0.997493 -0.002278
vn 0.070609 0.997501 -0.002283
vn 0.059324 0.998234 -0.003084
vn 0.059577 0.998219 -0.003059
vn 0.044779 0.992504 -0.113713
vn 0.046663 0.994862 -0.089845
vn 0.126970 0.962013 -0.241680
vn 0.084111 0.971929 -0.219725
vn 0.153284 0.973611 -0.169071
vn 0.165039 0.960254 -0.225111
vn 0.116746 0.987900 -0.102097
vn 0.121142 0.987549 -0.100360
vn -0.057508 0.996640 -0.058326
vn -0.052318 0.987619 0.147891
vn 0.013885 0.999769 0.016380
vn 0.031357 0.999411 -0.013977
vn 0.131973 0.987272 -0.088757
vn 0.128142 0.987955 -0.086749
vn 0.181883 0.958934 -0.217634
vn 0.181775 0.963978 -0.194179
vn 0.192785 0.980949 -0.023933
vn 0.187662 0.962982 -0.193515
vn 0.191188 0.964294 -0.183258
vn 0.193887 0.980682 -0.025893
vn 0.071105 0.970831 -0.228977
vn 0.111068 0.961494 -0.251383
vn -0.071352 0.992104 -0.103140
vn -0.108414 -0.991208 -0.075849
vn -0.011546 0.983845 -0.178649
vn -0.049717 0.987614 -0.148816
vn -0.591467 -0.037997 -0.805434
vn -0.603878 -0.014693 -0.796941
vn -0.614771 0.006076 -0.788682
vn -0.614169 -0.003704 -0.789166
vn -0.612292 0.000260 -0.790632
vn -0.613562 0.004333 -0.789635
vn -0.613790 -0.004242 -0.789458
vn -0.618097 -0.000742 -0.786102
vn -0.618726 0.010118 -0.785541
vn 0.900107 -0.024541 0.434976
vn 0.914070 -0.020069 0.405059
vn 0.690060 -0.044720 0.722369
vn 0.651117 -0.048296 0.757439
vn 0.929346 -0.010157 0.369070
vn 0.715519 -0.032652 0.697830
vn 0.930615 -0.000240 0.365998
vn 0.720060 -0.010200 0.693836
vn 0.929091 0.002523 0.369842
vn 0.719867 0.005763 0.694088
vn 0.929470 0.004245 0.368874
vn 0.716143 0.019267 0.697687
vn 0.927848 0.011669 0.372776
vn 0.710830 0.034165 0.702533
vn 0.913245 0.020412 0.406900
vn 0.693740 0.040597 0.719080
vn 0.899703 0.025261 0.435771
vn 0.669306 0.043234 0.741728
vn -0.066032 -0.964724 -0.254849
vn 0.007202 -0.882191 -0.470837
vn 0.970826 -0.001443 -0.239781
vn 0.969432 -0.001205 -0.245356
vn 0.973908 -0.002208 -0.226934
vn 0.977085 -0.003859 -0.212813
vn 0.979444 -0.005597 -0.201638
vn 0.981420 -0.006926 -0.191746
vn 0.983257 -0.007482 -0.182071
vn 0.985721 -0.009298 -0.168128
vn 0.987310 -0.011243 -0.158406
vn 0.072327 0.990201 -0.119463
vn 0.072327 0.990201 -0.119463
vn 0.201197 -0.974398 -0.100347
vn 0.201197 -0.974397 -0.100347
vn 0.165823 -0.983430 -0.073270
vn 0.137317 -0.984462 -0.109450
vn 0.139115 -0.984334 -0.108319
vn 0.163046 -0.983095 -0.083305
vn 0.910281 0.135306 0.391256
vn 0.721030 0.100198 0.685621
vn 0.701383 0.093465 0.706630
vn 0.900241 0.130704 0.415311
vn 0.694092 0.050032 0.718146
vn 0.902966 0.072620 0.423532
vn 0.685979 0.013596 0.727494
vn 0.903644 0.018136 0.427901
vn 0.686656 0.000009 0.726982
vn 0.903688 -0.000014 0.428192
vn 0.686282 -0.013641 0.727208
vn 0.903571 -0.018192 0.428052
vn 0.686314 -0.021521 0.726987
vn 0.903212 -0.026209 0.428393
vn 0.689173 -0.061678 0.721967
vn 0.900520 -0.082851 0.426849
vn 0.693264 -0.095943 0.714269
vn 0.901250 -0.133073 0.412359
vn 0.165532 0.981567 -0.095531
vn 0.175925 0.975472 -0.132308
vn 0.179235 0.977159 -0.114170
vn 0.170711 0.981203 -0.089990
vn -0.698112 -0.096158 -0.709502
vn -0.918547 -0.140023 -0.369683
vn -0.910786 -0.137332 -0.389369
vn -0.677534 -0.090426 -0.729912
vn -0.916386 -0.078034 -0.392616
vn -0.670362 -0.051401 -0.740252
vn -0.917276 -0.022883 -0.397595
vn -0.660506 -0.018601 -0.750591
vn -0.916590 -0.001621 -0.399824
vn -0.657901 -0.001668 -0.753103
vn -0.915725 0.020700 -0.401273
vn -0.657927 0.016975 -0.752890
vn -0.915831 0.051012 -0.398310
vn -0.663781 0.035807 -0.747069
vn -0.910200 0.137369 -0.390724
vn -0.673895 0.090263 -0.733292
vn -0.903602 0.197077 -0.380348
vn -0.684211 0.130759 -0.717466
vn 0.969379 0.147878 0.196050
vn 0.969120 0.145782 0.198882
vn 0.976148 0.085380 0.199612
vn 0.980459 0.019907 0.195714
vn 0.980654 -0.000028 0.195747
vn 0.980467 -0.019836 0.195682
vn 0.980477 -0.028056 0.194623
vn 0.975729 -0.096996 0.196327
vn 0.969174 -0.146687 0.197952
vn -0.978708 -0.160980 0.127345
vn -0.980510 -0.160428 0.113414
vn -0.989704 -0.090337 0.111023
vn -0.993395 -0.023647 0.112285
vn -0.994096 -0.001060 0.108500
vn -0.993443 0.023516 0.111886
vn -0.992026 0.060098 0.110779
vn -0.980763 0.157996 0.114638
vn -0.965772 0.227746 0.124158
vn 0.096676 -0.992470 -0.075208
vn 0.094567 -0.993126 -0.068982
vn 0.120656 0.990090 -0.071854
vn 0.119800 0.990319 -0.070120
vn 0.063246 -0.997937 -0.011026
vn 0.070698 -0.997258 0.021866
vn 0.065157 -0.997791 0.012989
vn 0.063936 -0.997891 -0.011228
vn 0.444192 0.019916 -0.895710
vn 0.765254 0.075901 -0.639238
vn 0.771143 0.088295 -0.630510
vn 0.455776 0.036270 -0.889355
vn 0.771993 0.055897 -0.633168
vn 0.461571 0.029553 -0.886611
vn 0.768427 0.013211 -0.639801
vn 0.454921 0.005825 -0.890513
vn 0.769621 -0.000064 -0.638501
vn 0.457129 -0.000073 -0.889401
vn 0.768213 -0.013258 -0.640058
vn 0.454774 -0.005785 -0.890588
vn 0.768086 -0.021285 -0.639993
vn 0.455334 -0.013508 -0.890218
vn 0.776473 -0.051009 -0.628083
vn 0.464495 -0.009267 -0.885527
vn 0.762834 -0.065831 -0.643234
vn 0.457960 0.003973 -0.888964
vn 0.118541 0.992899 0.009985
vn 0.082734 0.996438 -0.016318
vn 0.079135 0.996760 -0.014415
vn 0.118523 0.992901 0.009978
vn -0.783797 -0.167711 0.597943
vn -0.422109 -0.173713 0.889746
vn -0.419214 -0.148920 0.895591
vn -0.788116 -0.161025 0.594091
vn -0.440361 -0.082017 0.894067
vn -0.806753 -0.089658 0.584048
vn -0.445568 -0.049465 0.893881
vn -0.816857 -0.032677 0.575914
vn -0.453174 -0.023240 0.891119
vn -0.823574 -0.009571 0.567129
vn -0.448657 0.028307 0.893255
vn -0.823712 0.026613 0.566384
vn -0.445377 0.077405 0.891991
vn -0.818452 0.069009 0.570416
vn -0.431099 0.152495 0.889325
vn -0.799724 0.158835 0.578975
vn -0.422378 0.199198 0.884261
vn -0.779441 0.222486 0.585638
vn 0.912033 -0.025199 -0.409341
vn 0.910823 -0.073548 -0.406193
vn 0.913189 -0.000059 -0.407537
vn 0.912750 -0.017140 -0.408160
vn 0.910051 0.069458 -0.408635
vn 0.912759 0.017011 -0.408144
vn 0.906473 0.113063 -0.406845
vn 0.905610 0.119027 -0.407066
vn 0.908607 -0.113948 -0.401807
vn -0.008637 -0.010266 0.999910
vn 0.302052 -0.029204 0.952844
vn 0.297566 -0.013471 0.954606
vn -0.014150 -0.008008 0.999868
vn 0.007052 -0.009735 0.999928
vn 0.312305 -0.039472 0.949161
vn 0.297060 -0.007046 0.954833
vn -0.014762 -0.004733 0.999880
vn 0.298327 0.000036 0.954464
vn -0.012986 0.000072 0.999916
vn 0.296808 0.007096 0.954911
vn -0.014751 0.004764 0.999880
vn 0.302384 0.019020 0.952996
vn -0.014725 0.007188 0.999866
vn 0.309734 0.036070 0.950139
vn -0.008852 0.009198 0.999919
vn 0.328918 0.040878 0.943474
vn 0.008076 0.009115 0.999926
vn 0.228387 -0.966247 -0.119187
vn 0.169738 -0.984920 -0.033495
vn 0.170645 -0.984546 -0.039369
vn 0.223488 -0.968345 -0.111182
vn 0.149906 0.946605 -0.285426
vn 0.164795 0.923034 -0.347637
vn 0.162287 0.923367 -0.347931
vn 0.153405 0.952211 -0.264122
vn -0.068897 0.014945 -0.997512
vn -0.328847 0.019273 -0.944187
vn -0.333969 0.041644 -0.941664
vn -0.057595 0.029541 -0.997903
vn -0.083896 0.018315 -0.996306
vn -0.325051 0.010695 -0.945636
vn -0.361247 0.060287 -0.930519
vn -0.073207 0.049674 -0.996079
vn -0.096797 -0.001034 -0.995304
vn -0.324538 -0.001162 -0.945872
vn -0.097119 -0.003531 -0.995267
vn -0.328130 -0.009404 -0.944586
vn -0.096115 -0.007504 -0.995342
vn -0.337895 -0.020689 -0.940956
vn -0.093809 -0.026708 -0.995232
vn -0.339136 -0.043422 -0.939735
vn -0.112613 -0.038619 -0.992888
vn -0.362314 -0.052148 -0.930596
vn 0.366033 -0.926218 -0.090218
vn 0.366033 -0.926218 0.090218
vn 0.000000 -1.000000 -0.000000
vn 0.370134 0.924488 0.091228
vn 0.370133 0.924489 -0.091227
vn -0.000000 1.000000 -0.000001
vn -0.885918 0.008657 -0.463762
vn -0.569612 0.003940 -0.821904
vn -0.569612 -0.003940 -0.821904
vn -0.885918 -0.008657 -0.463762
vn -0.999946 -0.010354 0.000000
vn -0.999946 0.010354 0.000000
vn -0.122792 -0.002751 -0.992429
vn -0.122792 0.002751 -0.992429
vn -0.884658 0.050064 -0.463545
vn -0.998478 0.055156 -0.000000
vn -0.989645 0.143537 -0.000000
vn -0.877557 0.135689 -0.459871
vn -0.565301 0.113766 -0.817002
vn -0.568681 0.035903 -0.821774
vn -0.121495 0.082460 -0.989161
vn -0.121955 0.015814 -0.992410
vn -0.885918 -0.008657 0.463762
vn -0.885918 0.008657 0.463762
vn -0.884658 0.050065 0.463545
vn -0.877557 0.135690 0.459872
vn -0.569612 -0.003940 0.821904
vn -0.569612 0.003939 0.821905
vn -0.568680 0.035904 0.821775
vn -0.565301 0.113767 0.817002
vn -0.122792 0.002752 0.992429
vn -0.122792 -0.002752 0.992429
vn -0.121955 0.015814 0.992410
vn -0.121496 0.082460 0.989161
vn 0.352588 0.009906 0.935726
vn 0.352588 -0.009906 0.935726
vn 0.353325 -0.005649 0.935484
vn 0.352945 0.048799 0.934371
vn 0.747411 0.015875 0.664172
vn 0.747411 -0.015875 0.664172
vn 0.747661 -0.023526 0.663663
vn 0.747720 0.020637 0.663694
vn 0.970631 0.019261 0.239801
vn 0.970631 -0.019261 0.239801
vn 0.970309 -0.033648 0.239518
vn 0.970849 0.004658 0.239647
vn 0.970631 0.019261 -0.239800
vn 0.970631 -0.019261 -0.239800
vn 0.970309 -0.033648 -0.239518
vn 0.970849 0.004658 -0.239646
vn 0.747412 0.015875 -0.664171
vn 0.747412 -0.015875 -0.664171
vn 0.747663 -0.023527 -0.663662
vn 0.747720 0.020638 -0.663693
vn 0.352588 0.009906 -0.935726
vn 0.352588 -0.009906 -0.935726
vn 0.353325 -0.005649 -0.935484
vn 0.352946 0.048800 -0.934370
vn -0.877557 -0.135689 -0.459872
vn -0.989645 -0.143537 -0.000000
vn -0.998478 -0.055156 -0.000000
vn -0.884658 -0.050065 -0.463545
vn -0.568681 -0.035904 -0.821774
vn -0.565301 -0.113767 -0.817002
vn -0.121955 -0.015814 -0.992410
vn -0.121496 -0.082461 -0.989161
vn 0.353324 0.005649 -0.935484
vn 0.352945 -0.048800 -0.934371
vn 0.747662 0.023526 -0.663663
vn 0.747721 -0.020637 -0.663693
vn 0.970309 0.033648 -0.239518
vn 0.970849 -0.004658 -0.239647
vn 0.970309 0.033648 0.239518
vn 0.970849 -0.004658 0.239646
vn 0.747662 0.023527 0.663663
vn 0.747721 -0.020638 0.663693
vn 0.353325 0.005649 0.935484
vn 0.352946 -0.048800 0.934370
vn -0.121955 -0.015814 0.992410
vn -0.121495 -0.082461 0.989161
vn -0.568681 -0.035904 0.821775
vn -0.565301 -0.113767 0.817002
vn -0.884658 -0.050065 0.463545
vn -0.877557 -0.135689 0.459872
vn -0.816899 -0.380521 -0.433451
vn -0.522956 -0.363838 -0.770804
vn -0.104226 -0.340009 -0.934629
vn 0.344855 -0.314376 -0.884445
vn 0.719871 -0.292914 -0.629276
vn 0.932448 -0.280726 -0.227450
vn 0.932448 -0.280726 0.227450
vn 0.719870 -0.292913 0.629276
vn 0.344855 -0.314375 0.884445
vn -0.104225 -0.340008 0.934629
vn -0.522956 -0.363836 0.770805
vn -0.816900 -0.380519 0.433451
vn -0.922293 -0.386492 0.000000
vn -0.922635 0.385674 -0.000000
vn -0.817199 0.379713 -0.433595
vn -0.817198 0.379712 0.433597
vn -0.523145 0.363058 0.771044
vn -0.104284 0.339273 0.934890
vn 0.344913 0.313694 0.884665
vn 0.720004 0.292279 0.629418
vn 0.932619 0.280120 0.227499
vn 0.932619 0.280119 -0.227498
vn 0.720003 0.292280 -0.629419
vn 0.344914 0.313695 -0.884664
vn -0.104281 0.339274 -0.934890
vn -0.523145 0.363059 -0.771043
vn -0.333805 -0.926219 -0.175195
vn -0.376987 -0.926218 0.000000
vn -0.333805 -0.926219 0.175195
vn -0.214153 -0.926218 0.310255
vn -0.045440 -0.926219 0.374238
vn 0.133681 -0.926218 0.352490
vn 0.282179 -0.926218 0.249990
vn 0.282179 -0.926218 -0.249989
vn 0.133681 -0.926219 -0.352489
vn -0.045441 -0.926219 -0.374238
vn -0.214153 -0.926219 -0.310254
vn -0.381211 0.924488 -0.000001
vn -0.337543 0.924489 -0.177160
vn -0.216553 0.924488 -0.313729
vn -0.045951 0.924488 -0.378431
vn 0.135180 0.924489 -0.356437
vn 0.285339 0.924488 -0.252791
vn 0.285342 0.924489 0.252786
vn 0.135179 0.924489 0.356436
vn -0.045953 0.924489 0.378429
vn -0.216552 0.924489 0.313728
vn -0.337543 0.924488 0.177160
s 1
g Jacob_Body_Grp geo Jacob_Arm_L_Geo
usemtl lambert4SG
f 1866/1939/1979 1869/1940/1980 1868/1941/1981 1867/1942/1982
f 1870/1943/1983 1873/1944/1984 1872/1945/1985 1871/1946/1986
f 1874/1947/1987 1877/1948/1988 1876/1949/1989 1875/1950/1990
f 1878/1951/1991 1881/1952/1992 1880/1953/1993 1879/1954/1994
f 1889/1955/1995 1892/1956/1996 1891/1957/1997 1890/1958/1998
s 6
f 2081/2781/1999 1894/1960/2000 1893/1961/2001 2082/2776/2002
f 2090/2779/2003 1896/1964/2004 1895/1965/2005 2091/2780/2006
s 1
f 1905/1967/2007 1908/1968/2008 1907/1969/2009 1906/1970/2010
f 1909/1971/2011 1912/1972/2012 1911/1973/2013 1910/1974/2014
f 1913/1975/2015 1916/1976/2016 1915/1977/2017 1914/1978/2018
f 1917/1979/2019 1920/1980/2020 1919/1981/2021 1918/1982/2022
f 1921/1983/2023 1924/1984/2024 1923/1985/2025 1922/1986/2026
f 1925/1987/2027 1928/1988/2028 1927/1989/2029 1926/1990/2030
f 1929/1991/2031 1932/1992/2032 1931/1993/2033 1930/1994/2034
s 6
f 2083/2777/2035 1934/1996/2036 1933/1997/2037 2084/2774/2038
f 2088/2782/2039 1936/2000/2040 1935/2001/2041 2089/2778/2042
s 1
f 1937/2003/2043 1940/2004/2044 1939/2005/2045 1938/2006/2046
f 1942/2007/2047 1944/2008/2048 1943/2009/2049 1941/2010/2050
f 1946/2011/2051 1948/2012/2052 1947/2013/2053 1945/2014/2054
f 1950/2015/2055 1952/2016/2056 1951/2017/2057 1949/2018/2058
s 6
f 1962/2019/2059 1954/2020/2060 1953/2021/2061 1961/2022/2062
f 1964/2023/2063 1956/2024/2064 1955/2025/2065 1963/2026/2066
f 1966/2027/2067 1958/2028/2068 1957/2029/2069 1965/2030/2070
f 1968/2031/2071 1960/2032/2072 1959/2033/2073 1967/2034/2074
f 1934/1996/2036 1962/2019/2059 1961/2022/2062 1933/1997/2037
f 1894/1960/2000 1964/2023/2063 1963/2026/2066 1893/1961/2001
f 1896/1964/2004 1966/2027/2067 1965/2030/2070 1895/1965/2005
f 1936/2000/2040 1968/2031/2071 1967/2034/2074 1935/2001/2041
s 1
f 1940/2004/2044 1937/2003/2043 1970/2036/2075 1969/2037/2076
f 1944/2008/2048 1942/2007/2047 1972/2038/2077 1971/2039/2078
f 1948/2012/2052 1946/2011/2051 1974/2040/2079 1973/2041/2080
f 1952/2016/2056 1950/2015/2055 1976/2042/2081 1975/2043/2082
f 1930/1994/2034 1931/1993/2033 1978/2044/2083 1977/2045/2084
f 1907/1969/2009 1908/1968/2008 1980/2046/2085 1979/2047/2086
f 1910/1974/2014 1911/1973/2013 1982/2048/2087 1981/2049/2088
f 1914/1978/2018 1915/1977/2017 1984/2050/2089 1983/2051/2090
f 1985/2052/2091 1988/2053/2092 1987/2054/2093 1986/2055/2094
f 1990/2056/2095 1992/2057/2096 1991/2058/2097 1989/2059/2098
f 1994/2060/2099 1996/2061/2100 1995/2062/2101 1993/2063/2102
f 1998/2064/2103 2000/2065/2104 1999/2066/2105 1997/2067/2106
f 1988/2053/2092 1985/2052/2091 2002/2068/2107 2001/2069/2108
f 1992/2057/2096 1990/2056/2095 2004/2070/2109 2003/2071/2110
f 1996/2061/2100 1994/2060/2099 2006/2072/2111 2005/2073/2112
f 2000/2065/2104 1998/2064/2103 2008/2074/2113 2007/2075/2114
f 1867/1942/1982 1868/1941/1981 2010/2076/2115 2009/2077/2116
f 1871/1946/1986 1872/1945/1985 2012/2078/2117 2011/2079/2118
f 1875/1950/1990 1876/1949/1989 2014/2080/2119 2013/2081/2120
f 1879/1954/1994 1880/1953/1993 2016/2082/2121 2015/2083/2122
f 2009/2077/2116 2010/2076/2115 1986/2055/2094 1987/2054/2093
f 2011/2079/2118 2012/2078/2117 1989/2059/2098 1991/2058/2097
f 2013/2081/2120 2014/2080/2119 1993/2063/2102 1995/2062/2101
f 2015/2083/2122 2016/2082/2121 1997/2067/2106 1999/2066/2105
f 1918/1982/2022 1919/1981/2021 1869/1940/1980 1866/1939/1979
f 1923/1985/2025 1924/1984/2024 1873/1944/1984 1870/1943/1983
f 1926/1990/2030 1927/1989/2029 1877/1948/1988 1874/1947/1987
f 1890/1958/1998 1891/1957/1997 1881/1952/1992 1878/1951/1991
f 1927/1989/2029 1928/1988/2028 1922/1986/2026 1923/1985/2025
f 1877/1948/1988 1927/1989/2029 1923/1985/2025 1870/1943/1983
f 1876/1949/1989 1877/1948/1988 1870/1943/1983 1871/1946/1986
f 2014/2080/2119 1876/1949/1989 1871/1946/1986 2011/2079/2118
f 1993/2063/2102 2014/2080/2119 2011/2079/2118 1991/2058/2097
f 1992/2057/2096 1994/2060/2099 1993/2063/2102 1991/2058/2097
f 2006/2072/2111 1994/2060/2099 1992/2057/2096 2003/2071/2110
f 1911/1973/2013 1912/1972/2012 1906/1970/2010 1907/1969/2009
f 1982/2048/2087 1911/1973/2013 1907/1969/2009 1979/2047/2086
f 1944/2008/2048 1946/2011/2051 1945/2014/2054 1943/2009/2049
f 1974/2040/2079 1946/2011/2051 1944/2008/2048 1971/2039/2078
s 6
f 2091/2780/2006 1895/1965/2005 1894/1960/2000 2081/2781/1999
f 1965/2030/2070 1964/2023/2063 1894/1960/2000 1895/1965/2005
f 1957/2029/2069 1956/2024/2064 1964/2023/2063 1965/2030/2070
s 1
f 2017/2084/2123 2018/2085/2124 2072/2086/2125 2073/2087/2126
f 2019/2088/2127 2020/2089/2128 2074/2090/2129 2075/2091/2130
f 2075/2091/2130 2076/2092/2131 2021/2093/2132 2019/2088/2127
f 2022/2094/2133 2021/2093/2132 2076/2092/2131 2077/2095/2134
f 2023/2096/2135 2024/2097/2136 2078/2098/2137 2079/2123/2138
f 2001/2069/2108 2002/2068/2107 1932/1992/2032 1929/1991/2031
f 2003/2071/2110 2004/2070/2109 1905/1967/2007 1906/1970/2010
f 1912/1972/2012 2006/2072/2111 2003/2071/2110 1906/1970/2010
f 2005/2073/2112 2006/2072/2111 1912/1972/2012 1909/1971/2011
f 2007/2075/2114 2008/2074/2113 1916/1976/2016 1913/1975/2015
f 1983/2051/2090 1984/2050/2089 1949/2018/2058 1951/2017/2057
f 1981/2049/2088 1982/2048/2087 1945/2014/2054 1947/2013/2053
f 1945/2014/2054 1982/2048/2087 1979/2047/2086 1943/2009/2049
f 1980/2046/2085 1941/2010/2050 1943/2009/2049 1979/2047/2086
f 1977/2045/2084 1978/2044/2083 1938/2006/2046 1939/2005/2045
s 6
f 2025/2100/2139 2028/2101/2140 2027/2102/2141 2026/2103/2142
f 2030/2104/2143 2032/2105/2144 2031/2106/2145 2029/2107/2146
f 2032/2105/2144 2034/2108/2147 2033/2109/2148 2031/2106/2145
f 2034/2108/2147 2036/2110/2149 2035/2111/2150 2033/2109/2148
f 2038/2112/2151 2040/2113/2152 2039/2114/2153 2037/2115/2154
f 1859/2116/2155 1858/2117/2156 2026/2103/2142 2027/2102/2141
f 1861/2118/2157 1860/2119/2158 2029/2107/2146 2031/2106/2145
f 1863/2120/2159 1862/2121/2160 2033/2109/2148 2035/2111/2150
f 1865/2122/2161 1864/2139/2162 2037/2115/2154 2039/2114/2153
f 2033/2109/2148 1862/2121/2160 1861/2118/2157 2031/2106/2145
s 1
f 2073/2087/2126 2074/2090/2129 2020/2089/2128 2017/2084/2123
f 1924/1984/2024 1921/1983/2023 1917/1979/2019 1918/1982/2022
f 1873/1944/1984 1924/1984/2024 1918/1982/2022 1866/1939/1979
f 1872/1945/1985 1873/1944/1984 1866/1939/1979 1867/1942/1982
f 2012/2078/2117 1872/1945/1985 1867/1942/1982 2009/2077/2116
f 1989/2059/2098 2012/2078/2117 2009/2077/2116 1987/2054/2093
f 1988/2053/2092 1990/2056/2095 1989/2059/2098 1987/2054/2093
f 2004/2070/2109 1990/2056/2095 1988/2053/2092 2001/2069/2108
f 1905/1967/2007 2004/2070/2109 2001/2069/2108 1929/1991/2031
f 1908/1968/2008 1905/1967/2007 1929/1991/2031 1930/1994/2034
f 1980/2046/2085 1908/1968/2008 1930/1994/2034 1977/2045/2084
f 1941/2010/2050 1980/2046/2085 1977/2045/2084 1939/2005/2045
f 1940/2004/2044 1942/2007/2047 1941/2010/2050 1939/2005/2045
f 1972/2038/2077 1942/2007/2047 1940/2004/2044 1969/2037/2076
s 6
f 2089/2778/2042 1935/2001/2041 1896/1964/2004 2090/2779/2003
f 1967/2034/2074 1966/2027/2067 1896/1964/2004 1935/2001/2041
f 1959/2033/2073 1958/2028/2068 1966/2027/2067 1967/2034/2074
f 2029/2107/2146 1860/2119/2158 1859/2116/2155 2027/2102/2141
f 2028/2101/2140 2030/2104/2143 2029/2107/2146 2027/2102/2141
s 1
f 2077/2095/2134 2078/2098/2137 2024/2097/2136 2022/2094/2133
f 1891/1957/1997 1892/1956/1996 1925/1987/2027 1926/1990/2030
f 1881/1952/1992 1891/1957/1997 1926/1990/2030 1874/1947/1987
f 1880/1953/1993 1881/1952/1992 1874/1947/1987 1875/1950/1990
f 2016/2082/2121 1880/1953/1993 1875/1950/1990 2013/2081/2120
f 1997/2067/2106 2016/2082/2121 2013/2081/2120 1995/2062/2101
f 1996/2061/2100 1998/2064/2103 1997/2067/2106 1995/2062/2101
f 2008/2074/2113 1998/2064/2103 1996/2061/2100 2005/2073/2112
f 1916/1976/2016 2008/2074/2113 2005/2073/2112 1909/1971/2011
f 1915/1977/2017 1916/1976/2016 1909/1971/2011 1910/1974/2014
f 1984/2050/2089 1915/1977/2017 1910/1974/2014 1981/2049/2088
f 1949/2018/2058 1984/2050/2089 1981/2049/2088 1947/2013/2053
f 1948/2012/2052 1950/2015/2055 1949/2018/2058 1947/2013/2053
f 1976/2042/2081 1950/2015/2055 1948/2012/2052 1973/2041/2080
s 6
f 2082/2776/2002 1893/1961/2001 1934/1996/2036 2083/2777/2035
f 1963/2026/2066 1962/2019/2059 1934/1996/2036 1893/1961/2001
f 1955/2025/2065 1954/2020/2060 1962/2019/2059 1963/2026/2066
f 2037/2115/2154 1864/2139/2162 1863/2120/2159 2035/2111/2150
f 2036/2110/2149 2038/2112/2151 2037/2115/2154 2035/2111/2150
s 1
f 2079/2123/2138 2080/2124/2163 2042/2125/2164 2023/2096/2135
f 2043/2126/2165 2041/2127/2166 1889/1955/1995 1890/1958/1998
f 2044/2128/2167 2043/2126/2165 1890/1958/1998 1878/1951/1991
f 2045/2129/2168 2044/2128/2167 1878/1951/1991 1879/1954/1994
f 2046/2130/2169 2045/2129/2168 1879/1954/1994 2015/2083/2122
f 2047/2131/2170 2046/2130/2169 2015/2083/2122 1999/2066/2105
f 2000/2065/2104 2048/2132/2171 2047/2131/2170 1999/2066/2105
f 2049/2133/2172 2048/2132/2171 2000/2065/2104 2007/2075/2114
f 2050/2134/2173 2049/2133/2172 2007/2075/2114 1913/1975/2015
f 2051/2135/2174 2050/2134/2173 1913/1975/2015 1914/1978/2018
f 2052/2136/2175 2051/2135/2174 1914/1978/2018 1983/2051/2090
f 2053/2137/2176 2052/2136/2175 1983/2051/2090 1951/2017/2057
f 1952/2016/2056 2054/2138/2177 2053/2137/2176 1951/2017/2057
f 2055/2425/2178 2054/2138/2177 1952/2016/2056 1975/2043/2082
s 6
f 2084/2774/2038 1933/1997/2037 2056/2141/2179 2085/2142/2180
f 1961/2022/2062 2057/2143/2181 2056/2141/2179 1933/1997/2037
f 1953/2021/2061 2058/2144/2182 2057/2143/2181 1961/2022/2062
f 2061/2145/2183 2060/2402/2184 1865/2122/2161 2039/2114/2153
f 2040/2113/2152 2062/2403/2185 2061/2145/2183 2039/2114/2153
s 30
f 1810/2146/2186 1811/2147/2187 1719/2148/2188 1760/2149/2189
f 1767/2150/2190 1768/2151/2191 1720/2152/2192 1761/2153/2193
f 1827/2154/2194 1828/2155/2195 1721/2156/2196 1762/2157/2197
f 1844/2158/2198 1845/2159/2199 1722/2160/2200 1763/2161/2201
f 1842/2162/2202 1843/2163/2203 1729/2164/2204 1781/2165/2205
f 1784/2166/2206 1785/2167/2207 1773/2168/2208 1732/2169/2209
f 1833/2170/2210 1834/2171/2211 1733/2172/2212 1786/2173/2213
f 1850/2174/2214 1851/2175/2215 1734/2176/2216 1787/2177/2217
f 1808/2178/2218 1809/2179/2219 1726/2180/2220 1777/2181/2221
f 1778/2182/2222 1779/2183/2223 1766/2184/2224 1727/2185/2225
f 1825/2186/2226 1826/2187/2227 1728/2188/2228 1780/2189/2229
f 1816/2190/2230 1817/2191/2231 1731/2192/2232 1783/2193/2233
f 1817/2191/2231 1818/2194/2234 1794/2195/2235 1731/2192/2232
f 1773/2168/2208 1792/2196/2236 1793/2197/2237 1732/2169/2209
f 1834/2171/2211 1835/2198/2238 1791/2199/2239 1733/2172/2212
f 1851/2175/2215 1852/2200/2240 1790/2201/2241 1734/2176/2216
f 1746/2202/2242 1755/2203/2243 1813/2204/2244 1814/2205/2245
f 1747/2206/2246 1756/2207/2247 1770/2208/2248 1771/2209/2249
f 1749/2210/2250 1757/2211/2251 1830/2212/2252 1831/2213/2253
f 1751/2214/2254 1758/2215/2255 1847/2216/2256 1848/2217/2257
f 1814/2205/2245 1815/2218/2258 1701/2219/2259 1746/2202/2242
f 1771/2209/2249 1772/2220/2260 1704/2221/2261 1747/2206/2246
f 1831/2213/2253 1832/2222/2262 1707/2223/2263 1749/2210/2250
f 1848/2217/2257 1849/2224/2264 1710/2225/2265 1751/2214/2254
f 1811/2147/2187 1812/2226/2266 1745/2227/2267 1719/2148/2188
f 1768/2151/2191 1769/2228/2268 1748/2229/2269 1720/2152/2192
f 1828/2155/2195 1829/2230/2270 1750/2231/2271 1721/2156/2196
f 1845/2159/2199 1846/2232/2272 1752/2233/2273 1722/2160/2200
f 1812/2226/2266 1813/2204/2244 1755/2203/2243 1745/2227/2267
f 1769/2228/2268 1770/2208/2248 1756/2207/2247 1748/2229/2269
f 1829/2230/2270 1830/2212/2252 1757/2211/2251 1750/2231/2271
f 1846/2232/2272 1847/2216/2256 1758/2215/2255 1752/2233/2273
f 1809/2179/2219 1810/2146/2186 1760/2149/2189 1726/2180/2220
f 1766/2184/2224 1767/2150/2190 1761/2153/2193 1727/2185/2225
f 1826/2187/2227 1827/2154/2194 1762/2157/2197 1728/2188/2228
f 1843/2163/2203 1844/2158/2198 1763/2161/2201 1729/2164/2204
f 1728/2188/2228 1766/2184/2224 1779/2183/2223 1780/2189/2229
f 1762/2157/2197 1767/2150/2190 1766/2184/2224 1728/2188/2228
f 1721/2156/2196 1768/2151/2191 1767/2150/2190 1762/2157/2197
f 1750/2231/2271 1769/2228/2268 1768/2151/2191 1721/2156/2196
f 1757/2211/2251 1770/2208/2248 1769/2228/2268 1750/2231/2271
f 1771/2209/2249 1770/2208/2248 1757/2211/2251 1749/2210/2250
f 1707/2223/2263 1772/2220/2260 1771/2209/2249 1749/2210/2250
f 1733/2172/2212 1773/2168/2208 1785/2167/2207 1786/2173/2213
f 1791/2199/2239 1792/2196/2236 1773/2168/2208 1733/2172/2212
f 1807/2234/2274 2070/2235/2275 2071/2236/2276 1714/2237/2277
f 1765/2238/2278 2068/2239/2279 2069/2240/2280 1715/2241/2281
f 2067/2242/2282 2068/2239/2279 1765/2238/2278 1716/2243/2283
f 1824/2244/2284 2066/2245/2285 2067/2242/2282 1716/2243/2283
f 1841/2246/2286 2064/2247/2287 2065/2248/2288 1717/2249/2289
f 1815/2218/2258 1816/2190/2230 1783/2193/2233 1701/2219/2259
f 1772/2220/2260 1785/2167/2207 1784/2166/2206 1704/2221/2261
f 1786/2173/2213 1785/2167/2207 1772/2220/2260 1707/2223/2263
f 1832/2222/2262 1833/2170/2210 1786/2173/2213 1707/2223/2263
f 1849/2224/2264 1850/2174/2214 1787/2177/2217 1710/2225/2265
f 1852/2200/2240 1853/2250/2290 1739/2251/2291 1790/2201/2241
f 1835/2198/2238 1836/2252/2292 1740/2253/2293 1791/2199/2239
f 1740/2253/2293 1774/2254/2294 1792/2196/2236 1791/2199/2239
f 1793/2197/2237 1792/2196/2236 1774/2254/2294 1741/2255/2295
f 1818/2194/2234 1819/2256/2296 1742/2257/2297 1794/2195/2235
f 1796/2258/2298 1795/2260/2299 1822/2261/2300 1823/2262/2301
f 1797/2263/2302 1798/2264/2303 1799/2265/2304 1800/2266/2305
f 1800/2266/2305 1799/2265/2304 1801/2267/2306 1802/2268/2307
f 1802/2268/2307 1801/2267/2306 1839/2269/2308 1840/2270/2309
f 1803/2271/2310 1804/2272/2311 1856/2273/2312 1857/2274/2313
f 1821/2276/2314 1822/2261/2300 1795/2260/2299 1699/2277/2315
f 1776/2278/2316 1799/2265/2304 1798/2264/2303 1702/2279/2317
f 1838/2280/2318 1839/2269/2308 1801/2267/2306 1705/2281/2319
f 1855/2296/2320 1856/2273/2312 1804/2272/2311 1708/2297/2321
f 1801/2267/2306 1799/2265/2304 1776/2278/2316 1705/2281/2319
f 2069/2240/2280 2070/2235/2275 1807/2234/2274 1715/2241/2281
f 1727/2185/2225 1809/2179/2219 1808/2178/2218 1778/2182/2222
f 1761/2153/2193 1810/2146/2186 1809/2179/2219 1727/2185/2225
f 1720/2152/2192 1811/2147/2187 1810/2146/2186 1761/2153/2193
f 1748/2229/2269 1812/2226/2266 1811/2147/2187 1720/2152/2192
f 1756/2207/2247 1813/2204/2244 1812/2226/2266 1748/2229/2269
f 1814/2205/2245 1813/2204/2244 1756/2207/2247 1747/2206/2246
f 1704/2221/2261 1815/2218/2258 1814/2205/2245 1747/2206/2246
f 1784/2166/2206 1816/2190/2230 1815/2218/2258 1704/2221/2261
f 1732/2169/2209 1817/2191/2231 1816/2190/2230 1784/2166/2206
f 1793/2197/2237 1818/2194/2234 1817/2191/2231 1732/2169/2209
f 1741/2255/2295 1819/2256/2296 1818/2194/2234 1793/2197/2237
f 1798/2264/2303 1822/2261/2300 1821/2276/2314 1702/2279/2317
f 1823/2262/2301 1822/2261/2300 1798/2264/2303 1797/2263/2302
f 2065/2248/2288 2066/2245/2285 1824/2244/2284 1717/2249/2289
f 1729/2164/2204 1826/2187/2227 1825/2186/2226 1781/2165/2205
f 1763/2161/2201 1827/2154/2194 1826/2187/2227 1729/2164/2204
f 1722/2160/2200 1828/2155/2195 1827/2154/2194 1763/2161/2201
f 1752/2233/2273 1829/2230/2270 1828/2155/2195 1722/2160/2200
f 1758/2215/2255 1830/2212/2252 1829/2230/2270 1752/2233/2273
f 1831/2213/2253 1830/2212/2252 1758/2215/2255 1751/2214/2254
f 1710/2225/2265 1832/2222/2262 1831/2213/2253 1751/2214/2254
f 1787/2177/2217 1833/2170/2210 1832/2222/2262 1710/2225/2265
f 1734/2176/2216 1834/2171/2211 1833/2170/2210 1787/2177/2217
f 1790/2201/2241 1835/2198/2238 1834/2171/2211 1734/2176/2216
f 1739/2251/2291 1836/2252/2292 1835/2198/2238 1790/2201/2241
f 1804/2272/2311 1839/2269/2308 1838/2280/2318 1708/2297/2321
f 1840/2270/2309 1839/2269/2308 1804/2272/2311 1803/2271/2310
f 2063/2282/2322 2064/2247/2287 1841/2246/2286 1718/2283/2323
f 1730/2284/2324 1843/2163/2203 1842/2162/2202 1782/2285/2325
f 1764/2286/2326 1844/2158/2198 1843/2163/2203 1730/2284/2324
f 1723/2287/2327 1845/2159/2199 1844/2158/2198 1764/2286/2326
f 1754/2288/2328 1846/2232/2272 1845/2159/2199 1723/2287/2327
f 1759/2289/2329 1847/2216/2256 1846/2232/2272 1754/2288/2328
f 1848/2217/2257 1847/2216/2256 1759/2289/2329 1753/2290/2330
f 1713/2291/2331 1849/2224/2264 1848/2217/2257 1753/2290/2330
f 1788/2292/2332 1850/2174/2214 1849/2224/2264 1713/2291/2331
f 1735/2293/2333 1851/2175/2215 1850/2174/2214 1788/2292/2332
f 1789/2294/2334 1852/2200/2240 1851/2175/2215 1735/2293/2333
f 1738/2295/2335 1853/2250/2290 1852/2200/2240 1789/2294/2334
f 1806/2318/2336 1856/2273/2312 1855/2296/2320 1711/2399/2337
f 1857/2274/2313 1856/2273/2312 1806/2318/2336 1805/2400/2338
s 45
f 1719/2035/2339 1868/2099/2340 1869/2259/2341 1760/2275/2342
f 1726/2299/2343 1919/2300/2344 1920/2301/2345 1777/2302/2346
f 1731/2303/2347 1931/2304/2348 1932/2305/2349 1783/2306/2350
s 47
f 1744/2307/2351 1936/2308/2352 2088/2309/2353 2087/2310/2354
s 45
f 1736/2311/2355 1937/2312/2356 1938/2313/2357 1742/2314/2358
s 47
f 1742/2314/2359 1960/2315/2360 1968/2316/2361 1736/2311/2362
f 1736/2311/2362 1968/2316/2361 1936/2308/2352 1744/2307/2351
s 45
f 1744/2307/2363 1970/2317/2364 1937/2312/2356 1736/2311/2355
f 1794/2319/2365 1978/2320/2366 1931/2304/2348 1731/2303/2347
f 1746/2321/2367 1985/2322/2368 1986/2323/2369 1755/2324/2370
f 1701/2325/2371 2002/2326/2372 1985/2322/2368 1746/2321/2367
f 1745/2327/2373 2010/2328/2374 1868/2099/2340 1719/2035/2339
f 1755/2324/2370 1986/2323/2369 2010/2328/2374 1745/2327/2373
f 1760/2275/2342 1869/2259/2341 1919/2300/2344 1726/2299/2343
f 2071/2329/2375 2072/2330/2376 2018/2331/2377 1714/2332/2378
s 51
f 1714/2337/2379 2018/2338/2380 2017/2339/2381 1807/2340/2382
f 1715/2341/2383 2020/2342/2384 2019/2343/2385 1765/2344/2386
f 1765/2344/2386 2019/2343/2385 2021/2345/2387 1716/2346/2388
f 1716/2346/2388 2021/2345/2387 2022/2347/2389 1824/2348/2390
f 1717/2349/2391 2024/2350/2392 2023/2351/2393 1841/2352/2394
s 45
f 1783/2306/2350 1932/2305/2349 2002/2326/2372 1701/2325/2371
f 1742/2314/2358 1938/2313/2357 1978/2320/2366 1794/2319/2365
s 47
f 1796/2333/2395 2025/2334/2396 2026/2335/2397 1795/2336/2398
f 1795/2336/2398 2026/2335/2397 1858/2353/2399 1699/2354/2400
s 51
f 1807/2340/2382 2017/2339/2381 2020/2342/2384 1715/2341/2383
f 1824/2348/2390 2022/2347/2389 2024/2350/2392 1717/2349/2391
f 1841/2352/2394 2023/2351/2393 2042/2355/2401 1718/2356/2402
s 53
f 1718/2140/2403 2042/2298/2404 2080/2357/2405 2063/2358/2406
f 1782/2359/2407 2041/2360/2408 2043/2361/2409 1730/2362/2410
f 1730/2362/2410 2043/2361/2409 2044/2363/2411 1764/2364/2412
f 1764/2364/2412 2044/2363/2411 2045/2365/2413 1723/2366/2414
f 1723/2366/2414 2045/2365/2413 2046/2367/2415 1754/2368/2416
f 1754/2368/2416 2046/2367/2415 2047/2369/2417 1759/2370/2418
f 1759/2370/2418 2047/2369/2417 2048/2371/2419 1753/2372/2420
f 1753/2372/2420 2048/2371/2419 2049/2373/2421 1713/2374/2422
f 1713/2374/2422 2049/2373/2421 2050/2375/2423 1788/2376/2424
f 1788/2376/2424 2050/2375/2423 2051/2377/2425 1735/2378/2426
f 1735/2378/2426 2051/2377/2425 2052/2379/2427 1789/2380/2428
f 1789/2380/2428 2052/2379/2427 2053/2381/2429 1738/2382/2430
f 1738/2382/2430 2053/2381/2429 2054/2383/2431 1737/2384/2432
f 1737/2384/2432 2054/2383/2431 2055/2385/2433 1743/2386/2434
s 54
f 2085/2387/2435 2056/2388/2436 1743/2386/2437 2086/2389/2438
f 1743/2386/2437 2056/2388/2436 2057/2390/2439 1737/2384/2440
f 1737/2384/2440 2057/2390/2439 2058/2391/2441 1738/2382/2442
f 1711/2392/2443 2060/2393/2444 2061/2394/2445 1806/2395/2446
f 1806/2395/2446 2061/2394/2445 2062/2396/2447 1805/2397/2448
s 30
f 1782/2285/2325 1842/2162/2202 2064/2247/2287 2063/2282/2322
f 2065/2248/2288 2064/2247/2287 1842/2162/2202 1781/2165/2205
f 1781/2165/2205 1825/2186/2226 2066/2245/2285 2065/2248/2288
f 2067/2242/2282 2066/2245/2285 1825/2186/2226 1780/2189/2229
f 1780/2189/2229 1779/2183/2223 2068/2239/2279 2067/2242/2282
f 2069/2240/2280 2068/2239/2279 1779/2183/2223 1778/2182/2222
f 1778/2182/2222 1808/2178/2218 2070/2235/2275 2069/2240/2280
f 2071/2236/2276 2070/2235/2275 1808/2178/2218 1777/2181/2221
s 45
f 1777/2302/2346 1920/2301/2345 2072/2330/2376 2071/2329/2375
s 1
f 2073/2087/2126 2072/2086/2125 1920/1980/2020 1917/1979/2019
f 1921/1983/2023 2074/2090/2129 2073/2087/2126 1917/1979/2019
f 2075/2091/2130 2074/2090/2129 1921/1983/2023 1922/1986/2026
f 1928/1988/2028 2076/2092/2131 2075/2091/2130 1922/1986/2026
f 2077/2095/2134 2076/2092/2131 1928/1988/2028 1925/1987/2027
f 1892/1956/1996 2078/2098/2137 2077/2095/2134 1925/1987/2027
f 2079/2123/2138 2078/2098/2137 1892/1956/1996 1889/1955/1995
f 2041/2127/2166 2080/2124/2163 2079/2123/2138 1889/1955/1995
s 53
f 2063/2358/2406 2080/2357/2405 2041/2360/2408 1782/2359/2407
s 54
f 1725/2398/2449 2085/2387/2435 2086/2389/2438
s 47
f 2088/2309/2353 1724/2410/2450 2087/2310/2354
s 54
f 1725/2398/2449 2093/2401/2451 2092/2433/2452 2085/2387/2435
s 6
f 2102/2404/2453 2088/1999/2039 2089/2002/2042 2103/2405/2454
f 2103/2405/2454 2089/2002/2042 2090/1963/2003 2104/2406/2455
f 2104/2406/2455 2090/1963/2003 2091/1966/2006 2105/2407/2456
f 2105/2407/2456 2091/1966/2006 2081/1959/1999 2106/2408/2457
f 2106/2408/2457 2081/1959/1999 2082/1962/2002 2107/2409/2458
f 2107/2409/2458 2082/1962/2002 2083/1995/2035 2108/2439/2459
f 2108/2439/2459 2083/1995/2035 2084/1998/2038 2109/2440/2460
f 2109/2440/2460 2084/1998/2038 2085/2775/2180 2092/2441/2461
s 30
f 1724/2411/2462 2101/2412/2463 2100/2413/2464 1882/2414/2465
f 1882/2414/2465 2100/2413/2464 2099/2415/2466 1884/2416/2467
f 1884/2416/2467 2099/2415/2466 2098/2417/2468 1883/2418/2469
f 1883/2418/2469 2098/2417/2468 2097/2419/2470 1886/2420/2471
f 1886/2420/2471 2097/2419/2470 2096/2421/2472 1885/2422/2473
f 1885/2422/2473 2096/2421/2472 2095/2423/2474 1888/2424/2475
f 1888/2424/2475 2095/2423/2474 2094/2437/2476 1887/2461/2477
f 1887/2461/2477 2094/2437/2476 2093/2462/2478 1725/2463/2479
s 47
f 2101/2435/2480 1724/2410/2450 2088/2309/2353 2102/2436/2481
s 1
f 1970/2036/2075 1724/2426/2482 1882/2427/2483 1969/2037/2076
f 1969/2037/2076 1882/2427/2483 1884/2428/2484 1972/2038/2077
f 1972/2038/2077 1884/2428/2484 1883/2429/2485 1971/2039/2078
f 1971/2039/2078 1883/2429/2485 1886/2430/2486 1974/2040/2079
f 1974/2040/2079 1886/2430/2486 1885/2431/2487 1973/2041/2080
f 1973/2041/2080 1885/2431/2487 1888/2432/2488 1976/2042/2081
f 1976/2042/2081 1888/2432/2488 1887/2763/2489 1975/2043/2082
f 1975/2043/2082 1887/2763/2489 1725/2758/2490 2055/2425/2178
s 53
f 2055/2385/2433 1725/2398/2491 2086/2389/2492 1743/2386/2434
s 45
f 1744/2307/2363 2087/2310/2493 1724/2410/2494 1970/2317/2364
s 54
f 2093/2401/2451 1805/2397/2448 2062/2396/2447 2092/2433/2452
s 30
f 2094/2437/2476 1857/2274/2313 1805/2400/2338 2093/2462/2478
f 2095/2423/2474 1803/2271/2310 1857/2274/2313 2094/2437/2476
f 2096/2421/2472 1840/2270/2309 1803/2271/2310 2095/2423/2474
f 2097/2419/2470 1802/2268/2307 1840/2270/2309 2096/2421/2472
f 2098/2417/2468 1800/2266/2305 1802/2268/2307 2097/2419/2470
f 2099/2415/2466 1797/2263/2302 1800/2266/2305 2098/2417/2468
f 2100/2413/2464 1823/2262/2301 1797/2263/2302 2099/2415/2466
f 2101/2412/2463 1796/2258/2298 1823/2262/2301 2100/2413/2464
s 47
f 2025/2334/2396 1796/2333/2395 2101/2435/2480 2102/2436/2481
s 6
f 2025/2100/2139 2102/2404/2453 2103/2405/2454 2028/2101/2140
f 2028/2101/2140 2103/2405/2454 2104/2406/2455 2030/2104/2143
f 2030/2104/2143 2104/2406/2455 2105/2407/2456 2032/2105/2144
f 2032/2105/2144 2105/2407/2456 2106/2408/2457 2034/2108/2147
f 2034/2108/2147 2106/2408/2457 2107/2409/2458 2036/2110/2149
f 2036/2110/2149 2107/2409/2458 2108/2439/2459 2038/2112/2151
f 2038/2112/2151 2108/2439/2459 2109/2440/2460 2040/2113/2152
f 2040/2113/2152 2109/2440/2460 2092/2441/2461 2062/2403/2185
s 47
f 2110/2438/2495 2129/2495/2496 2128/2498/2497 2111/2499/2498
s 6
f 2111/2442/2499 2112/2443/2500 2113/2444/2501 2110/2445/2502
f 2112/2443/2500 2115/2446/2503 2114/2447/2504 2113/2444/2501
f 2115/2446/2503 2116/2448/2505 2117/2449/2506 2114/2447/2504
f 2116/2448/2505 2118/2450/2507 2119/2451/2508 2117/2449/2506
f 2118/2450/2507 2120/2452/2509 2121/2453/2510 2119/2451/2508
f 2120/2452/2509 2123/2454/2511 2122/2455/2512 2121/2453/2510
f 2123/2454/2511 2124/2456/2513 2125/2477/2514 2122/2455/2512
f 2124/2456/2513 2126/2478/2515 2127/2479/2516 2125/2477/2514
s 54
f 2126/2434/2517 2145/2457/2518 2144/2458/2519 2127/2459/2520
s 30
f 2129/2464/2521 2130/2465/2522 2131/2466/2523 2128/2467/2524
f 2130/2465/2522 2133/2468/2525 2132/2469/2526 2131/2466/2523
f 2133/2468/2525 2135/2470/2527 2134/2471/2528 2132/2469/2526
f 2135/2470/2527 2137/2472/2529 2136/2473/2530 2134/2471/2528
f 2137/2472/2529 2138/2474/2531 2139/2475/2532 2136/2473/2530
f 2138/2474/2531 2141/2476/2533 2140/2486/2534 2139/2475/2532
f 2141/2476/2533 2142/2487/2535 2143/2488/2536 2140/2486/2534
f 2142/2487/2535 2144/2489/2537 2145/2490/2538 2143/2488/2536
s 6
f 1897/2480/2539 1898/2481/2540 2112/2443/2500 2111/2442/2499
f 1899/2482/2541 1900/2483/2542 2116/2448/2505 2115/2446/2503
f 1901/2484/2543 1902/2485/2544 2120/2452/2509 2118/2450/2507
f 1903/2502/2545 1904/2503/2546 2124/2456/2513 2123/2454/2511
f 1900/2483/2542 1901/2484/2543 2118/2450/2507 2116/2448/2505
f 1898/2481/2540 1899/2482/2541 2115/2446/2503 2112/2443/2500
f 1902/2485/2544 1903/2502/2545 2123/2454/2511 2120/2452/2509
f 1904/2503/2546 2059/2504/2547 2126/2478/2515 2124/2456/2513
s 30
f 1700/2491/2548 2128/2467/2524 2131/2466/2523 1820/2492/2549
f 1703/2493/2550 2132/2469/2526 2134/2471/2528 1775/2494/2551
f 1706/2500/2552 2136/2473/2530 2139/2475/2532 1837/2524/2553
f 1709/2525/2554 2140/2486/2534 2143/2488/2536 1854/2526/2555
f 1775/2494/2551 2134/2471/2528 2136/2473/2530 1706/2500/2552
f 1820/2492/2549 2131/2466/2523 2132/2469/2526 1703/2493/2550
f 1837/2524/2553 2139/2475/2532 2140/2486/2534 1709/2525/2554
f 1854/2526/2555 2143/2488/2536 2145/2490/2538 1712/2527/2556
s 47
f 1700/2501/2557 1897/2559/2558 2111/2499/2498 2128/2498/2497
s 54
f 2145/2457/2518 2126/2434/2517 2059/2460/2559 1712/2496/2560
s 47
f 2146/2560/2561 2165/2562/2562 2164/2770/2563 2147/2771/2564
s 6
f 2147/2505/2565 2148/2506/2566 2149/2507/2567 2146/2508/2568
f 2148/2506/2566 2151/2509/2569 2150/2510/2570 2149/2507/2567
f 2151/2509/2569 2152/2511/2571 2153/2512/2572 2150/2510/2570
f 2152/2511/2571 2155/2513/2573 2154/2514/2574 2153/2512/2572
f 2155/2513/2573 2156/2515/2575 2157/2516/2576 2154/2514/2574
f 2156/2515/2575 2159/2517/2577 2158/2518/2578 2157/2516/2576
f 2159/2517/2577 2160/2519/2579 2161/2541/2580 2158/2518/2578
f 2160/2519/2579 2162/2542/2581 2163/2543/2582 2161/2541/2580
s 54
f 2162/2497/2583 2181/2520/2584 2180/2521/2585 2163/2522/2586
s 30
f 2165/2528/2587 2166/2529/2588 2167/2530/2589 2164/2531/2590
f 2166/2529/2588 2169/2532/2591 2168/2533/2592 2167/2530/2589
f 2169/2532/2591 2170/2534/2593 2171/2535/2594 2168/2533/2592
f 2170/2534/2593 2173/2536/2595 2172/2537/2596 2171/2535/2594
f 2173/2536/2595 2174/2538/2597 2175/2539/2598 2172/2537/2596
f 2174/2538/2597 2177/2561/2599 2176/2565/2600 2175/2539/2598
f 2177/2561/2599 2178/2566/2601 2179/2567/2602 2176/2565/2600
f 2178/2566/2601 2180/2568/2603 2181/2569/2604 2179/2567/2602
s 6
f 1858/2117/2156 1859/2116/2155 2148/2506/2566 2147/2505/2565
f 1860/2119/2158 1861/2118/2157 2152/2511/2571 2151/2509/2569
f 1862/2121/2160 1863/2120/2159 2156/2515/2575 2155/2513/2573
f 1864/2139/2162 1865/2122/2161 2160/2519/2579 2159/2517/2577
f 2158/2518/2578 2161/2541/2580 1904/2503/2605 1903/2502/2606
f 2154/2514/2574 2157/2516/2576 1902/2485/2607 1901/2484/2608
f 2150/2510/2570 2153/2512/2572 1900/2483/2609 1899/2482/2610
f 2146/2508/2568 2149/2507/2567 1898/2481/2611 1897/2480/2612
f 2153/2512/2572 2154/2514/2574 1901/2484/2608 1900/2483/2609
f 1861/2118/2157 1862/2121/2160 2155/2513/2573 2152/2511/2571
f 2149/2507/2567 2150/2510/2570 1899/2482/2610 1898/2481/2611
f 1859/2116/2155 1860/2119/2158 2151/2509/2569 2148/2506/2566
f 2157/2516/2576 2158/2518/2578 1903/2502/2606 1902/2485/2607
f 1863/2120/2159 1864/2139/2162 2159/2517/2577 2156/2515/2575
f 2161/2541/2580 2163/2543/2582 2059/2504/2613 1904/2503/2605
f 1865/2122/2161 2060/2402/2184 2162/2542/2581 2160/2519/2579
s 30
f 1699/2277/2315 2164/2531/2590 2167/2530/2589 1821/2276/2314
f 1702/2279/2317 2168/2533/2592 2171/2535/2594 1776/2278/2316
f 1705/2281/2319 2172/2537/2596 2175/2539/2598 1838/2280/2318
f 1708/2297/2321 2176/2565/2600 2179/2567/2602 1855/2296/2320
f 2177/2561/2599 1709/2525/2554 1854/2526/2555 2178/2566/2601
f 2173/2536/2595 1706/2500/2552 1837/2524/2553 2174/2538/2597
f 2169/2532/2591 1703/2493/2550 1775/2494/2551 2170/2534/2593
f 2165/2528/2587 1700/2491/2548 1820/2492/2549 2166/2529/2588
f 2170/2534/2593 1775/2494/2551 1706/2500/2552 2173/2536/2595
f 1776/2278/2316 2171/2535/2594 2172/2537/2596 1705/2281/2319
f 2166/2529/2588 1820/2492/2549 1703/2493/2550 2169/2532/2591
f 1821/2276/2314 2167/2530/2589 2168/2533/2592 1702/2279/2317
f 2174/2538/2597 1837/2524/2553 1709/2525/2554 2177/2561/2599
f 1838/2280/2318 2175/2539/2598 2176/2565/2600 1708/2297/2321
f 2178/2566/2601 1854/2526/2555 1712/2527/2556 2180/2568/2603
f 1855/2296/2320 2179/2567/2602 2181/2569/2604 1711/2399/2337
s 47
f 1699/2354/2400 1858/2353/2399 2147/2771/2564 2164/2770/2563
f 2165/2562/2562 2146/2560/2561 1897/2559/2558 1700/2501/2557
s 54
f 1712/2496/2560 2059/2460/2559 2163/2522/2586 2180/2521/2585
f 2181/2520/2584 2162/2497/2583 2060/2393/2444 1711/2392/2443
s 6
f 2182/2544/2614 2184/2545/2615 2185/2546/2616 2183/2547/2617
f 2183/2547/2617 2199/2548/2618 2198/2549/2619 2182/2544/2614
f 2184/2545/2615 2186/2550/2620 2187/2551/2621 2185/2546/2616
f 2186/2550/2620 2188/2552/2622 2189/2553/2623 2187/2551/2621
f 2188/2552/2622 2190/2554/2624 2191/2555/2625 2189/2553/2623
f 2190/2554/2624 2192/2556/2626 2193/2557/2627 2191/2555/2625
f 2192/2556/2626 2194/2558/2628 2195/2757/2629 2193/2557/2627
f 2194/2558/2628 2196/2759/2630 2197/2760/2631 2195/2757/2629
s 47
f 2196/2772/2632 2212/2769/2633 2213/2767/2634 2197/2765/2635
s 54
f 2199/2523/2636 2217/2540/2637 2216/2563/2638 2198/2564/2639
s 30
f 2200/2570/2640 2202/2571/2641 2203/2572/2642 2201/2573/2643
f 2201/2573/2643 2207/2574/2644 2206/2575/2645 2200/2570/2640
f 2202/2571/2641 2216/2576/2646 2217/2577/2647 2203/2572/2642
f 2204/2578/2648 2206/2575/2645 2207/2574/2644 2205/2579/2649
f 2205/2579/2649 2211/2580/2650 2210/2581/2651 2204/2578/2648
f 2208/2582/2652 2210/2581/2651 2211/2580/2650 2209/2583/2653
f 2209/2583/2653 2215/2584/2654 2214/2585/2655 2208/2582/2652
f 2212/2586/2656 2214/2585/2655 2215/2584/2654 2213/2587/2657
s 6
f 1954/2020/2060 2184/2545/2615 2182/2544/2614 1953/2021/2061
f 1956/2024/2064 2188/2552/2622 2186/2550/2620 1955/2025/2065
f 1958/2028/2068 2192/2556/2626 2190/2554/2624 1957/2029/2069
f 1960/2032/2072 2196/2759/2630 2194/2558/2628 1959/2033/2073
f 2190/2554/2624 2188/2552/2622 1956/2024/2064 1957/2029/2069
f 2194/2558/2628 2192/2556/2626 1958/2028/2068 1959/2033/2073
f 2186/2550/2620 2184/2545/2615 1954/2020/2060 1955/2025/2065
f 2182/2544/2614 2198/2549/2619 2058/2144/2182 1953/2021/2061
s 30
f 1739/2588/2291 1853/2589/2290 2202/2571/2641 2200/2570/2640
f 1740/2590/2293 1836/2773/2292 2206/2575/2645 2204/2578/2648
f 1741/2768/2295 1774/2766/2294 2210/2581/2651 2208/2582/2652
f 1742/2764/2297 1819/2762/2296 2214/2585/2655 2212/2586/2656
f 2210/2581/2651 1774/2766/2294 1740/2590/2293 2204/2578/2648
f 2214/2585/2655 1819/2762/2296 1741/2768/2295 2208/2582/2652
f 2206/2575/2645 1836/2773/2292 1739/2588/2291 2200/2570/2640
f 2202/2571/2641 1853/2589/2290 1738/2761/2335 2216/2576/2646
s 47
f 2212/2769/2633 2196/2772/2632 1960/2315/2360 1742/2314/2359
s 54
f 1738/2382/2442 2058/2391/2441 2198/2564/2639 2216/2563/2638
s 6
f 2195/2757/2629 2197/2760/2631 2110/2445/2502 2113/2444/2501
f 2117/2449/2506 2191/2555/2625 2193/2557/2627 2114/2447/2504
f 2119/2451/2508 2189/2553/2623 2191/2555/2625 2117/2449/2506
f 2187/2551/2621 2189/2553/2623 2119/2451/2508 2121/2453/2510
f 2183/2547/2617 2185/2546/2616 2122/2455/2512 2125/2477/2514
f 2114/2447/2504 2193/2557/2627 2195/2757/2629 2113/2444/2501
f 2122/2455/2512 2185/2546/2616 2187/2551/2621 2121/2453/2510
f 2127/2479/2516 2199/2548/2618 2183/2547/2617 2125/2477/2514
s 30
f 2215/2584/2654 2130/2465/2522 2129/2464/2521 2213/2587/2657
f 2135/2470/2527 2133/2468/2525 2209/2583/2653 2211/2580/2650
f 2137/2472/2529 2135/2470/2527 2211/2580/2650 2205/2579/2649
f 2207/2574/2644 2138/2474/2531 2137/2472/2529 2205/2579/2649
f 2203/2572/2642 2142/2487/2535 2141/2476/2533 2201/2573/2643
f 2133/2468/2525 2130/2465/2522 2215/2584/2654 2209/2583/2653
f 2141/2476/2533 2138/2474/2531 2207/2574/2644 2201/2573/2643
f 2144/2489/2537 2142/2487/2535 2203/2572/2642 2217/2577/2647
s 47
f 2129/2495/2496 2110/2438/2495 2197/2765/2635 2213/2767/2634
s 54
f 2217/2540/2637 2199/2523/2636 2127/2459/2520 2144/2458/2519
s 60
f 2327/2730/2658 2348/2731/2659 2328/2732/2660
f 2341/2703/2661 2349/2704/2662 2340/2705/2663
f 2244/2592/2664 2245/2591/2665 2247/2595/2666 2246/2596/2667
f 2245/2591/2665 2244/2592/2664 2252/2593/2668 2253/2594/2669
f 2246/2675/2667 2247/2676/2666 2293/2677/2670 2292/2678/2671
f 2248/2597/2672 2249/2605/2673 2255/2606/2674 2254/2598/2675
f 2249/2605/2673 2248/2597/2672 2250/2604/2676 2251/2614/2677
f 2251/2685/2677 2250/2681/2676 2294/2682/2678 2295/2686/2679
f 2253/2594/2669 2252/2593/2668 2256/2599/2680 2257/2600/2681
f 2254/2598/2675 2255/2606/2674 2259/2617/2682 2258/2607/2683
f 2257/2600/2681 2256/2599/2680 2260/2608/2684 2261/2609/2685
f 2258/2607/2683 2259/2617/2682 2263/2625/2686 2262/2618/2687
f 2261/2609/2685 2260/2608/2684 2264/2691/2688 2265/2692/2689
f 2262/2618/2687 2263/2625/2686 2267/2695/2690 2266/2693/2691
f 2265/2692/2689 2264/2691/2688 2268/2635/2692 2269/2634/2693
f 2266/2693/2691 2267/2695/2690 2271/2652/2694 2270/2642/2695
f 2269/2634/2693 2268/2635/2692 2272/2631/2696 2273/2630/2697
f 2270/2642/2695 2271/2652/2694 2275/2644/2698 2274/2636/2699
f 2273/2630/2697 2272/2631/2696 2276/2632/2700 2277/2633/2701
f 2274/2636/2699 2275/2644/2698 2279/2645/2702 2278/2637/2703
f 2277/2633/2701 2276/2632/2700 2280/2638/2704 2281/2639/2705
f 2278/2637/2703 2279/2645/2702 2283/2656/2706 2282/2646/2707
f 2281/2639/2705 2280/2638/2704 2284/2647/2708 2285/2648/2709
f 2282/2646/2707 2283/2656/2706 2287/2665/2710 2286/2657/2711
f 2285/2648/2709 2284/2647/2708 2288/2658/2712 2289/2659/2713
f 2286/2657/2711 2287/2665/2710 2291/2670/2714 2290/2666/2715
f 2289/2659/2713 2288/2658/2712 2292/2678/2671 2293/2677/2670
f 2290/2666/2715 2291/2670/2714 2295/2686/2679 2294/2682/2678
f 2296/2611/2716 2297/2602/2717 2321/2601/2718 2320/2612/2719
f 2297/2602/2717 2296/2611/2716 2298/2613/2720 2299/2603/2721
f 2299/2679/2721 2298/2683/2720 2300/2684/2722 2301/2680/2723
f 2301/2680/2723 2300/2684/2722 2302/2671/2724 2303/2667/2725
f 2303/2667/2725 2302/2671/2724 2304/2668/2726 2305/2660/2727
f 2305/2660/2727 2304/2668/2726 2306/2661/2728 2307/2649/2729
f 2307/2649/2729 2306/2661/2728 2308/2650/2730 2309/2640/2731
f 2309/2640/2731 2308/2650/2730 2310/2651/2732 2311/2641/2733
f 2311/2641/2733 2310/2651/2732 2312/2653/2734 2313/2643/2735
f 2313/2643/2735 2312/2653/2734 2314/2696/2736 2315/2694/2737
f 2315/2694/2737 2314/2696/2736 2316/2626/2738 2317/2619/2739
f 2317/2619/2739 2316/2626/2738 2318/2620/2740 2319/2610/2741
f 2319/2610/2741 2318/2620/2740 2320/2612/2719 2321/2601/2718
f 2244/2592/2664 2246/2596/2667 2250/2604/2676 2248/2597/2672
f 2252/2593/2668 2244/2592/2664 2248/2597/2672 2254/2598/2675
f 2256/2599/2680 2252/2593/2668 2254/2598/2675 2258/2607/2683
f 2260/2608/2684 2256/2599/2680 2258/2607/2683 2262/2618/2687
f 2264/2691/2688 2260/2608/2684 2262/2618/2687 2266/2693/2691
f 2268/2635/2692 2264/2691/2688 2266/2693/2691 2270/2642/2695
f 2272/2631/2696 2268/2635/2692 2270/2642/2695 2274/2636/2699
f 2276/2632/2700 2272/2631/2696 2274/2636/2699 2278/2637/2703
f 2280/2638/2704 2276/2632/2700 2278/2637/2703 2282/2646/2707
f 2284/2647/2708 2280/2638/2704 2282/2646/2707 2286/2657/2711
f 2288/2658/2712 2284/2647/2708 2286/2657/2711 2290/2666/2715
f 2292/2678/2671 2288/2658/2712 2290/2666/2715 2294/2682/2678
f 2250/2681/2676 2246/2675/2667 2292/2678/2671 2294/2682/2678
f 2218/2621/2742 2219/2622/2743 2298/2613/2720 2296/2611/2716
f 2219/2687/2743 2220/2688/2744 2300/2684/2722 2298/2683/2720
f 2220/2688/2744 2221/2674/2745 2302/2671/2724 2300/2684/2722
f 2221/2674/2745 2222/2672/2746 2304/2668/2726 2302/2671/2724
f 2222/2672/2746 2223/2701/2747 2306/2661/2728 2304/2668/2726
f 2223/2701/2747 2224/2700/2748 2308/2650/2730 2306/2661/2728
f 2224/2700/2748 2225/2699/2749 2310/2651/2732 2308/2650/2730
f 2225/2699/2749 2226/2663/2750 2312/2653/2734 2310/2651/2732
f 2226/2663/2750 2227/2698/2751 2314/2696/2736 2312/2653/2734
f 2227/2698/2751 2228/2629/2752 2316/2626/2738 2314/2696/2736
f 2228/2629/2752 2229/2627/2753 2318/2620/2740 2316/2626/2738
f 2229/2627/2753 2230/2702/2754 2320/2612/2719 2318/2620/2740
f 2230/2702/2754 2218/2621/2742 2296/2611/2716 2320/2612/2719
f 2255/2606/2674 2249/2605/2673 2231/2615/2755 2243/2616/2756
f 2259/2617/2682 2255/2606/2674 2243/2616/2756 2242/2624/2757
f 2263/2625/2686 2259/2617/2682 2242/2624/2757 2241/2628/2758
f 2267/2695/2690 2263/2625/2686 2241/2628/2758 2240/2697/2759
f 2271/2652/2694 2267/2695/2690 2240/2697/2759 2239/2662/2760
f 2275/2644/2698 2271/2652/2694 2239/2662/2760 2238/2654/2761
f 2279/2645/2702 2275/2644/2698 2238/2654/2761 2237/2655/2762
f 2283/2656/2706 2279/2645/2702 2237/2655/2762 2236/2664/2763
f 2287/2665/2710 2283/2656/2706 2236/2664/2763 2235/2669/2764
f 2291/2670/2714 2287/2665/2710 2235/2669/2764 2234/2673/2765
f 2295/2686/2679 2291/2670/2714 2234/2673/2765 2233/2689/2766
f 2251/2685/2677 2295/2686/2679 2233/2689/2766 2232/2690/2767
f 2249/2605/2673 2251/2614/2677 2232/2623/2767 2231/2615/2755
f 2297/2602/2717 2299/2603/2721 2247/2595/2666 2245/2591/2665
f 2293/2677/2670 2247/2676/2666 2299/2679/2721 2301/2680/2723
f 2301/2680/2723 2303/2667/2725 2289/2659/2713 2293/2677/2670
f 2303/2667/2725 2305/2660/2727 2285/2648/2709 2289/2659/2713
f 2305/2660/2727 2307/2649/2729 2281/2639/2705 2285/2648/2709
f 2307/2649/2729 2309/2640/2731 2277/2633/2701 2281/2639/2705
f 2309/2640/2731 2311/2641/2733 2273/2630/2697 2277/2633/2701
f 2311/2641/2733 2313/2643/2735 2269/2634/2693 2273/2630/2697
f 2313/2643/2735 2315/2694/2737 2265/2692/2689 2269/2634/2693
f 2315/2694/2737 2317/2619/2739 2261/2609/2685 2265/2692/2689
f 2317/2619/2739 2319/2610/2741 2257/2600/2681 2261/2609/2685
f 2319/2610/2741 2321/2601/2718 2253/2594/2669 2257/2600/2681
f 2321/2601/2718 2297/2602/2717 2245/2591/2665 2253/2594/2669
f 2218/2754/2742 2230/2756/2754 2334/2753/2768 2322/2749/2769
f 2230/2756/2754 2229/2755/2753 2333/2751/2770 2334/2753/2768
f 2229/2755/2753 2228/2752/2752 2332/2747/2771 2333/2751/2770
f 2228/2752/2752 2227/2748/2751 2331/2743/2772 2332/2747/2771
f 2227/2748/2751 2226/2744/2750 2330/2739/2773 2331/2743/2772
f 2226/2744/2750 2225/2740/2749 2329/2734/2774 2330/2739/2773
f 2225/2740/2749 2224/2735/2748 2328/2732/2660 2329/2734/2774
f 2224/2735/2748 2223/2736/2747 2327/2730/2658 2328/2732/2660
f 2223/2736/2747 2222/2738/2746 2326/2733/2775 2327/2730/2658
f 2222/2738/2746 2221/2742/2745 2325/2737/2776 2326/2733/2775
f 2221/2742/2745 2220/2746/2744 2324/2741/2777 2325/2737/2776
f 2220/2746/2744 2219/2750/2743 2323/2745/2778 2324/2741/2777
f 2219/2750/2743 2218/2754/2742 2322/2749/2769 2323/2745/2778
f 2243/2729/2756 2231/2728/2755 2336/2724/2779 2347/2726/2780
f 2231/2728/2755 2232/2725/2767 2335/2720/2781 2336/2724/2779
f 2232/2725/2767 2233/2721/2766 2337/2716/2782 2335/2720/2781
f 2233/2721/2766 2234/2717/2765 2338/2712/2783 2337/2716/2782
f 2234/2717/2765 2235/2713/2764 2339/2707/2784 2338/2712/2783
f 2235/2713/2764 2236/2708/2763 2340/2705/2663 2339/2707/2784
f 2236/2708/2763 2237/2709/2762 2341/2703/2661 2340/2705/2663
f 2237/2709/2762 2238/2711/2761 2342/2706/2785 2341/2703/2661
f 2238/2711/2761 2239/2715/2760 2343/2710/2786 2342/2706/2785
f 2239/2715/2760 2240/2719/2759 2344/2714/2787 2343/2710/2786
f 2240/2719/2759 2241/2723/2758 2345/2718/2788 2344/2714/2787
f 2241/2723/2758 2242/2727/2757 2346/2722/2789 2345/2718/2788
f 2242/2727/2757 2243/2729/2756 2347/2726/2780 2346/2722/2789
f 2334/2753/2768 2333/2751/2770 2348/2731/2659
f 2348/2731/2659 2333/2751/2770 2332/2747/2771
f 2348/2731/2659 2332/2747/2771 2331/2743/2772
f 2348/2731/2659 2331/2743/2772 2330/2739/2773
f 2348/2731/2659 2330/2739/2773 2329/2734/2774
f 2348/2731/2659 2329/2734/2774 2328/2732/2660
f 2326/2733/2775 2348/2731/2659 2327/2730/2658
f 2325/2737/2776 2348/2731/2659 2326/2733/2775
f 2324/2741/2777 2348/2731/2659 2325/2737/2776
f 2323/2745/2778 2348/2731/2659 2324/2741/2777
f 2322/2749/2769 2348/2731/2659 2323/2745/2778
f 2334/2753/2768 2348/2731/2659 2322/2749/2769
f 2347/2726/2780 2336/2724/2779 2349/2704/2662
f 2349/2704/2662 2336/2724/2779 2335/2720/2781
f 2349/2704/2662 2335/2720/2781 2337/2716/2782
f 2349/2704/2662 2337/2716/2782 2338/2712/2783
f 2349/2704/2662 2338/2712/2783 2339/2707/2784
f 2349/2704/2662 2339/2707/2784 2340/2705/2663
f 2342/2706/2785 2349/2704/2662 2341/2703/2661
f 2343/2710/2786 2349/2704/2662 2342/2706/2785
f 2344/2714/2787 2349/2704/2662 2343/2710/2786
f 2345/2718/2788 2349/2704/2662 2344/2714/2787
f 2346/2722/2789 2349/2704/2662 2345/2718/2788
f 2347/2726/2780 2349/2704/2662 2346/2722/2789
s 65
f 2517/2783/2790 2518/2786/2791 2519/2785/2792 2520/2784/2793
f 2521/2787/2794 2522/2790/2795 2523/2789/2796 2524/2788/2797
f 2525/2791/2798 2526/2794/2799 2527/2793/2800 2528/2792/2801
f 2529/2795/2802 2530/2798/2803 2531/2797/2804 2532/2796/2805
f 2540/2799/2806 2541/2802/2807 2542/2801/2808 2543/2800/2809
s 70
f 2732/2803/2810 2733/2806/2811 2544/2805/2812 2545/2804/2813
f 2741/2807/2814 2742/2810/2815 2546/2809/2816 2547/2808/2817
s 65
f 2556/2811/2818 2557/2814/2819 2558/2813/2820 2559/2812/2821
f 2560/2815/2822 2561/2818/2823 2562/2817/2824 2563/2816/2825
f 2564/2819/2826 2565/2822/2827 2566/2821/2828 2567/2820/2829
f 2568/2823/2830 2569/2826/2831 2570/2825/2832 2571/2824/2833
f 2572/2827/2834 2573/2830/2835 2574/2829/2836 2575/2828/2837
f 2576/2831/2838 2577/2834/2839 2578/2833/2840 2579/2832/2841
f 2580/2835/2842 2581/2838/2843 2582/2837/2844 2583/2836/2845
s 70
f 2734/2839/2846 2735/2842/2847 2584/2841/2848 2585/2840/2849
f 2739/2843/2850 2740/2846/2851 2586/2845/2852 2587/2844/2853
s 65
f 2588/2847/2854 2589/2850/2855 2590/2849/2856 2591/2848/2857
f 2593/2851/2858 2592/2854/2859 2594/2853/2860 2595/2852/2861
f 2597/2855/2862 2596/2858/2863 2598/2857/2864 2599/2856/2865
f 2601/2859/2866 2600/2862/2867 2602/2861/2868 2603/2860/2869
s 70
f 2613/2863/2870 2612/2866/2871 2604/2865/2872 2605/2864/2873
f 2615/2867/2874 2614/2870/2875 2606/2869/2876 2607/2868/2877
f 2617/2871/2878 2616/2874/2879 2608/2873/2880 2609/2872/2881
f 2619/2875/2882 2618/2878/2883 2610/2877/2884 2611/2876/2885
f 2585/2840/2849 2584/2841/2848 2612/2866/2871 2613/2863/2870
f 2545/2804/2813 2544/2805/2812 2614/2870/2875 2615/2867/2874
f 2547/2808/2817 2546/2809/2816 2616/2874/2879 2617/2871/2878
f 2587/2844/2853 2586/2845/2852 2618/2878/2883 2619/2875/2882
s 65
f 2591/2848/2857 2620/2880/2886 2621/2879/2887 2588/2847/2854
f 2595/2852/2861 2622/2882/2888 2623/2881/2889 2593/2851/2858
f 2599/2856/2865 2624/2884/2890 2625/2883/2891 2597/2855/2862
f 2603/2860/2869 2626/2886/2892 2627/2885/2893 2601/2859/2866
f 2581/2838/2843 2628/2888/2894 2629/2887/2895 2582/2837/2844
f 2558/2813/2820 2630/2890/2896 2631/2889/2897 2559/2812/2821
f 2561/2818/2823 2632/2892/2898 2633/2891/2899 2562/2817/2824
f 2565/2822/2827 2634/2894/2900 2635/2893/2901 2566/2821/2828
f 2636/2895/2902 2637/2898/2903 2638/2897/2904 2639/2896/2905
f 2641/2899/2906 2640/2902/2907 2642/2901/2908 2643/2900/2909
f 2645/2903/2910 2644/2906/2911 2646/2905/2912 2647/2904/2913
f 2649/2907/2914 2648/2910/2915 2650/2909/2916 2651/2908/2917
f 2639/2896/2905 2652/2912/2918 2653/2911/2919 2636/2895/2902
f 2643/2900/2909 2654/2914/2920 2655/2913/2921 2641/2899/2906
f 2647/2904/2913 2656/2916/2922 2657/2915/2923 2645/2903/2910
f 2651/2908/2917 2658/2918/2924 2659/2917/2925 2649/2907/2914
f 2518/2786/2791 2660/2920/2926 2661/2919/2927 2519/2785/2792
f 2522/2790/2795 2662/2922/2928 2663/2921/2929 2523/2789/2796
f 2526/2794/2799 2664/2924/2930 2665/2923/2931 2527/2793/2800
f 2530/2798/2803 2666/2926/2932 2667/2925/2933 2531/2797/2804
f 2660/2920/2926 2638/2897/2904 2637/2898/2903 2661/2919/2927
f 2662/2922/2928 2642/2901/2908 2640/2902/2907 2663/2921/2929
f 2664/2924/2930 2646/2905/2912 2644/2906/2911 2665/2923/2931
f 2666/2926/2932 2650/2909/2916 2648/2910/2915 2667/2925/2933
f 2569/2826/2831 2517/2783/2790 2520/2784/2793 2570/2825/2832
f 2574/2829/2836 2521/2787/2794 2524/2788/2797 2575/2828/2837
f 2577/2834/2839 2525/2791/2798 2528/2792/2801 2578/2833/2840
f 2541/2802/2807 2529/2795/2802 2532/2796/2805 2542/2801/2808
f 2578/2833/2840 2574/2829/2836 2573/2830/2835 2579/2832/2841
f 2528/2792/2801 2521/2787/2794 2574/2829/2836 2578/2833/2840
f 2527/2793/2800 2522/2790/2795 2521/2787/2794 2528/2792/2801
f 2665/2923/2931 2662/2922/2928 2522/2790/2795 2527/2793/2800
f 2644/2906/2911 2642/2901/2908 2662/2922/2928 2665/2923/2931
f 2643/2900/2909 2642/2901/2908 2644/2906/2911 2645/2903/2910
f 2657/2915/2923 2654/2914/2920 2643/2900/2909 2645/2903/2910
f 2562/2817/2824 2558/2813/2820 2557/2814/2819 2563/2816/2825
f 2633/2891/2899 2630/2890/2896 2558/2813/2820 2562/2817/2824
f 2595/2852/2861 2594/2853/2860 2596/2858/2863 2597/2855/2862
f 2625/2883/2891 2622/2882/2888 2595/2852/2861 2597/2855/2862
s 70
f 2742/2810/2815 2732/2803/2810 2545/2804/2813 2546/2809/2816
f 2616/2874/2879 2546/2809/2816 2545/2804/2813 2615/2867/2874
f 2608/2873/2880 2616/2874/2879 2615/2867/2874 2607/2868/2877
s 65
f 2668/2927/2934 2724/2930/2935 2723/2929/2936 2669/2928/2937
f 2670/2931/2938 2726/2934/2939 2725/2933/2940 2671/2932/2941
f 2726/2934/2939 2670/2931/2938 2672/2936/2942 2727/2935/2943
f 2673/2937/2944 2728/2938/2945 2727/2935/2943 2672/2936/2942
f 2674/2939/2946 2730/2942/2947 2729/2941/2948 2675/2940/2949
f 2652/2912/2918 2580/2835/2842 2583/2836/2845 2653/2911/2919
f 2654/2914/2920 2557/2814/2819 2556/2811/2818 2655/2913/2921
f 2563/2816/2825 2557/2814/2819 2654/2914/2920 2657/2915/2923
f 2656/2916/2922 2560/2815/2822 2563/2816/2825 2657/2915/2923
f 2658/2918/2924 2564/2819/2826 2567/2820/2829 2659/2917/2925
f 2634/2894/2900 2602/2861/2868 2600/2862/2867 2635/2893/2901
f 2632/2892/2898 2598/2857/2864 2596/2858/2863 2633/2891/2899
f 2596/2858/2863 2594/2853/2860 2630/2890/2896 2633/2891/2899
f 2631/2889/2897 2630/2890/2896 2594/2853/2860 2592/2854/2859
f 2628/2888/2894 2590/2849/2856 2589/2850/2855 2629/2887/2895
s 70
f 2676/2943/2950 2677/2946/2951 2678/2945/2952 2679/2944/2953
f 2681/2947/2954 2680/2950/2955 2682/2949/2956 2683/2948/2957
f 2683/2948/2957 2682/2949/2956 2684/2952/2958 2685/2951/2959
f 2685/2951/2959 2684/2952/2958 2686/2954/2960 2687/2953/2961
f 2689/2955/2962 2688/2958/2963 2690/2957/2964 2691/2956/2965
f 2510/2959/2966 2678/2945/2952 2677/2946/2951 2509/2960/2967
f 2512/2961/2968 2682/2949/2956 2680/2950/2955 2511/2962/2969
f 2514/2963/2970 2686/2954/2960 2684/2952/2958 2513/2964/2971
f 2516/2965/2972 2690/2957/2964 2688/2958/2963 2515/2966/2973
f 2684/2952/2958 2682/2949/2956 2512/2961/2968 2513/2964/2971
s 65
f 2724/2930/2935 2668/2927/2934 2671/2932/2941 2725/2933/2940
f 2575/2828/2837 2569/2826/2831 2568/2823/2830 2572/2827/2834
f 2524/2788/2797 2517/2783/2790 2569/2826/2831 2575/2828/2837
f 2523/2789/2796 2518/2786/2791 2517/2783/2790 2524/2788/2797
f 2663/2921/2929 2660/2920/2926 2518/2786/2791 2523/2789/2796
f 2640/2902/2907 2638/2897/2904 2660/2920/2926 2663/2921/2929
f 2639/2896/2905 2638/2897/2904 2640/2902/2907 2641/2899/2906
f 2655/2913/2921 2652/2912/2918 2639/2896/2905 2641/2899/2906
f 2556/2811/2818 2580/2835/2842 2652/2912/2918 2655/2913/2921
f 2559/2812/2821 2581/2838/2843 2580/2835/2842 2556/2811/2818
f 2631/2889/2897 2628/2888/2894 2581/2838/2843 2559/2812/2821
f 2592/2854/2859 2590/2849/2856 2628/2888/2894 2631/2889/2897
f 2591/2848/2857 2590/2849/2856 2592/2854/2859 2593/2851/2858
f 2623/2881/2889 2620/2880/2886 2591/2848/2857 2593/2851/2858
s 70
f 2740/2846/2851 2741/2807/2814 2547/2808/2817 2586/2845/2852
f 2618/2878/2883 2586/2845/2852 2547/2808/2817 2617/2871/2878
f 2610/2877/2884 2618/2878/2883 2617/2871/2878 2609/2872/2881
f 2680/2950/2955 2678/2945/2952 2510/2959/2966 2511/2962/2969
f 2679/2944/2953 2678/2945/2952 2680/2950/2955 2681/2947/2954
s 65
f 2728/2938/2945 2673/2937/2944 2675/2940/2949 2729/2941/2948
f 2542/2801/2808 2577/2834/2839 2576/2831/2838 2543/2800/2809
f 2532/2796/2805 2525/2791/2798 2577/2834/2839 2542/2801/2808
f 2531/2797/2804 2526/2794/2799 2525/2791/2798 2532/2796/2805
f 2667/2925/2933 2664/2924/2930 2526/2794/2799 2531/2797/2804
f 2648/2910/2915 2646/2905/2912 2664/2924/2930 2667/2925/2933
f 2647/2904/2913 2646/2905/2912 2648/2910/2915 2649/2907/2914
f 2659/2917/2925 2656/2916/2922 2647/2904/2913 2649/2907/2914
f 2567/2820/2829 2560/2815/2822 2656/2916/2922 2659/2917/2925
f 2566/2821/2828 2561/2818/2823 2560/2815/2822 2567/2820/2829
f 2635/2893/2901 2632/2892/2898 2561/2818/2823 2566/2821/2828
f 2600/2862/2867 2598/2857/2864 2632/2892/2898 2635/2893/2901
f 2599/2856/2865 2598/2857/2864 2600/2862/2867 2601/2859/2866
f 2627/2885/2893 2624/2884/2890 2599/2856/2865 2601/2859/2866
s 70
f 2733/2806/2811 2734/2839/2846 2585/2840/2849 2544/2805/2812
f 2614/2870/2875 2544/2805/2812 2585/2840/2849 2613/2863/2870
f 2606/2869/2876 2614/2870/2875 2613/2863/2870 2605/2864/2873
f 2688/2958/2963 2686/2954/2960 2514/2963/2970 2515/2966/2973
f 2687/2953/2961 2686/2954/2960 2688/2958/2963 2689/2955/2962
s 65
f 2730/2942/2947 2674/2939/2946 2693/2968/2974 2731/2967/2975
f 2694/2969/2976 2541/2802/2807 2540/2799/2806 2692/2970/2977
f 2695/2971/2978 2529/2795/2802 2541/2802/2807 2694/2969/2976
f 2696/2972/2979 2530/2798/2803 2529/2795/2802 2695/2971/2978
f 2697/2973/2980 2666/2926/2932 2530/2798/2803 2696/2972/2979
f 2698/2974/2981 2650/2909/2916 2666/2926/2932 2697/2973/2980
f 2651/2908/2917 2650/2909/2916 2698/2974/2981 2699/2975/2982
f 2700/2976/2983 2658/2918/2924 2651/2908/2917 2699/2975/2982
f 2701/2977/2984 2564/2819/2826 2658/2918/2924 2700/2976/2983
f 2702/2978/2985 2565/2822/2827 2564/2819/2826 2701/2977/2984
f 2703/2979/2986 2634/2894/2900 2565/2822/2827 2702/2978/2985
f 2704/2980/2987 2602/2861/2868 2634/2894/2900 2703/2979/2986
f 2603/2860/2869 2602/2861/2868 2704/2980/2987 2705/2981/2988
f 2706/2982/2989 2626/2886/2892 2603/2860/2869 2705/2981/2988
s 70
f 2735/2842/2847 2736/2984/2990 2707/2983/2991 2584/2841/2848
f 2612/2866/2871 2584/2841/2848 2707/2983/2991 2708/2985/2992
f 2604/2865/2872 2612/2866/2871 2708/2985/2992 2709/2986/2993
f 2712/2987/2994 2690/2957/2964 2516/2965/2972 2711/2988/2995
f 2691/2956/2965 2690/2957/2964 2712/2987/2994 2713/2989/2996
s 85
f 2461/2990/2997 2411/2993/2998 2370/2992/2999 2462/2991/3000
f 2418/2994/3001 2412/2997/3002 2371/2996/3003 2419/2995/3004
f 2478/2998/3005 2413/3001/3006 2372/3000/3007 2479/2999/3008
f 2495/3002/3009 2414/3005/3010 2373/3004/3011 2496/3003/3012
f 2493/3006/3013 2432/3009/3014 2380/3008/3015 2494/3007/3016
f 2435/3010/3017 2383/3013/3018 2424/3012/3019 2436/3011/3020
f 2484/3014/3021 2437/3017/3022 2384/3016/3023 2485/3015/3024
f 2501/3018/3025 2438/3021/3026 2385/3020/3027 2502/3019/3028
f 2459/3022/3029 2428/3025/3030 2377/3024/3031 2460/3023/3032
f 2429/3026/3033 2378/3029/3034 2417/3028/3035 2430/3027/3036
f 2476/3030/3037 2431/3033/3038 2379/3032/3039 2477/3031/3040
f 2467/3034/3041 2434/3037/3042 2382/3036/3043 2468/3035/3044
f 2468/3035/3044 2382/3036/3043 2445/3039/3045 2469/3038/3046
f 2424/3012/3019 2383/3013/3018 2444/3041/3047 2443/3040/3048
f 2485/3015/3024 2384/3016/3023 2442/3043/3049 2486/3042/3050
f 2502/3019/3028 2385/3020/3027 2441/3045/3051 2503/3044/3052
f 2397/3046/3053 2465/3049/3054 2464/3048/3055 2406/3047/3056
f 2398/3050/3057 2422/3053/3058 2421/3052/3059 2407/3051/3060
f 2400/3054/3061 2482/3057/3062 2481/3056/3063 2408/3055/3064
f 2402/3058/3065 2499/3061/3066 2498/3060/3067 2409/3059/3068
f 2465/3049/3054 2397/3046/3053 2352/3063/3069 2466/3062/3070
f 2422/3053/3058 2398/3050/3057 2355/3065/3071 2423/3064/3072
f 2482/3057/3062 2400/3054/3061 2358/3067/3073 2483/3066/3074
f 2499/3061/3066 2402/3058/3065 2361/3069/3075 2500/3068/3076
f 2462/2991/3000 2370/2992/2999 2396/3071/3077 2463/3070/3078
f 2419/2995/3004 2371/2996/3003 2399/3073/3079 2420/3072/3080
f 2479/2999/3008 2372/3000/3007 2401/3075/3081 2480/3074/3082
f 2496/3003/3012 2373/3004/3011 2403/3077/3083 2497/3076/3084
f 2463/3070/3078 2396/3071/3077 2406/3047/3056 2464/3048/3055
f 2420/3072/3080 2399/3073/3079 2407/3051/3060 2421/3052/3059
f 2480/3074/3082 2401/3075/3081 2408/3055/3064 2481/3056/3063
f 2497/3076/3084 2403/3077/3083 2409/3059/3068 2498/3060/3067
f 2460/3023/3032 2377/3024/3031 2411/2993/2998 2461/2990/2997
f 2417/3028/3035 2378/3029/3034 2412/2997/3002 2418/2994/3001
f 2477/3031/3040 2379/3032/3039 2413/3001/3006 2478/2998/3005
f 2494/3007/3016 2380/3008/3015 2414/3005/3010 2495/3002/3009
f 2379/3032/3039 2431/3033/3038 2430/3027/3036 2417/3028/3035
f 2413/3001/3006 2379/3032/3039 2417/3028/3035 2418/2994/3001
f 2372/3000/3007 2413/3001/3006 2418/2994/3001 2419/2995/3004
f 2401/3075/3081 2372/3000/3007 2419/2995/3004 2420/3072/3080
f 2408/3055/3064 2401/3075/3081 2420/3072/3080 2421/3052/3059
f 2422/3053/3058 2400/3054/3061 2408/3055/3064 2421/3052/3059
f 2358/3067/3073 2400/3054/3061 2422/3053/3058 2423/3064/3072
f 2384/3016/3023 2437/3017/3022 2436/3011/3020 2424/3012/3019
f 2442/3043/3049 2384/3016/3023 2424/3012/3019 2443/3040/3048
f 2458/3078/3085 2365/3081/3086 2722/3080/3087 2721/3079/3088
f 2416/3082/3089 2366/3085/3090 2720/3084/3091 2719/3083/3092
f 2718/3086/3093 2367/3087/3094 2416/3082/3089 2719/3083/3092
f 2475/3088/3095 2367/3087/3094 2718/3086/3093 2717/3089/3096
f 2492/3090/3097 2368/3093/3098 2716/3092/3099 2715/3091/3100
f 2466/3062/3070 2352/3063/3069 2434/3037/3042 2467/3034/3041
f 2423/3064/3072 2355/3065/3071 2435/3010/3017 2436/3011/3020
f 2437/3017/3022 2358/3067/3073 2423/3064/3072 2436/3011/3020
f 2483/3066/3074 2358/3067/3073 2437/3017/3022 2484/3014/3021
f 2500/3068/3076 2361/3069/3075 2438/3021/3026 2501/3018/3025
f 2503/3044/3052 2441/3045/3051 2390/3095/3101 2504/3094/3102
f 2486/3042/3050 2442/3043/3049 2391/3097/3103 2487/3096/3104
f 2391/3097/3103 2442/3043/3049 2443/3040/3048 2425/3098/3105
f 2444/3041/3047 2392/3099/3106 2425/3098/3105 2443/3040/3048
f 2469/3038/3046 2445/3039/3045 2393/3101/3107 2470/3100/3108
f 2447/3102/3109 2474/3105/3110 2473/3104/3111 2446/3103/3112
f 2448/3106/3113 2451/3109/3114 2450/3108/3115 2449/3107/3116
f 2451/3109/3114 2453/3111/3117 2452/3110/3118 2450/3108/3115
f 2453/3111/3117 2491/3113/3119 2490/3112/3120 2452/3110/3118
f 2454/3114/3121 2508/3117/3122 2507/3116/3123 2455/3115/3124
f 2472/3118/3125 2350/3119/3126 2446/3103/3112 2473/3104/3111
f 2427/3120/3127 2353/3121/3128 2449/3107/3116 2450/3108/3115
f 2489/3122/3129 2356/3123/3130 2452/3110/3118 2490/3112/3120
f 2506/3124/3131 2359/3125/3132 2455/3115/3124 2507/3116/3123
f 2452/3110/3118 2356/3123/3130 2427/3120/3127 2450/3108/3115
f 2720/3084/3091 2366/3085/3090 2458/3078/3085 2721/3079/3088
f 2378/3029/3034 2429/3026/3033 2459/3022/3029 2460/3023/3032
f 2412/2997/3002 2378/3029/3034 2460/3023/3032 2461/2990/2997
f 2371/2996/3003 2412/2997/3002 2461/2990/2997 2462/2991/3000
f 2399/3073/3079 2371/2996/3003 2462/2991/3000 2463/3070/3078
f 2407/3051/3060 2399/3073/3079 2463/3070/3078 2464/3048/3055
f 2465/3049/3054 2398/3050/3057 2407/3051/3060 2464/3048/3055
f 2355/3065/3071 2398/3050/3057 2465/3049/3054 2466/3062/3070
f 2435/3010/3017 2355/3065/3071 2466/3062/3070 2467/3034/3041
f 2383/3013/3018 2435/3010/3017 2467/3034/3041 2468/3035/3044
f 2444/3041/3047 2383/3013/3018 2468/3035/3044 2469/3038/3046
f 2392/3099/3106 2444/3041/3047 2469/3038/3046 2470/3100/3108
f 2449/3107/3116 2353/3121/3128 2472/3118/3125 2473/3104/3111
f 2474/3105/3110 2448/3106/3113 2449/3107/3116 2473/3104/3111
f 2716/3092/3099 2368/3093/3098 2475/3088/3095 2717/3089/3096
f 2380/3008/3015 2432/3009/3014 2476/3030/3037 2477/3031/3040
f 2414/3005/3010 2380/3008/3015 2477/3031/3040 2478/2998/3005
f 2373/3004/3011 2414/3005/3010 2478/2998/3005 2479/2999/3008
f 2403/3077/3083 2373/3004/3011 2479/2999/3008 2480/3074/3082
f 2409/3059/3068 2403/3077/3083 2480/3074/3082 2481/3056/3063
f 2482/3057/3062 2402/3058/3065 2409/3059/3068 2481/3056/3063
f 2361/3069/3075 2402/3058/3065 2482/3057/3062 2483/3066/3074
f 2438/3021/3026 2361/3069/3075 2483/3066/3074 2484/3014/3021
f 2385/3020/3027 2438/3021/3026 2484/3014/3021 2485/3015/3024
f 2441/3045/3051 2385/3020/3027 2485/3015/3024 2486/3042/3050
f 2390/3095/3101 2441/3045/3051 2486/3042/3050 2487/3096/3104
f 2455/3115/3124 2359/3125/3132 2489/3122/3129 2490/3112/3120
f 2491/3113/3119 2454/3114/3121 2455/3115/3124 2490/3112/3120
f 2714/3126/3133 2369/3127/3134 2492/3090/3097 2715/3091/3100
f 2381/3128/3135 2433/3129/3136 2493/3006/3013 2494/3007/3016
f 2415/3130/3137 2381/3128/3135 2494/3007/3016 2495/3002/3009
f 2374/3131/3138 2415/3130/3137 2495/3002/3009 2496/3003/3012
f 2405/3132/3139 2374/3131/3138 2496/3003/3012 2497/3076/3084
f 2410/3133/3140 2405/3132/3139 2497/3076/3084 2498/3060/3067
f 2499/3061/3066 2404/3134/3141 2410/3133/3140 2498/3060/3067
f 2364/3135/3142 2404/3134/3141 2499/3061/3066 2500/3068/3076
f 2439/3136/3143 2364/3135/3142 2500/3068/3076 2501/3018/3025
f 2386/3137/3144 2439/3136/3143 2501/3018/3025 2502/3019/3028
f 2440/3138/3145 2386/3137/3144 2502/3019/3028 2503/3044/3052
f 2389/3139/3146 2440/3138/3145 2503/3044/3052 2504/3094/3102
f 2457/3140/3147 2362/3141/3148 2506/3124/3131 2507/3116/3123
f 2508/3117/3122 2456/3142/3149 2457/3140/3147 2507/3116/3123
s 103
f 2370/3143/3150 2411/3146/3151 2520/3145/3152 2519/3144/3153
f 2377/3147/3154 2428/3150/3155 2571/3149/3156 2570/3148/3157
f 2382/3151/3158 2434/3154/3159 2583/3153/3160 2582/3152/3161
s 106
f 2395/3155/3162 2738/3158/3163 2739/3157/3164 2587/3156/3165
s 103
f 2387/3159/3166 2393/3162/3167 2589/3161/3168 2588/3160/3169
s 106
f 2393/3162/3170 2387/3159/3171 2619/3164/3172 2611/3163/3173
f 2387/3159/3171 2395/3155/3162 2587/3156/3165 2619/3164/3172
s 103
f 2395/3155/3174 2387/3159/3166 2588/3160/3169 2621/3165/3175
f 2445/3166/3176 2382/3151/3158 2582/3152/3161 2629/3167/3177
f 2397/3168/3178 2406/3171/3179 2637/3170/3180 2636/3169/3181
f 2352/3172/3182 2397/3168/3178 2636/3169/3181 2653/3173/3183
f 2396/3174/3184 2370/3143/3150 2519/3144/3153 2661/3175/3185
f 2406/3171/3179 2396/3174/3184 2661/3175/3185 2637/3170/3180
f 2411/3146/3151 2377/3147/3154 2570/3148/3157 2520/3145/3152
f 2722/3176/3186 2365/3179/3187 2669/3178/3188 2723/3177/3189
s 109
f 2365/3180/3190 2458/3183/3191 2668/3182/3192 2669/3181/3193
f 2366/3184/3194 2416/3187/3195 2670/3186/3196 2671/3185/3197
f 2416/3187/3195 2367/3189/3198 2672/3188/3199 2670/3186/3196
f 2367/3189/3198 2475/3191/3200 2673/3190/3201 2672/3188/3199
f 2368/3192/3202 2492/3195/3203 2674/3194/3204 2675/3193/3205
s 103
f 2434/3154/3159 2352/3172/3182 2653/3173/3183 2583/3153/3160
f 2393/3162/3167 2445/3166/3176 2629/3167/3177 2589/3161/3168
s 106
f 2447/3196/3206 2446/3199/3207 2677/3198/3208 2676/3197/3209
f 2446/3199/3207 2350/3201/3210 2509/3200/3211 2677/3198/3208
s 109
f 2458/3183/3191 2366/3184/3194 2671/3185/3197 2668/3182/3192
f 2475/3191/3200 2368/3192/3202 2675/3193/3205 2673/3190/3201
f 2492/3195/3203 2369/3203/3212 2693/3202/3213 2674/3194/3204
s 113
f 2369/3204/3214 2714/3207/3215 2731/3206/3216 2693/3205/3217
f 2433/3208/3218 2381/3211/3219 2694/3210/3220 2692/3209/3221
f 2381/3211/3219 2415/3213/3222 2695/3212/3223 2694/3210/3220
f 2415/3213/3222 2374/3215/3224 2696/3214/3225 2695/3212/3223
f 2374/3215/3224 2405/3217/3226 2697/3216/3227 2696/3214/3225
f 2405/3217/3226 2410/3219/3228 2698/3218/3229 2697/3216/3227
f 2410/3219/3228 2404/3221/3230 2699/3220/3231 2698/3218/3229
f 2404/3221/3230 2364/3223/3232 2700/3222/3233 2699/3220/3231
f 2364/3223/3232 2439/3225/3234 2701/3224/3235 2700/3222/3233
f 2439/3225/3234 2386/3227/3236 2702/3226/3237 2701/3224/3235
f 2386/3227/3236 2440/3229/3238 2703/3228/3239 2702/3226/3237
f 2440/3229/3238 2389/3231/3240 2704/3230/3241 2703/3228/3239
f 2389/3231/3240 2388/3233/3242 2705/3232/3243 2704/3230/3241
f 2388/3233/3242 2394/3235/3244 2706/3234/3245 2705/3232/3243
s 115
f 2736/3236/3246 2737/3238/3247 2394/3235/3248 2707/3237/3249
f 2394/3235/3248 2388/3233/3250 2708/3239/3251 2707/3237/3249
f 2388/3233/3250 2389/3231/3252 2709/3240/3253 2708/3239/3251
f 2362/3241/3254 2457/3244/3255 2712/3243/3256 2711/3242/3257
f 2457/3244/3255 2456/3246/3258 2713/3245/3259 2712/3243/3256
s 85
f 2433/3129/3136 2714/3126/3133 2715/3091/3100 2493/3006/3013
f 2716/3092/3099 2432/3009/3014 2493/3006/3013 2715/3091/3100
f 2432/3009/3014 2716/3092/3099 2717/3089/3096 2476/3030/3037
f 2718/3086/3093 2431/3033/3038 2476/3030/3037 2717/3089/3096
f 2431/3033/3038 2718/3086/3093 2719/3083/3092 2430/3027/3036
f 2720/3084/3091 2429/3026/3033 2430/3027/3036 2719/3083/3092
f 2429/3026/3033 2720/3084/3091 2721/3079/3088 2459/3022/3029
f 2722/3080/3087 2428/3025/3030 2459/3022/3029 2721/3079/3088
s 103
f 2428/3150/3155 2722/3176/3186 2723/3177/3189 2571/3149/3156
s 65
f 2724/2930/2935 2568/2823/2830 2571/2824/2833 2723/2929/2936
f 2572/2827/2834 2568/2823/2830 2724/2930/2935 2725/2933/2940
f 2726/2934/2939 2573/2830/2835 2572/2827/2834 2725/2933/2940
f 2579/2832/2841 2573/2830/2835 2726/2934/2939 2727/2935/2943
f 2728/2938/2945 2576/2831/2838 2579/2832/2841 2727/2935/2943
f 2543/2800/2809 2576/2831/2838 2728/2938/2945 2729/2941/2948
f 2730/2942/2947 2540/2799/2806 2543/2800/2809 2729/2941/2948
f 2692/2970/2977 2540/2799/2806 2730/2942/2947 2731/2967/2975
s 113
f 2714/3207/3215 2433/3208/3218 2692/3209/3221 2731/3206/3216
s 115
f 2376/3247/3260 2737/3238/3247 2736/3236/3246
s 106
f 2739/3157/3164 2738/3158/3163 2375/3248/3261
s 115
f 2376/3247/3260 2736/3236/3246 2743/3250/3262 2744/3249/3263
s 70
f 2753/3251/3264 2754/3254/3265 2740/3253/2851 2739/3252/2850
f 2754/3254/3265 2755/3256/3266 2741/3255/2814 2740/3253/2851
f 2755/3256/3266 2756/3258/3267 2742/3257/2815 2741/3255/2814
f 2756/3258/3267 2757/3260/3268 2732/3259/2810 2742/3257/2815
f 2757/3260/3268 2758/3262/3269 2733/3261/2811 2732/3259/2810
f 2758/3262/3269 2759/3264/3270 2734/3263/2846 2733/3261/2811
f 2759/3264/3270 2760/3266/3271 2735/3265/2847 2734/3263/2846
f 2760/3266/3271 2743/3268/3272 2736/3267/2990 2735/3265/2847
s 85
f 2375/3269/3273 2533/3272/3274 2751/3271/3275 2752/3270/3276
f 2533/3272/3274 2535/3274/3277 2750/3273/3278 2751/3271/3275
f 2535/3274/3277 2534/3276/3279 2749/3275/3280 2750/3273/3278
f 2534/3276/3279 2537/3278/3281 2748/3277/3282 2749/3275/3280
f 2537/3278/3281 2536/3280/3283 2747/3279/3284 2748/3277/3282
f 2536/3280/3283 2539/3282/3285 2746/3281/3286 2747/3279/3284
f 2539/3282/3285 2538/3284/3287 2745/3283/3288 2746/3281/3286
f 2538/3284/3287 2376/3286/3289 2744/3285/3290 2745/3283/3288
s 106
f 2752/3287/3291 2753/3288/3292 2739/3157/3164 2375/3248/3261
s 65
f 2621/2879/2887 2620/2880/2886 2533/3290/3293 2375/3289/3294
f 2620/2880/2886 2623/2881/2889 2535/3291/3295 2533/3290/3293
f 2623/2881/2889 2622/2882/2888 2534/3292/3296 2535/3291/3295
f 2622/2882/2888 2625/2883/2891 2537/3293/3297 2534/3292/3296
f 2625/2883/2891 2624/2884/2890 2536/3294/3298 2537/3293/3297
f 2624/2884/2890 2627/2885/2893 2539/3295/3299 2536/3294/3298
f 2627/2885/2893 2626/2886/2892 2538/3296/3300 2539/3295/3299
f 2626/2886/2892 2706/2982/2989 2376/3297/3301 2538/3296/3300
s 113
f 2706/3234/3245 2394/3235/3244 2737/3238/3302 2376/3247/3303
s 103
f 2395/3155/3174 2621/3165/3175 2375/3248/3304 2738/3158/3305
s 115
f 2744/3249/3263 2743/3250/3262 2713/3245/3259 2456/3246/3258
s 85
f 2745/3283/3288 2744/3285/3290 2456/3142/3149 2508/3117/3122
f 2746/3281/3286 2745/3283/3288 2508/3117/3122 2454/3114/3121
f 2747/3279/3284 2746/3281/3286 2454/3114/3121 2491/3113/3119
f 2748/3277/3282 2747/3279/3284 2491/3113/3119 2453/3111/3117
f 2749/3275/3280 2748/3277/3282 2453/3111/3117 2451/3109/3114
f 2750/3273/3278 2749/3275/3280 2451/3109/3114 2448/3106/3113
f 2751/3271/3275 2750/3273/3278 2448/3106/3113 2474/3105/3110
f 2752/3270/3276 2751/3271/3275 2474/3105/3110 2447/3102/3109
s 106
f 2676/3197/3209 2753/3288/3292 2752/3287/3291 2447/3196/3206
s 70
f 2676/2943/2950 2679/2944/2953 2754/3254/3265 2753/3251/3264
f 2679/2944/2953 2681/2947/2954 2755/3256/3266 2754/3254/3265
f 2681/2947/2954 2683/2948/2957 2756/3258/3267 2755/3256/3266
f 2683/2948/2957 2685/2951/2959 2757/3260/3268 2756/3258/3267
f 2685/2951/2959 2687/2953/2961 2758/3262/3269 2757/3260/3268
f 2687/2953/2961 2689/2955/2962 2759/3264/3270 2758/3262/3269
f 2689/2955/2962 2691/2956/2965 2760/3266/3271 2759/3264/3270
f 2691/2956/2965 2713/2989/2996 2743/3268/3272 2760/3266/3271
s 106
f 2761/3298/3306 2762/3301/3307 2779/3300/3308 2780/3299/3309
s 70
f 2762/3302/3310 2761/3305/3311 2764/3304/3312 2763/3303/3313
f 2763/3303/3313 2764/3304/3312 2765/3307/3314 2766/3306/3315
f 2766/3306/3315 2765/3307/3314 2768/3309/3316 2767/3308/3317
f 2767/3308/3317 2768/3309/3316 2770/3311/3318 2769/3310/3319
f 2769/3310/3319 2770/3311/3318 2772/3313/3320 2771/3312/3321
f 2771/3312/3321 2772/3313/3320 2773/3315/3322 2774/3314/3323
f 2774/3314/3323 2773/3315/3322 2776/3317/3324 2775/3316/3325
f 2775/3316/3325 2776/3317/3324 2778/3319/3326 2777/3318/3327
s 115
f 2777/3320/3328 2778/3323/3329 2795/3322/3330 2796/3321/3331
s 85
f 2780/3324/3332 2779/3327/3333 2782/3326/3334 2781/3325/3335
f 2781/3325/3335 2782/3326/3334 2783/3329/3336 2784/3328/3337
f 2784/3328/3337 2783/3329/3336 2785/3331/3338 2786/3330/3339
f 2786/3330/3339 2785/3331/3338 2787/3333/3340 2788/3332/3341
f 2788/3332/3341 2787/3333/3340 2790/3335/3342 2789/3334/3343
f 2789/3334/3343 2790/3335/3342 2791/3337/3344 2792/3336/3345
f 2792/3336/3345 2791/3337/3344 2794/3339/3346 2793/3338/3347
f 2793/3338/3347 2794/3339/3346 2796/3341/3348 2795/3340/3349
s 70
f 2548/3342/3350 2762/3302/3310 2763/3303/3313 2549/3343/3351
f 2550/3344/3352 2766/3306/3315 2767/3308/3317 2551/3345/3353
f 2552/3346/3354 2769/3310/3319 2771/3312/3321 2553/3347/3355
f 2554/3348/3356 2774/3314/3323 2775/3316/3325 2555/3349/3357
f 2551/3345/3353 2767/3308/3317 2769/3310/3319 2552/3346/3354
f 2549/3343/3351 2763/3303/3313 2766/3306/3315 2550/3344/3352
f 2553/3347/3355 2771/3312/3321 2774/3314/3323 2554/3348/3356
f 2555/3349/3357 2775/3316/3325 2777/3318/3327 2710/3350/3358
s 85
f 2351/3351/3359 2471/3352/3360 2782/3326/3334 2779/3327/3333
f 2354/3353/3361 2426/3354/3362 2785/3331/3338 2783/3329/3336
f 2357/3355/3363 2488/3356/3364 2790/3335/3342 2787/3333/3340
f 2360/3357/3365 2505/3358/3366 2794/3339/3346 2791/3337/3344
f 2426/3354/3362 2357/3355/3363 2787/3333/3340 2785/3331/3338
f 2471/3352/3360 2354/3353/3361 2783/3329/3336 2782/3326/3334
f 2488/3356/3364 2360/3357/3365 2791/3337/3344 2790/3335/3342
f 2505/3358/3366 2363/3359/3367 2796/3341/3348 2794/3339/3346
s 106
f 2351/3360/3368 2779/3300/3308 2762/3301/3307 2548/3361/3369
s 115
f 2796/3321/3331 2363/3363/3370 2710/3362/3371 2777/3320/3328
s 106
f 2797/3364/3372 2798/3367/3373 2815/3366/3374 2816/3365/3375
s 70
f 2798/3368/3376 2797/3371/3377 2800/3370/3378 2799/3369/3379
f 2799/3369/3379 2800/3370/3378 2801/3373/3380 2802/3372/3381
f 2802/3372/3381 2801/3373/3380 2804/3375/3382 2803/3374/3383
f 2803/3374/3383 2804/3375/3382 2805/3377/3384 2806/3376/3385
f 2806/3376/3385 2805/3377/3384 2808/3379/3386 2807/3378/3387
f 2807/3378/3387 2808/3379/3386 2809/3381/3388 2810/3380/3389
f 2810/3380/3389 2809/3381/3388 2812/3383/3390 2811/3382/3391
f 2811/3382/3391 2812/3383/3390 2814/3385/3392 2813/3384/3393
s 115
f 2813/3386/3394 2814/3389/3395 2831/3388/3396 2832/3387/3397
s 85
f 2816/3390/3398 2815/3393/3399 2818/3392/3400 2817/3391/3401
f 2817/3391/3401 2818/3392/3400 2819/3395/3402 2820/3394/3403
f 2820/3394/3403 2819/3395/3402 2822/3397/3404 2821/3396/3405
f 2821/3396/3405 2822/3397/3404 2823/3399/3406 2824/3398/3407
f 2824/3398/3407 2823/3399/3406 2826/3401/3408 2825/3400/3409
f 2825/3400/3409 2826/3401/3408 2827/3403/3410 2828/3402/3411
f 2828/3402/3411 2827/3403/3410 2830/3405/3412 2829/3404/3413
f 2829/3404/3413 2830/3405/3412 2832/3407/3414 2831/3406/3415
s 70
f 2509/2960/2967 2798/3368/3376 2799/3369/3379 2510/2959/2966
f 2511/2962/2969 2802/3372/3381 2803/3374/3383 2512/2961/2968
f 2513/2964/2971 2806/3376/3385 2807/3378/3387 2514/2963/2970
f 2515/2966/2973 2810/3380/3389 2811/3382/3391 2516/2965/2972
f 2809/3381/3388 2554/3348/3416 2555/3349/3417 2812/3383/3390
f 2805/3377/3384 2552/3346/3418 2553/3347/3419 2808/3379/3386
f 2801/3373/3380 2550/3344/3420 2551/3345/3421 2804/3375/3382
f 2797/3371/3377 2548/3342/3422 2549/3343/3423 2800/3370/3378
f 2804/3375/3382 2551/3345/3421 2552/3346/3418 2805/3377/3384
f 2512/2961/2968 2803/3374/3383 2806/3376/3385 2513/2964/2971
f 2800/3370/3378 2549/3343/3423 2550/3344/3420 2801/3373/3380
f 2510/2959/2966 2799/3369/3379 2802/3372/3381 2511/2962/2969
f 2808/3379/3386 2553/3347/3419 2554/3348/3416 2809/3381/3388
f 2514/2963/2970 2807/3378/3387 2810/3380/3389 2515/2966/2973
f 2812/3383/3390 2555/3349/3417 2710/3350/3424 2814/3385/3392
f 2516/2965/2972 2811/3382/3391 2813/3384/3393 2711/2988/2995
s 85
f 2350/3119/3126 2472/3118/3125 2818/3392/3400 2815/3393/3399
f 2353/3121/3128 2427/3120/3127 2822/3397/3404 2819/3395/3402
f 2356/3123/3130 2489/3122/3129 2826/3401/3408 2823/3399/3406
f 2359/3125/3132 2506/3124/3131 2830/3405/3412 2827/3403/3410
f 2828/3402/3411 2829/3404/3413 2505/3358/3366 2360/3357/3365
f 2824/3398/3407 2825/3400/3409 2488/3356/3364 2357/3355/3363
f 2820/3394/3403 2821/3396/3405 2426/3354/3362 2354/3353/3361
f 2816/3390/3398 2817/3391/3401 2471/3352/3360 2351/3351/3359
f 2821/3396/3405 2824/3398/3407 2357/3355/3363 2426/3354/3362
f 2427/3120/3127 2356/3123/3130 2823/3399/3406 2822/3397/3404
f 2817/3391/3401 2820/3394/3403 2354/3353/3361 2471/3352/3360
f 2472/3118/3125 2353/3121/3128 2819/3395/3402 2818/3392/3400
f 2825/3400/3409 2828/3402/3411 2360/3357/3365 2488/3356/3364
f 2489/3122/3129 2359/3125/3132 2827/3403/3410 2826/3401/3408
f 2829/3404/3413 2831/3406/3415 2363/3359/3367 2505/3358/3366
f 2506/3124/3131 2362/3141/3148 2832/3407/3414 2830/3405/3412
s 106
f 2350/3201/3210 2815/3366/3374 2798/3367/3373 2509/3200/3211
f 2816/3365/3375 2351/3360/3368 2548/3361/3369 2797/3364/3372
s 115
f 2363/3363/3370 2831/3388/3396 2814/3389/3395 2710/3362/3371
f 2832/3387/3397 2362/3241/3254 2711/3242/3257 2813/3386/3394
s 70
f 2833/3408/3425 2834/3411/3426 2836/3410/3427 2835/3409/3428
f 2834/3411/3426 2833/3408/3425 2849/3413/3429 2850/3412/3430
f 2835/3409/3428 2836/3410/3427 2838/3415/3431 2837/3414/3432
f 2837/3414/3432 2838/3415/3431 2840/3417/3433 2839/3416/3434
f 2839/3416/3434 2840/3417/3433 2842/3419/3435 2841/3418/3436
f 2841/3418/3436 2842/3419/3435 2844/3421/3437 2843/3420/3438
f 2843/3420/3438 2844/3421/3437 2846/3423/3439 2845/3422/3440
f 2845/3422/3440 2846/3423/3439 2848/3425/3441 2847/3424/3442
s 106
f 2847/3426/3443 2848/3429/3444 2864/3428/3445 2863/3427/3446
s 115
f 2850/3430/3447 2849/3433/3448 2867/3432/3449 2868/3431/3450
s 85
f 2851/3434/3451 2852/3437/3452 2854/3436/3453 2853/3435/3454
f 2852/3437/3452 2851/3434/3451 2857/3439/3455 2858/3438/3456
f 2853/3435/3454 2854/3436/3453 2868/3441/3457 2867/3440/3458
f 2855/3442/3459 2856/3443/3460 2858/3438/3456 2857/3439/3455
f 2856/3443/3460 2855/3442/3459 2861/3445/3461 2862/3444/3462
f 2859/3446/3463 2860/3447/3464 2862/3444/3462 2861/3445/3461
f 2860/3447/3464 2859/3446/3463 2865/3449/3465 2866/3448/3466
f 2863/3450/3467 2864/3451/3468 2866/3448/3466 2865/3449/3465
s 70
f 2605/2864/2873 2604/2865/2872 2833/3408/3425 2835/3409/3428
f 2607/2868/2877 2606/2869/2876 2837/3414/3432 2839/3416/3434
f 2609/2872/2881 2608/2873/2880 2841/3418/3436 2843/3420/3438
f 2611/2876/2885 2610/2877/2884 2845/3422/3440 2847/3424/3442
f 2841/3418/3436 2608/2873/2880 2607/2868/2877 2839/3416/3434
f 2845/3422/3440 2610/2877/2884 2609/2872/2881 2843/3420/3438
f 2837/3414/3432 2606/2869/2876 2605/2864/2873 2835/3409/3428
f 2833/3408/3425 2604/2865/2872 2709/2986/2993 2849/3413/3429
s 85
f 2390/3452/3101 2851/3434/3451 2853/3435/3454 2504/3453/3102
f 2391/3454/3103 2855/3442/3459 2857/3439/3455 2487/3455/3104
f 2392/3456/3106 2859/3446/3463 2861/3445/3461 2425/3457/3105
f 2393/3458/3107 2863/3450/3467 2865/3449/3465 2470/3459/3108
f 2861/3445/3461 2855/3442/3459 2391/3454/3103 2425/3457/3105
f 2865/3449/3465 2859/3446/3463 2392/3456/3106 2470/3459/3108
f 2857/3439/3455 2851/3434/3451 2390/3452/3101 2487/3455/3104
f 2853/3435/3454 2867/3440/3458 2389/3460/3146 2504/3453/3102
s 106
f 2863/3427/3446 2393/3162/3170 2611/3163/3173 2847/3426/3443
s 115
f 2389/3231/3252 2867/3432/3449 2849/3433/3448 2709/3240/3253
s 70
f 2846/3423/3439 2764/3304/3312 2761/3305/3311 2848/3425/3441
f 2768/3309/3316 2765/3307/3314 2844/3421/3437 2842/3419/3435
f 2770/3311/3318 2768/3309/3316 2842/3419/3435 2840/3417/3433
f 2838/3415/3431 2772/3313/3320 2770/3311/3318 2840/3417/3433
f 2834/3411/3426 2776/3317/3324 2773/3315/3322 2836/3410/3427
f 2765/3307/3314 2764/3304/3312 2846/3423/3439 2844/3421/3437
f 2773/3315/3322 2772/3313/3320 2838/3415/3431 2836/3410/3427
f 2778/3319/3326 2776/3317/3324 2834/3411/3426 2850/3412/3430
s 85
f 2866/3448/3466 2864/3451/3468 2780/3324/3332 2781/3325/3335
f 2786/3330/3339 2862/3444/3462 2860/3447/3464 2784/3328/3337
f 2788/3332/3341 2856/3443/3460 2862/3444/3462 2786/3330/3339
f 2858/3438/3456 2856/3443/3460 2788/3332/3341 2789/3334/3343
f 2854/3436/3453 2852/3437/3452 2792/3336/3345 2793/3338/3347
f 2784/3328/3337 2860/3447/3464 2866/3448/3466 2781/3325/3335
f 2792/3336/3345 2852/3437/3452 2858/3438/3456 2789/3334/3343
f 2795/3340/3349 2868/3441/3457 2854/3436/3453 2793/3338/3347
s 106
f 2780/3299/3309 2864/3428/3445 2848/3429/3444 2761/3298/3306
s 115
f 2868/3431/3450 2795/3322/3330 2778/3323/3329 2850/3430/3447
s 125
f 2978/3461/3469 2979/3463/3470 2999/3462/3471
f 2992/3464/3472 2991/3466/3473 3000/3465/3474
f 2895/3467/3475 2897/3470/3476 2898/3469/3477 2896/3468/3478
f 2896/3468/3478 2904/3472/3479 2903/3471/3480 2895/3467/3475
f 2897/3473/3476 2943/3476/3481 2944/3475/3482 2898/3474/3477
f 2899/3477/3483 2905/3480/3484 2906/3479/3485 2900/3478/3486
f 2900/3478/3486 2902/3482/3487 2901/3481/3488 2899/3477/3483
f 2902/3483/3487 2946/3486/3489 2945/3485/3490 2901/3484/3488
f 2904/3472/3479 2908/3488/3491 2907/3487/3492 2903/3471/3480
f 2905/3480/3484 2909/3490/3493 2910/3489/3494 2906/3479/3485
f 2908/3488/3491 2912/3492/3495 2911/3491/3496 2907/3487/3492
f 2909/3490/3493 2913/3494/3497 2914/3493/3498 2910/3489/3494
f 2912/3492/3495 2916/3496/3499 2915/3495/3500 2911/3491/3496
f 2913/3494/3497 2917/3498/3501 2918/3497/3502 2914/3493/3498
f 2916/3496/3499 2920/3500/3503 2919/3499/3504 2915/3495/3500
f 2917/3498/3501 2921/3502/3505 2922/3501/3506 2918/3497/3502
f 2920/3500/3503 2924/3504/3507 2923/3503/3508 2919/3499/3504
f 2921/3502/3505 2925/3506/3509 2926/3505/3510 2922/3501/3506
f 2924/3504/3507 2928/3508/3511 2927/3507/3512 2923/3503/3508
f 2925/3506/3509 2929/3510/3513 2930/3509/3514 2926/3505/3510
f 2928/3508/3511 2932/3512/3515 2931/3511/3516 2927/3507/3512
f 2929/3510/3513 2933/3514/3517 2934/3513/3518 2930/3509/3514
f 2932/3512/3515 2936/3516/3519 2935/3515/3520 2931/3511/3516
f 2933/3514/3517 2937/3518/3521 2938/3517/3522 2934/3513/3518
f 2936/3516/3519 2940/3520/3523 2939/3519/3524 2935/3515/3520
f 2937/3518/3521 2941/3522/3525 2942/3521/3526 2938/3517/3522
f 2940/3520/3523 2944/3475/3482 2943/3476/3481 2939/3519/3524
f 2941/3522/3525 2945/3485/3490 2946/3486/3489 2942/3521/3526
f 2947/3523/3527 2971/3526/3528 2972/3525/3529 2948/3524/3530
f 2948/3524/3530 2950/3528/3531 2949/3527/3532 2947/3523/3527
f 2950/3529/3531 2952/3532/3533 2951/3531/3534 2949/3530/3532
f 2952/3532/3533 2954/3534/3535 2953/3533/3536 2951/3531/3534
f 2954/3534/3535 2956/3536/3537 2955/3535/3538 2953/3533/3536
f 2956/3536/3537 2958/3538/3539 2957/3537/3540 2955/3535/3538
f 2958/3538/3539 2960/3540/3541 2959/3539/3542 2957/3537/3540
f 2960/3540/3541 2962/3542/3543 2961/3541/3544 2959/3539/3542
f 2962/3542/3543 2964/3544/3545 2963/3543/3546 2961/3541/3544
f 2964/3544/3545 2966/3546/3547 2965/3545/3548 2963/3543/3546
f 2966/3546/3547 2968/3548/3549 2967/3547/3550 2965/3545/3548
f 2968/3548/3549 2970/3550/3551 2969/3549/3552 2967/3547/3550
f 2970/3550/3551 2972/3525/3529 2971/3526/3528 2969/3549/3552
f 2895/3467/3475 2899/3477/3483 2901/3481/3488 2897/3470/3476
f 2903/3471/3480 2905/3480/3484 2899/3477/3483 2895/3467/3475
f 2907/3487/3492 2909/3490/3493 2905/3480/3484 2903/3471/3480
f 2911/3491/3496 2913/3494/3497 2909/3490/3493 2907/3487/3492
f 2915/3495/3500 2917/3498/3501 2913/3494/3497 2911/3491/3496
f 2919/3499/3504 2921/3502/3505 2917/3498/3501 2915/3495/3500
f 2923/3503/3508 2925/3506/3509 2921/3502/3505 2919/3499/3504
f 2927/3507/3512 2929/3510/3513 2925/3506/3509 2923/3503/3508
f 2931/3511/3516 2933/3514/3517 2929/3510/3513 2927/3507/3512
f 2935/3515/3520 2937/3518/3521 2933/3514/3517 2931/3511/3516
f 2939/3519/3524 2941/3522/3525 2937/3518/3521 2935/3515/3520
f 2943/3476/3481 2945/3485/3490 2941/3522/3525 2939/3519/3524
f 2901/3484/3488 2945/3485/3490 2943/3476/3481 2897/3473/3476
f 2869/3551/3553 2947/3523/3527 2949/3527/3532 2870/3552/3554
f 2870/3553/3554 2949/3530/3532 2951/3531/3534 2871/3554/3555
f 2871/3554/3555 2951/3531/3534 2953/3533/3536 2872/3555/3556
f 2872/3555/3556 2953/3533/3536 2955/3535/3538 2873/3556/3557
f 2873/3556/3557 2955/3535/3538 2957/3537/3540 2874/3557/3558
f 2874/3557/3558 2957/3537/3540 2959/3539/3542 2875/3558/3559
f 2875/3558/3559 2959/3539/3542 2961/3541/3544 2876/3559/3560
f 2876/3559/3560 2961/3541/3544 2963/3543/3546 2877/3560/3561
f 2877/3560/3561 2963/3543/3546 2965/3545/3548 2878/3561/3562
f 2878/3561/3562 2965/3545/3548 2967/3547/3550 2879/3562/3563
f 2879/3562/3563 2967/3547/3550 2969/3549/3552 2880/3563/3564
f 2880/3563/3564 2969/3549/3552 2971/3526/3528 2881/3564/3565
f 2881/3564/3565 2971/3526/3528 2947/3523/3527 2869/3551/3553
f 2906/3479/3485 2894/3566/3566 2882/3565/3567 2900/3478/3486
f 2910/3489/3494 2893/3567/3568 2894/3566/3566 2906/3479/3485
f 2914/3493/3498 2892/3568/3569 2893/3567/3568 2910/3489/3494
f 2918/3497/3502 2891/3569/3570 2892/3568/3569 2914/3493/3498
f 2922/3501/3506 2890/3570/3571 2891/3569/3570 2918/3497/3502
f 2926/3505/3510 2889/3571/3572 2890/3570/3571 2922/3501/3506
f 2930/3509/3514 2888/3572/3573 2889/3571/3572 2926/3505/3510
f 2934/3513/3518 2887/3573/3574 2888/3572/3573 2930/3509/3514
f 2938/3517/3522 2886/3574/3575 2887/3573/3574 2934/3513/3518
f 2942/3521/3526 2885/3575/3576 2886/3574/3575 2938/3517/3522
f 2946/3486/3489 2884/3576/3577 2885/3575/3576 2942/3521/3526
f 2902/3483/3487 2883/3577/3578 2884/3576/3577 2946/3486/3489
f 2900/3478/3486 2882/3565/3567 2883/3578/3578 2902/3482/3487
f 2948/3524/3530 2896/3468/3478 2898/3469/3477 2950/3528/3531
f 2944/3475/3482 2952/3532/3533 2950/3529/3531 2898/3474/3477
f 2952/3532/3533 2944/3475/3482 2940/3520/3523 2954/3534/3535
f 2954/3534/3535 2940/3520/3523 2936/3516/3519 2956/3536/3537
f 2956/3536/3537 2936/3516/3519 2932/3512/3515 2958/3538/3539
f 2958/3538/3539 2932/3512/3515 2928/3508/3511 2960/3540/3541
f 2960/3540/3541 2928/3508/3511 2924/3504/3507 2962/3542/3543
f 2962/3542/3543 2924/3504/3507 2920/3500/3503 2964/3544/3545
f 2964/3544/3545 2920/3500/3503 2916/3496/3499 2966/3546/3547
f 2966/3546/3547 2916/3496/3499 2912/3492/3495 2968/3548/3549
f 2968/3548/3549 2912/3492/3495 2908/3488/3491 2970/3550/3551
f 2970/3550/3551 2908/3488/3491 2904/3472/3479 2972/3525/3529
f 2972/3525/3529 2904/3472/3479 2896/3468/3478 2948/3524/3530
f 2869/3579/3553 2973/3582/3579 2985/3581/3580 2881/3580/3565
f 2881/3580/3565 2985/3581/3580 2984/3584/3581 2880/3583/3564
f 2880/3583/3564 2984/3584/3581 2983/3586/3582 2879/3585/3563
f 2879/3585/3563 2983/3586/3582 2982/3588/3583 2878/3587/3562
f 2878/3587/3562 2982/3588/3583 2981/3590/3584 2877/3589/3561
f 2877/3589/3561 2981/3590/3584 2980/3592/3585 2876/3591/3560
f 2876/3591/3560 2980/3592/3585 2979/3463/3470 2875/3593/3559
f 2875/3593/3559 2979/3463/3470 2978/3461/3469 2874/3594/3558
f 2874/3594/3558 2978/3461/3469 2977/3596/3586 2873/3595/3557
f 2873/3595/3557 2977/3596/3586 2976/3598/3587 2872/3597/3556
f 2872/3597/3556 2976/3598/3587 2975/3600/3588 2871/3599/3555
f 2871/3599/3555 2975/3600/3588 2974/3602/3589 2870/3601/3554
f 2870/3601/3554 2974/3602/3589 2973/3582/3579 2869/3579/3553
f 2894/3603/3566 2998/3606/3590 2987/3605/3591 2882/3604/3567
f 2882/3604/3567 2987/3605/3591 2986/3608/3592 2883/3607/3578
f 2883/3607/3578 2986/3608/3592 2988/3610/3593 2884/3609/3577
f 2884/3609/3577 2988/3610/3593 2989/3612/3594 2885/3611/3576
f 2885/3611/3576 2989/3612/3594 2990/3614/3595 2886/3613/3575
f 2886/3613/3575 2990/3614/3595 2991/3466/3473 2887/3615/3574
f 2887/3615/3574 2991/3466/3473 2992/3464/3472 2888/3616/3573
f 2888/3616/3573 2992/3464/3472 2993/3618/3596 2889/3617/3572
f 2889/3617/3572 2993/3618/3596 2994/3620/3597 2890/3619/3571
f 2890/3619/3571 2994/3620/3597 2995/3622/3598 2891/3621/3570
f 2891/3621/3570 2995/3622/3598 2996/3624/3599 2892/3623/3569
f 2892/3623/3569 2996/3624/3599 2997/3626/3600 2893/3625/3568
f 2893/3625/3568 2997/3626/3600 2998/3606/3590 2894/3603/3566
f 2985/3581/3580 2999/3462/3471 2984/3584/3581
f 2999/3462/3471 2983/3586/3582 2984/3584/3581
f 2999/3462/3471 2982/3588/3583 2983/3586/3582
f 2999/3462/3471 2981/3590/3584 2982/3588/3583
f 2999/3462/3471 2980/3592/3585 2981/3590/3584
f 2999/3462/3471 2979/3463/3470 2980/3592/3585
f 2977/3596/3586 2978/3461/3469 2999/3462/3471
f 2976/3598/3587 2977/3596/3586 2999/3462/3471
f 2975/3600/3588 2976/3598/3587 2999/3462/3471
f 2974/3602/3589 2975/3600/3588 2999/3462/3471
f 2973/3582/3579 2974/3602/3589 2999/3462/3471
f 2985/3581/3580 2973/3582/3579 2999/3462/3471
f 2998/3606/3590 3000/3465/3474 2987/3605/3591
f 3000/3465/3474 2986/3608/3592 2987/3605/3591
f 3000/3465/3474 2988/3610/3593 2986/3608/3592
f 3000/3465/3474 2989/3612/3594 2988/3610/3593
f 3000/3465/3474 2990/3614/3595 2989/3612/3594
f 3000/3465/3474 2991/3466/3473 2990/3614/3595
f 2993/3618/3596 2992/3464/3472 3000/3465/3474
f 2994/3620/3597 2993/3618/3596 3000/3465/3474
f 2995/3622/3598 2994/3620/3597 3000/3465/3474
f 2996/3624/3599 2995/3622/3598 3000/3465/3474
f 2997/3626/3600 2996/3624/3599 3000/3465/3474
f 2998/3606/3590 2997/3626/3600 3000/3465/3474
